path,bytes,sha256
data/reference/data/RTS-GMLC-v0.2.3/README.md,4778,9643002ac6b0d0eb85351c8477a3155ec082fd0583a17fb20b9756bc17ecba63
data/reference/data/RTS-GMLC-v0.2.3/RTS-GMLC.txt,6222,00fead4c7dfdf69cc1da222f04aa75e5105c7250c109b3c207a5fdc443c753ea
data/reference/data/RTS-GMLC-v0.2.3/RTS-GMLC_updates.md,7625,825d4e8de3e8e2e1daf5e4fa56f56c4b947d8446c4f165a778ffbc1cd2d25f70
data/reference/data/RTS-GMLC-v0.2.3/RTS_Data/SourceData/README.md,16598,f0d8963335862faf6608144bf81aa8027241d669dd52aba0960501f374ef9ae3
data/reference/data/RTS-GMLC-v0.2.3/RTS_Data/SourceData/branch.csv,7142,e92d16d13b1c5d2899f7871c0c99c3eb94605528beef157bf9e1ccbcffe5ef4e
data/reference/data/RTS-GMLC-v0.2.3/RTS_Data/SourceData/bus.csv,7003,cec3f776222812d43eaeaf7ac85b577719dc565f354a04e120c12a647ddb710e
data/reference/data/RTS-GMLC-v0.2.3/RTS_Data/SourceData/gen.csv,32451,988466f29132b73739de60c9204dd4a2a9ceb0adf572e5966c086611272f4068
data/reference/data/RTS-GMLC-v0.2.3/RTS_Data/SourceData/timeseries_pointers.csv,27251,0854ba0c63d4973e8818c91c2328869e379bb0140520d4586f4ffddf387aca0d
data/reference/data/RTS-GMLC-v0.2.3/RTS_Data/timeseries_data_files/CSP/DAY_AHEAD_Natural_Inflow.csv,140855,0c54ae19d17dfb63edaa81df2cf006c0d1b1df759a4ab6aca692bfeffa0490ac
data/reference/data/RTS-GMLC-v0.2.3/RTS_Data/timeseries_data_files/CSP/REAL_TIME_Natural_Inflow.csv,1876476,c3af860fac8ad4b7034f8022a4eca8ac61d9976a3c76995384d893d1f4d12cfe
data/reference/data/RTS-GMLC-v0.2.3/RTS_Data/timeseries_data_files/Hydro/DAY_AHEAD_hydro.csv,934239,4030660920df850138472c5561322c71e5037813c8e3232d3f9bde512a40606d
data/reference/data/RTS-GMLC-v0.2.3/RTS_Data/timeseries_data_files/Hydro/DAY_AHEAD_hydro_inflow.csv,934539,4616a47eaf08be477223b6c75d4172d070d78b6b405e4270f664b0430414927a
data/reference/data/RTS-GMLC-v0.2.3/RTS_Data/timeseries_data_files/Hydro/REAL_TIME_hydro.csv,13789181,31aeba06942da192e7926eef46dca2a1a52e76aab6c929836fb212459ee73bb1
data/reference/data/RTS-GMLC-v0.2.3/RTS_Data/timeseries_data_files/Hydro/REAL_TIME_hydro_inflow.csv,13789481,6c2cbedf710f26587e3b20dc19040419049e66517038d5953701f9efd3dc8a3d
data/reference/data/RTS-GMLC-v0.2.3/RTS_Data/timeseries_data_files/Load/DAY_AHEAD_regional_Load.csv,423702,7a9470d32d49068a91334cb36db54cceb2feb5cb1f702b0fa0847af8bac6cf21
data/reference/data/RTS-GMLC-v0.2.3/RTS_Data/timeseries_data_files/Load/REAL_TIME_regional_Load.csv,5181939,462888ae357239ec63bd22b96863900259a9849743df0ca6711ceb5a6d53da57
data/reference/data/RTS-GMLC-v0.2.3/RTS_Data/timeseries_data_files/Load/origin/APS_Promod_2020.csv,48009,ad4978798eb81e21c7e063c5ec753a539efb9ea6f9acfb307ec22d25dbf5714a
data/reference/data/RTS-GMLC-v0.2.3/RTS_Data/timeseries_data_files/Load/origin/LDWP_Promod_2020.csv,48009,cd7e96feff4ab16f2f637b65277c11901ebadfb0af42e9177ad627545e6751fd
data/reference/data/RTS-GMLC-v0.2.3/RTS_Data/timeseries_data_files/Load/origin/NEVP_Promod_2020.csv,48009,8c1b3f00ff02668f290e6f934a9b7acb1deb511c0c1843fd4404607ab7cf1228
data/reference/data/RTS-GMLC-v0.2.3/RTS_Data/timeseries_data_files/Load/origin/RT_APS_Promod_2020.csv,532110,1c74cc11adf066fe1a6d300006cdaa808e4bca6251fa8ce0cc3c9f19c2a32e79
data/reference/data/RTS-GMLC-v0.2.3/RTS_Data/timeseries_data_files/Load/origin/RT_LDWP_Promod_2020.csv,532110,618594f342c45d4f804c53605fa3459bab17c89bee11b91e4884b04a890e6c90
data/reference/data/RTS-GMLC-v0.2.3/RTS_Data/timeseries_data_files/Load/origin/RT_NEVP_Promod_2020.csv,532110,88132cbf7401f2bde393728b9294d5a622995ded24181ac361782ac250915586
data/reference/data/RTS-GMLC-v0.2.3/RTS_Data/timeseries_data_files/PV/DAY_AHEAD_pv.csv,842651,bfede6e558df5ea0f244b6326940a4ee0b95138643aa8a062897c67134c9c185
data/reference/data/RTS-GMLC-v0.2.3/RTS_Data/timeseries_data_files/PV/REAL_TIME_pv.csv,10163294,ae45e0114d88302520acae1c7bb278e3fdfd2691a932c13667f60a27145e0836
data/reference/data/RTS-GMLC-v0.2.3/RTS_Data/timeseries_data_files/README.md,3275,9a8abae13396b0c1d3bf037152f5c5ab1a08aa0ef45367199ea592effcc26021
data/reference/data/RTS-GMLC-v0.2.3/RTS_Data/timeseries_data_files/RTPV/DAY_AHEAD_rtpv.csv,935828,13a6933c2e0a513e1a453143876dadef6977e6add7701a21f56fe6a753afce42
data/reference/data/RTS-GMLC-v0.2.3/RTS_Data/timeseries_data_files/RTPV/REAL_TIME_rtpv.csv,11294395,7e9e55170dcd2be97df0a01c39b643dc5935809de0ac56b3adf198cc6049672d
data/reference/data/RTS-GMLC-v0.2.3/RTS_Data/timeseries_data_files/WIND/DAY_AHEAD_wind.csv,279519,6a1a8dc7d10a518523b3b319902ecc1ca1c400223832b26c6edb3a6e69d01dbc
data/reference/data/RTS-GMLC-v0.2.3/RTS_Data/timeseries_data_files/WIND/REAL_TIME_wind.csv,3513232,fc88ecb030cec9e60a796dae9c6139855640c0fca1aa7cc76e821de24d38efb4
data/reference/data/RTS-GMLC-v0.2.3/manifest.json,10722,03c47db8cbc2e150f047a204b516c9b62dc3553ed4ac2832a3b2aa1d156ea891
data/reference/data/industrial_case_parameters_v15.json,5621,7136fda8c6427334aa99472649cf3cf43100644e898876c6fbf33f8be8025260
data/reference/figures/convergence_v19_data.npz,3281,be119de5f5b4e6b4765fad1e6446f16070171f3fb82079b08d6d2457456de656
data/reference/figures/convergence_v20_data.npz,3985,7e3783666a720d2432417c715f5984b27ce0e650fd4c6bfad5d7c4ccef915f53
data/reference/figures/dispatch_component_data.npz,5044,ecf91246af6be3b2eed88577a1f980ec4f93167cf96913ed10a593ed923185d9
data/reference/figures/public_comparison_plot_data.npz,22709,d9c7a6879453499f81a92624851b38363f2a15348e0a70801ac15e7134610eed
data/reference/figures/reference_carbon_heatmap_v19_data.npz,35004,89a46b8da0824618eabb8f6d2c2246c65106319a4bb9c6d407de2f8ba5b32569
data/reference/figures/reference_carbon_heatmap_v20_data.npz,34910,4bc9d9856e1888b5af2b7ee190642c4c190eef7d12108449d93c13628efabc75
data/reference/figures/reference_price_direct_v19_data.npz,1860,be9ea629df4230a651a1e31f968806be1e013199c52dfa4a0d399cca69d756d8
data/reference/figures/reference_price_direct_v20_data.npz,1872,a1fb1df0f32dde28fdc6dcb2c6167b96d0e073b8130a0144365b5d36a5ea9f90
data/reference/figures/revision_v12_plot_data.npz,294782,6ee9906bd8eff9272d271f5de5a69576624832f137655e09bee83ee75d5470ce
data/reference/figures/revision_v18_plot_data.npz,174265,21d24a380e0ef5b613353af63fe39b5871efe7e74bdb00eeb0fdb14383f1d1b3
data/reference/figures/revision_v20_plot_data.npz,271054,e874ee590a532e0c180dc1b523105b10016bbd3d2558372d57aa9d71ebcdeea4
data/reference/figures/shared_carbon_domain_data.npz,88296,4e660ae83262dcdc84acb5c40c1cf8f67330c1a2eadd97a3e94052b92cfaf5e9
data/reference/figures/spectral_geometry_samples.npz,104869,9f6db39b04d684c73a04d2efb2361597618f0fadbef06874f32c2ac767477ee0
data/reference/figures/stability_surface_data.npz,266271,b6b2dfb6cf2236edf0a8d17387ab9bc5d987b30560467c9e07790c8e2215a724
data/reference/figures/temperature_distribution_data.npz,23362,a2b5b1b79933c5aa777cfad31a75189cec6d5afd40ca7e658183a59646ea8786
data/reference/figures/temperature_distribution_v19_data.npz,295137,fb6b01ed3110b062164eb43fae1955a329d886778d83407501c873db3b62cf95
data/reference/figures/temperature_distribution_v20_data.npz,245420,561966385b6dfb6b4fc528a230556b6f819a05db39663a2c1297618ae140221f
data/reference/results/electric_carbon_outer_v28_2020-04-07/section_00.json,12389,ef0e578dae0e98ed7df1cb1045121dd4d506f6def6f94f3c3e98ec259d61ad28
data/reference/results/electric_carbon_outer_v28_2020-04-07/section_00.npz,22,8739c76e681f900923b900c9df0ef75cf421d39cabb54650c4b9ad19b6a76d85
data/reference/results/electric_carbon_outer_v28_2020-04-07/section_02.json,12377,113f5ac288d538a9466643a04296439868d674b3496ad253e39b7bf80ec50ddd
data/reference/results/electric_carbon_outer_v28_2020-04-07/section_02.npz,22,8739c76e681f900923b900c9df0ef75cf421d39cabb54650c4b9ad19b6a76d85
data/reference/results/electric_carbon_outer_v28_2020-04-07/section_04.json,12369,419ca0453f17be0e32df6deb13a7c53b127ea67412dc1eabea5de6c13fd022c7
data/reference/results/electric_carbon_outer_v28_2020-04-07/section_04.npz,22,8739c76e681f900923b900c9df0ef75cf421d39cabb54650c4b9ad19b6a76d85
data/reference/results/electric_carbon_outer_v28_2020-04-07/section_06.json,12401,7d59051ba9b1eb91d8d6c3b83340b625d0971d9f70b0d860a158ddcaa7cb63bd
data/reference/results/electric_carbon_outer_v28_2020-04-07/section_06.npz,22,8739c76e681f900923b900c9df0ef75cf421d39cabb54650c4b9ad19b6a76d85
data/reference/results/electric_carbon_outer_v28_2020-04-07/section_08.json,12376,d17edf5225c38ed42470b9a2449f5e4aa8e19dddf36d248a6093eab8cd209496
data/reference/results/electric_carbon_outer_v28_2020-04-07/section_08.npz,22,8739c76e681f900923b900c9df0ef75cf421d39cabb54650c4b9ad19b6a76d85
data/reference/results/electric_carbon_outer_v28_2020-04-07/section_10.json,12380,9c22ee20b1cd347cdf6e1331c7ff14b94c8d539a37b0fd9ff9910b33b61508b0
data/reference/results/electric_carbon_outer_v28_2020-04-07/section_10.npz,22,8739c76e681f900923b900c9df0ef75cf421d39cabb54650c4b9ad19b6a76d85
data/reference/results/electric_carbon_outer_v28_2020-04-07/section_12.json,12382,7c980bcbb6c8b5d19b268209e2b3cac935fa1635c90f7c58de660cae9a1128f9
data/reference/results/electric_carbon_outer_v28_2020-04-07/section_12.npz,22,8739c76e681f900923b900c9df0ef75cf421d39cabb54650c4b9ad19b6a76d85
data/reference/results/electric_carbon_outer_v28_2020-04-07/section_14.json,12414,5a987bab30525ad79ad9557a48c18c0c4a5c133524c158fe93268af582c74da9
data/reference/results/electric_carbon_outer_v28_2020-04-07/section_14.npz,22,8739c76e681f900923b900c9df0ef75cf421d39cabb54650c4b9ad19b6a76d85
data/reference/results/electric_carbon_outer_v28_2020-04-07/section_16.json,12367,63b1f34399a7b76c71cbbbdf7c10f252f4d1ff07b34f4c94aad51210a7d3f1a4
data/reference/results/electric_carbon_outer_v28_2020-04-07/section_16.npz,22,8739c76e681f900923b900c9df0ef75cf421d39cabb54650c4b9ad19b6a76d85
data/reference/results/electric_carbon_outer_v28_2020-04-07/section_18.json,12379,b7561083dd2c8ffdc80d826653f6ad57e6ef17abaa74cec08d4bdadfa9339e46
data/reference/results/electric_carbon_outer_v28_2020-04-07/section_18.npz,22,8739c76e681f900923b900c9df0ef75cf421d39cabb54650c4b9ad19b6a76d85
data/reference/results/electric_carbon_outer_v28_2020-04-07/section_20.json,11942,ce1be138600a5cc848b5ff57758bf14b62d0bab3ed764cc23ac6d3dabeb5f567
data/reference/results/electric_carbon_outer_v28_2020-04-07/section_20.npz,22,8739c76e681f900923b900c9df0ef75cf421d39cabb54650c4b9ad19b6a76d85
data/reference/results/electric_carbon_outer_v28_2020-04-07/section_22.json,11942,ab50cbbb6da533235b356e2fd0e31865c7bf843971ae7be9cd31ae10bc5f0c20
data/reference/results/electric_carbon_outer_v28_2020-04-07/section_22.npz,22,8739c76e681f900923b900c9df0ef75cf421d39cabb54650c4b9ad19b6a76d85
data/reference/results/electric_carbon_outer_v28_2020-04-07/section_24.json,11891,848df0098f4bb76d8940af4dc74ba0eaf3af1bad318dd22981a1abda59c12666
data/reference/results/electric_carbon_outer_v28_2020-04-07/section_24.npz,22,8739c76e681f900923b900c9df0ef75cf421d39cabb54650c4b9ad19b6a76d85
data/reference/results/electric_carbon_outer_v28_2020-04-07/section_26.json,11943,b3bbea36f09e87cee5fc6dcbcc7926ff3ffca6e595b962a15ad137d4e8b45a2d
data/reference/results/electric_carbon_outer_v28_2020-04-07/section_26.npz,22,8739c76e681f900923b900c9df0ef75cf421d39cabb54650c4b9ad19b6a76d85
data/reference/results/electric_carbon_outer_v28_2020-04-07/section_28.json,11934,e62b0741d25fd95d04fc92bdfe8402ef2670bdf7e09c8b6b7008c1d047b3ffd1
data/reference/results/electric_carbon_outer_v28_2020-04-07/section_28.npz,22,8739c76e681f900923b900c9df0ef75cf421d39cabb54650c4b9ad19b6a76d85
data/reference/results/electric_carbon_outer_v28_2020-04-07/section_30.json,11914,f13e1cff6fc9b2f99903f61435fc2c14b9f206fb4427687739aac1ece3d833dd
data/reference/results/electric_carbon_outer_v28_2020-04-07/section_30.npz,22,8739c76e681f900923b900c9df0ef75cf421d39cabb54650c4b9ad19b6a76d85
data/reference/results/electric_carbon_outer_v28_2020-04-07/section_32.json,11913,65c055476a6e442b98f4b22c67f5f7888ebea110a3ebc7dff63da38ce882b2f3
data/reference/results/electric_carbon_outer_v28_2020-04-07/section_32.npz,22,8739c76e681f900923b900c9df0ef75cf421d39cabb54650c4b9ad19b6a76d85
data/reference/results/electric_carbon_outer_v28_2020-04-07/section_34.json,11906,0746613d655bc3f4646b2db92f4f943a6b69d4ab17d334201c6a7b0d1a15b539
data/reference/results/electric_carbon_outer_v28_2020-04-07/section_34.npz,22,8739c76e681f900923b900c9df0ef75cf421d39cabb54650c4b9ad19b6a76d85
data/reference/results/electric_carbon_outer_v28_2020-04-07/section_36.json,12306,014dbc43598d6b6ac57fffa0a81f3a1e087b34849525289121b2fd83bbc2125b
data/reference/results/electric_carbon_outer_v28_2020-04-07/section_36.npz,22,8739c76e681f900923b900c9df0ef75cf421d39cabb54650c4b9ad19b6a76d85
data/reference/results/electric_carbon_outer_v28_2020-04-07/section_38.json,12310,068c5b4c1b613d76a981796f80bab4d08d3e747bbd8454e30617d332374a2db4
data/reference/results/electric_carbon_outer_v28_2020-04-07/section_38.npz,22,8739c76e681f900923b900c9df0ef75cf421d39cabb54650c4b9ad19b6a76d85
data/reference/results/electric_carbon_outer_v28_2020-04-07/section_40.json,11954,3eb5c4115566d22ebb5bbe3d3de2f7691aefc5320c474860556d7a53ee661c76
data/reference/results/electric_carbon_outer_v28_2020-04-07/section_40.npz,22,8739c76e681f900923b900c9df0ef75cf421d39cabb54650c4b9ad19b6a76d85
data/reference/results/electric_carbon_outer_v28_2020-04-07/section_42.json,11935,6a754b49650db0560c80635dcbbdcafcfb6a26e72fd9045b691e3a9a3ca5f45c
data/reference/results/electric_carbon_outer_v28_2020-04-07/section_42.npz,22,8739c76e681f900923b900c9df0ef75cf421d39cabb54650c4b9ad19b6a76d85
data/reference/results/electric_carbon_outer_v28_2020-04-07/section_44.json,12417,3b8fb5519aefebef8be46e1a8fd85a1a6bedcfdeb0f35456356fadc7ecd9284f
data/reference/results/electric_carbon_outer_v28_2020-04-07/section_44.npz,22,8739c76e681f900923b900c9df0ef75cf421d39cabb54650c4b9ad19b6a76d85
data/reference/results/electric_carbon_outer_v28_2020-04-07/section_46.json,12399,82011421f753c74ec92a4040819089e7e7afd02f40d86c9be618ab520a303e34
data/reference/results/electric_carbon_outer_v28_2020-04-07/section_46.npz,22,8739c76e681f900923b900c9df0ef75cf421d39cabb54650c4b9ad19b6a76d85
data/reference/results/electric_carbon_outer_v28_2020-10-17/section_00.json,11935,e88a14a3e8c4b1c10610066ef8adab743a11fbbf37caf734bc3dd25106845ffd
data/reference/results/electric_carbon_outer_v28_2020-10-17/section_00.npz,22,8739c76e681f900923b900c9df0ef75cf421d39cabb54650c4b9ad19b6a76d85
data/reference/results/electric_carbon_outer_v28_2020-10-17/section_02.json,11945,b01b4820e71d71317599798577298bf4e99550af4348a16b2fdb738170d4f237
data/reference/results/electric_carbon_outer_v28_2020-10-17/section_02.npz,22,8739c76e681f900923b900c9df0ef75cf421d39cabb54650c4b9ad19b6a76d85
data/reference/results/electric_carbon_outer_v28_2020-10-17/section_04.json,11929,ab08196e96f5b2699ab8355ad54faad182b0f64f74c9e2821c725bbafad4d1e4
data/reference/results/electric_carbon_outer_v28_2020-10-17/section_04.npz,22,8739c76e681f900923b900c9df0ef75cf421d39cabb54650c4b9ad19b6a76d85
data/reference/results/electric_carbon_outer_v28_2020-10-17/section_06.json,11939,889459ed22a952a1b15293d4480e952eb5414f4ed5eda4f45ab813259a511fc2
data/reference/results/electric_carbon_outer_v28_2020-10-17/section_06.npz,22,8739c76e681f900923b900c9df0ef75cf421d39cabb54650c4b9ad19b6a76d85
data/reference/results/electric_carbon_outer_v28_2020-10-17/section_08.json,11903,3b6f4dc14bc9d5e79470a9e76abc32150d7e3088e986796be033e47167519b2b
data/reference/results/electric_carbon_outer_v28_2020-10-17/section_08.npz,22,8739c76e681f900923b900c9df0ef75cf421d39cabb54650c4b9ad19b6a76d85
data/reference/results/electric_carbon_outer_v28_2020-10-17/section_10.json,11932,17d7e667754d3dee5e233ca20e58e99252c09a0fc5f63f96cb5dc54fcf7c142f
data/reference/results/electric_carbon_outer_v28_2020-10-17/section_10.npz,22,8739c76e681f900923b900c9df0ef75cf421d39cabb54650c4b9ad19b6a76d85
data/reference/results/electric_carbon_outer_v28_2020-10-17/section_12.json,11918,beca0a25caa4f9dfc5478e0679111d8b624b5d8cb605bb7ce92ff33d5de6ce0c
data/reference/results/electric_carbon_outer_v28_2020-10-17/section_12.npz,22,8739c76e681f900923b900c9df0ef75cf421d39cabb54650c4b9ad19b6a76d85
data/reference/results/electric_carbon_outer_v28_2020-10-17/section_14.json,11957,e4d10e0b064237e11dc060fde0cbfdbbe57bb2e91ad2f4817527af81c74d1eb8
data/reference/results/electric_carbon_outer_v28_2020-10-17/section_14.npz,22,8739c76e681f900923b900c9df0ef75cf421d39cabb54650c4b9ad19b6a76d85
data/reference/results/electric_carbon_outer_v28_2020-10-17/section_16.json,11917,47e31516eecc76a4c69a02579f5462a5c7baf88487af0fec172a47fbf0d291af
data/reference/results/electric_carbon_outer_v28_2020-10-17/section_16.npz,22,8739c76e681f900923b900c9df0ef75cf421d39cabb54650c4b9ad19b6a76d85
data/reference/results/electric_carbon_outer_v28_2020-10-17/section_18.json,11921,791f84b66f780c0833261a6b943a5770aa5bf51b118433fb8e4c22db241a6a68
data/reference/results/electric_carbon_outer_v28_2020-10-17/section_18.npz,22,8739c76e681f900923b900c9df0ef75cf421d39cabb54650c4b9ad19b6a76d85
data/reference/results/electric_carbon_outer_v28_2020-10-17/section_20.json,11935,821e63c92fd63c47ae455f23389b8a2e7175b0cd5909198c05f294ff787aae2e
data/reference/results/electric_carbon_outer_v28_2020-10-17/section_20.npz,22,8739c76e681f900923b900c9df0ef75cf421d39cabb54650c4b9ad19b6a76d85
data/reference/results/electric_carbon_outer_v28_2020-10-17/section_22.json,12403,3c99891e7a6bba17b4aaa21991f2dcb4c4c360c9e1ee104f561454de4a42c96d
data/reference/results/electric_carbon_outer_v28_2020-10-17/section_22.npz,22,8739c76e681f900923b900c9df0ef75cf421d39cabb54650c4b9ad19b6a76d85
data/reference/results/electric_carbon_outer_v28_2020-10-17/section_24.json,12355,3851d7ea0b2fb1021a160dcb018a48c24e49d40521f0b3e1f82b9b2d46276ae2
data/reference/results/electric_carbon_outer_v28_2020-10-17/section_24.npz,22,8739c76e681f900923b900c9df0ef75cf421d39cabb54650c4b9ad19b6a76d85
data/reference/results/electric_carbon_outer_v28_2020-10-17/section_26.json,12403,83207803e6186b87230ec7b2878df3c9e7cb380b2eb91d45267beee0a7979c1e
data/reference/results/electric_carbon_outer_v28_2020-10-17/section_26.npz,22,8739c76e681f900923b900c9df0ef75cf421d39cabb54650c4b9ad19b6a76d85
data/reference/results/electric_carbon_outer_v28_2020-10-17/section_28.json,12404,51c63b1c59faf33e4fb4fa1208f57f8ea5f006be96b7002fd21b2dbee6eca252
data/reference/results/electric_carbon_outer_v28_2020-10-17/section_28.npz,22,8739c76e681f900923b900c9df0ef75cf421d39cabb54650c4b9ad19b6a76d85
data/reference/results/electric_carbon_outer_v28_2020-10-17/section_30.json,11925,73ffd6c59d932bc1c9efdfc8ecde6c7711697b4a453c1a5e502f0c1d773a7817
data/reference/results/electric_carbon_outer_v28_2020-10-17/section_30.npz,22,8739c76e681f900923b900c9df0ef75cf421d39cabb54650c4b9ad19b6a76d85
data/reference/results/electric_carbon_outer_v28_2020-10-17/section_32.json,11911,51efc369fa9b30b697bc8487c965657635919bdee8f904bcfde865fa5201893b
data/reference/results/electric_carbon_outer_v28_2020-10-17/section_32.npz,22,8739c76e681f900923b900c9df0ef75cf421d39cabb54650c4b9ad19b6a76d85
data/reference/results/electric_carbon_outer_v28_2020-10-17/section_34.json,11915,5fb2593d1642b2bc72b7a9a803194bb749646f3b105091b60a0a631c1cb81c79
data/reference/results/electric_carbon_outer_v28_2020-10-17/section_34.npz,22,8739c76e681f900923b900c9df0ef75cf421d39cabb54650c4b9ad19b6a76d85
data/reference/results/electric_carbon_outer_v28_2020-10-17/section_36.json,11940,b39adf88f78bdcbc2bc80b76a084312faa3b1d3b60b972aad3fff30480beef00
data/reference/results/electric_carbon_outer_v28_2020-10-17/section_36.npz,22,8739c76e681f900923b900c9df0ef75cf421d39cabb54650c4b9ad19b6a76d85
data/reference/results/electric_carbon_outer_v28_2020-10-17/section_38.json,11941,9bd6d40d7dc0da0ffaee3718dd61063db7d74b6cc4246c33452bd6a3a6937633
data/reference/results/electric_carbon_outer_v28_2020-10-17/section_38.npz,22,8739c76e681f900923b900c9df0ef75cf421d39cabb54650c4b9ad19b6a76d85
data/reference/results/electric_carbon_outer_v28_2020-10-17/section_40.json,11932,61d8967bb83495c1e2195e7c508b389d9ecd978a45ba4a4518d4a5f61ff92809
data/reference/results/electric_carbon_outer_v28_2020-10-17/section_40.npz,22,8739c76e681f900923b900c9df0ef75cf421d39cabb54650c4b9ad19b6a76d85
data/reference/results/electric_carbon_outer_v28_2020-10-17/section_42.json,11932,a2174ee7b304a520559d09fca67d2bf8b3ab79a5c85688fa82256b6110e474fe
data/reference/results/electric_carbon_outer_v28_2020-10-17/section_42.npz,22,8739c76e681f900923b900c9df0ef75cf421d39cabb54650c4b9ad19b6a76d85
data/reference/results/electric_carbon_outer_v28_2020-10-17/section_44.json,11967,cee0285d62014910d24ce8fa224af0bca000fb1b3be730c8fe5eda36eb447866
data/reference/results/electric_carbon_outer_v28_2020-10-17/section_44.npz,22,8739c76e681f900923b900c9df0ef75cf421d39cabb54650c4b9ad19b6a76d85
data/reference/results/electric_carbon_outer_v28_2020-10-17/section_46.json,11937,21825859a9781e2f1c2b2cec13e995c2eef2bb40f92c9bbc6cdeb701dc473e6d
data/reference/results/electric_carbon_outer_v28_2020-10-17/section_46.npz,22,8739c76e681f900923b900c9df0ef75cf421d39cabb54650c4b9ad19b6a76d85
data/reference/results/electric_carbon_outer_v28_2020-11-29/section_00.json,12381,f45fa1da7d55480c05230fb4ed3bd077a9319ff4ab2dcafc262dc4f162e3a8de
data/reference/results/electric_carbon_outer_v28_2020-11-29/section_00.npz,22,8739c76e681f900923b900c9df0ef75cf421d39cabb54650c4b9ad19b6a76d85
data/reference/results/electric_carbon_outer_v28_2020-11-29/section_02.json,12372,689a16c2dab3ab3d57b36c7544cfebb06d07a63d51d1df0fe96e734ce4692e5d
data/reference/results/electric_carbon_outer_v28_2020-11-29/section_02.npz,22,8739c76e681f900923b900c9df0ef75cf421d39cabb54650c4b9ad19b6a76d85
data/reference/results/electric_carbon_outer_v28_2020-11-29/section_04.json,12383,566310dc5c3d5ddb45f10b14bddbc27bc395d6ebe91fe459ba56f9199f437d40
data/reference/results/electric_carbon_outer_v28_2020-11-29/section_04.npz,22,8739c76e681f900923b900c9df0ef75cf421d39cabb54650c4b9ad19b6a76d85
data/reference/results/electric_carbon_outer_v28_2020-11-29/section_06.json,12393,a9d65663467cb78198a86955e8447f5da73b3a2dcd28bbe0879e77caa464b365
data/reference/results/electric_carbon_outer_v28_2020-11-29/section_06.npz,22,8739c76e681f900923b900c9df0ef75cf421d39cabb54650c4b9ad19b6a76d85
data/reference/results/electric_carbon_outer_v28_2020-11-29/section_08.json,12376,4b20cd29e89a85c753f17aa475e9d9bf97fa8cf78df7093986e9499fbba2150f
data/reference/results/electric_carbon_outer_v28_2020-11-29/section_08.npz,22,8739c76e681f900923b900c9df0ef75cf421d39cabb54650c4b9ad19b6a76d85
data/reference/results/electric_carbon_outer_v28_2020-11-29/section_10.json,12380,2f8262be0bb2e1e0529c435321bb8bc1b854f39d00114cd41ab6c86a860a5ad9
data/reference/results/electric_carbon_outer_v28_2020-11-29/section_10.npz,22,8739c76e681f900923b900c9df0ef75cf421d39cabb54650c4b9ad19b6a76d85
data/reference/results/electric_carbon_outer_v28_2020-11-29/section_12.json,12374,76b18a9b35ed8560561eba514d1109ef6e8b80d71347f66ea43c82406e7474e3
data/reference/results/electric_carbon_outer_v28_2020-11-29/section_12.npz,22,8739c76e681f900923b900c9df0ef75cf421d39cabb54650c4b9ad19b6a76d85
data/reference/results/electric_carbon_outer_v28_2020-11-29/section_14.json,12396,260109116b483d2e7fb8672369c1817964df4c1b5ae0391cfd8ebe60549af568
data/reference/results/electric_carbon_outer_v28_2020-11-29/section_14.npz,22,8739c76e681f900923b900c9df0ef75cf421d39cabb54650c4b9ad19b6a76d85
data/reference/results/electric_carbon_outer_v28_2020-11-29/section_16.json,12441,687e9386a32420db4923185929766c800f944736d39bb5b074091bf53b643e7c
data/reference/results/electric_carbon_outer_v28_2020-11-29/section_16.npz,22,8739c76e681f900923b900c9df0ef75cf421d39cabb54650c4b9ad19b6a76d85
data/reference/results/electric_carbon_outer_v28_2020-11-29/section_18.json,12443,2a75bffc71d7e4ff79b51224eec821cf071313fc1c0eac966941f579f31e09ec
data/reference/results/electric_carbon_outer_v28_2020-11-29/section_18.npz,22,8739c76e681f900923b900c9df0ef75cf421d39cabb54650c4b9ad19b6a76d85
data/reference/results/electric_carbon_outer_v28_2020-11-29/section_20.json,12472,a03d36200c30785210adf459d4fb1f9126ce0159b529fc865dff5d86b5d11869
data/reference/results/electric_carbon_outer_v28_2020-11-29/section_20.npz,22,8739c76e681f900923b900c9df0ef75cf421d39cabb54650c4b9ad19b6a76d85
data/reference/results/electric_carbon_outer_v28_2020-11-29/section_22.json,12473,1d2bf9ea59aa638eba550ac41bba0bdb7aa602a37dc2f83651271a92973b9153
data/reference/results/electric_carbon_outer_v28_2020-11-29/section_22.npz,22,8739c76e681f900923b900c9df0ef75cf421d39cabb54650c4b9ad19b6a76d85
data/reference/results/electric_carbon_outer_v28_2020-11-29/section_24.json,12438,cb3e32b48c2480b093821e2218e4f7eabd79d61529edcb283a5eeff81c964fde
data/reference/results/electric_carbon_outer_v28_2020-11-29/section_24.npz,22,8739c76e681f900923b900c9df0ef75cf421d39cabb54650c4b9ad19b6a76d85
data/reference/results/electric_carbon_outer_v28_2020-11-29/section_26.json,12469,3934f63f7d63d4131be0a810d7d339d7edd9ea73e76a2503e57c736bebc69b05
data/reference/results/electric_carbon_outer_v28_2020-11-29/section_26.npz,22,8739c76e681f900923b900c9df0ef75cf421d39cabb54650c4b9ad19b6a76d85
data/reference/results/electric_carbon_outer_v28_2020-11-29/section_28.json,12476,96bba4b1e3111c066bfac2503fd0fb108be18b9e12d93832887bef1a6db441c4
data/reference/results/electric_carbon_outer_v28_2020-11-29/section_28.npz,22,8739c76e681f900923b900c9df0ef75cf421d39cabb54650c4b9ad19b6a76d85
data/reference/results/electric_carbon_outer_v28_2020-11-29/section_30.json,12454,b8f321ac790a03783da5da062f25f437f8885b76cd98906c694b122a432a67b3
data/reference/results/electric_carbon_outer_v28_2020-11-29/section_30.npz,22,8739c76e681f900923b900c9df0ef75cf421d39cabb54650c4b9ad19b6a76d85
data/reference/results/electric_carbon_outer_v28_2020-11-29/section_32.json,12431,3d9f86cade48899c905f041ee3356bc3f4dd8204d866f15c733706fdb10bc5e3
data/reference/results/electric_carbon_outer_v28_2020-11-29/section_32.npz,22,8739c76e681f900923b900c9df0ef75cf421d39cabb54650c4b9ad19b6a76d85
data/reference/results/electric_carbon_outer_v28_2020-11-29/section_34.json,12463,b012e3b30dab1654e9582c21a0ed2220b6dde10924dd2fc61a977c00dbf0ebd2
data/reference/results/electric_carbon_outer_v28_2020-11-29/section_34.npz,22,8739c76e681f900923b900c9df0ef75cf421d39cabb54650c4b9ad19b6a76d85
data/reference/results/electric_carbon_outer_v28_2020-11-29/section_36.json,12474,757200cc89e879d649646d9f1e16a1725e8826fa4d838a6e109a0e3d5b550413
data/reference/results/electric_carbon_outer_v28_2020-11-29/section_36.npz,22,8739c76e681f900923b900c9df0ef75cf421d39cabb54650c4b9ad19b6a76d85
data/reference/results/electric_carbon_outer_v28_2020-11-29/section_38.json,12475,9b03c4f8fac9610fd1ede8b9a61b681e97525d06aaaa17364b04c813828706b9
data/reference/results/electric_carbon_outer_v28_2020-11-29/section_38.npz,22,8739c76e681f900923b900c9df0ef75cf421d39cabb54650c4b9ad19b6a76d85
data/reference/results/electric_carbon_outer_v28_2020-11-29/section_40.json,12451,040bf3124440d21cc08cd61693a7d8d693df9fe0274731f39ad608a6a37c6796
data/reference/results/electric_carbon_outer_v28_2020-11-29/section_40.npz,22,8739c76e681f900923b900c9df0ef75cf421d39cabb54650c4b9ad19b6a76d85
data/reference/results/electric_carbon_outer_v28_2020-11-29/section_42.json,12366,3510525b40f6682010b89596e4bf61026f308ff531ea3fffec7d474dc5c02a9d
data/reference/results/electric_carbon_outer_v28_2020-11-29/section_42.npz,22,8739c76e681f900923b900c9df0ef75cf421d39cabb54650c4b9ad19b6a76d85
data/reference/results/electric_carbon_outer_v28_2020-11-29/section_44.json,12499,6475c636e72b37f4351cc9c3780b371a0b98072cdcd6163d631bd1beed877ae0
data/reference/results/electric_carbon_outer_v28_2020-11-29/section_44.npz,22,8739c76e681f900923b900c9df0ef75cf421d39cabb54650c4b9ad19b6a76d85
data/reference/results/electric_carbon_outer_v28_2020-11-29/section_46.json,12476,85c38cb3cdec91cdfdcfbda74c36bfbeb114938afc9fe1b1a9a34a58d2ef4e22
data/reference/results/electric_carbon_outer_v28_2020-11-29/section_46.npz,22,8739c76e681f900923b900c9df0ef75cf421d39cabb54650c4b9ad19b6a76d85
data/reference/results/execution/oriented_validation.json,1245,5713237b28d45e418667a20a5311c11db52792258ea4f303eccf6c57f7664a01
data/reference/results/execution/public_v12/site0_candidate0.json,758,0278fbb2b0608bf46e7f8dcae08a4f01c4fbee515519c0e1c3288e8244c184d7
data/reference/results/execution/public_v12/site0_candidate0.npz,25913,a624fa853f78a9dd7ab14ab87515f0df35b85249872133ff554e156260a086e9
data/reference/results/execution/public_v12/site0_candidate1.json,746,52bdd2625dfdaab926ec92cbc8c91c9ceee9ad85c776f950584d0c300b71e6b2
data/reference/results/execution/public_v12/site0_candidate1.npz,227722,b6d5660be52392171d5343bb10518bb3c9544d33f18e7783caeb66561b0b70c1
data/reference/results/execution/public_v12/site0_candidate11.json,750,b887adb27fb6b4e959852d4bf9e524c1685341553cc337c897694feaa44f5586
data/reference/results/execution/public_v12/site0_candidate11.npz,227530,dde2c68a59123f07c9a411bac0689c0ea514c4db5ed8a0be7e2634dfe53bc0d9
data/reference/results/execution/public_v12/site0_candidate12.json,885,91f714b0d15caa5903f5b9cca84207a714be1c0b26de508fdfae11e0d5f3f32e
data/reference/results/execution/public_v12/site0_candidate12.npz,231188,6302c6c595a89635f0b87d40c87f55e4fcf5d7783b1fd72b43bbe2fd3cfd07da
data/reference/results/execution/public_v12/site0_candidate3.json,746,f3dcb6dd2544b42d947346b42833dde75593dc1b239d7f115d2cc63855649356
data/reference/results/execution/public_v12/site0_candidate3.npz,229986,3c9000bd40286f83d249469d7d7259dcbcf40b6fa9a1012c8dbd3af681c5baee
data/reference/results/execution/public_v12/site0_candidate5.json,750,97fee52d1df631bd9e1036d6ae1df0ede7e65af6ffa3e34cc9696f238cf221fb
data/reference/results/execution/public_v12/site0_candidate5.npz,227933,2631dde2052b7bf21da3d407546ec4155026d2492e262565ce8fa585728627fe
data/reference/results/execution/public_v12/site0_candidate7.json,751,f37aa5972ed870cefaf77e247daa3b51e201c1b305cc88f86663a89f57feb260
data/reference/results/execution/public_v12/site0_candidate7.npz,230361,a27b66854705c500da30df1581624558cfd9ff32231d500562f7c5a1a2b13622
data/reference/results/execution/public_v12/site0_candidate9.json,751,5f3180353872d21236d1d35de6d892ee58ed466b70e45a65ecab31570e8303ec
data/reference/results/execution/public_v12/site0_candidate9.npz,227886,c45860556345531706be99bc7743e0a2558f95ebf8821a9d84cb0256cff31cdc
data/reference/results/execution/public_v12/site1_candidate0.json,687,5d71f37842108b385d37de0f73b62b34bb418e6f69db83b93cc939e76d649c26
data/reference/results/execution/public_v12/site1_candidate0.npz,2974,e95417f4feaa5320ec18396759e292b741acddb5fc7db43baebb76ec05b71dfa
data/reference/results/execution/public_v12/site1_candidate1.json,752,780de4a75a1f6cafa42820360a52e63ec2284caa45c0f047cc6268c6cde662c7
data/reference/results/execution/public_v12/site1_candidate1.npz,227356,040a88ae597e9d3ac186ac02dee4191066745bf4068acdc3812a648d14ff16e8
data/reference/results/execution/public_v12/site1_candidate11.json,754,d58584331b9fe012414a2312f5fb58e4cb054811b83b64733577be3e89578988
data/reference/results/execution/public_v12/site1_candidate11.npz,227513,58c79675ed2beafa67bb5e9ef250cc333237c383baaffee6be31448cb0d5533e
data/reference/results/execution/public_v12/site1_candidate12.json,749,c4caa87d6574103fb359014cfe441dd624a2fee8bebdd501c1a75a981bab02be
data/reference/results/execution/public_v12/site1_candidate12.npz,231627,fa0dbb8811b0939f15ed45f90bd389f74cb7729f7ad5269be98e9d7ac5484ea3
data/reference/results/execution/public_v12/site1_candidate3.json,750,2669fe46fa2885b245ca0abfcb5b6646bcbd15bbe08a4c75e759ea59aa004d64
data/reference/results/execution/public_v12/site1_candidate3.npz,230478,b61fd91179e3ae2134fd4942e8729517dc664a1ee87b76d33f9518f4bd9ff0cc
data/reference/results/execution/public_v12/site1_candidate5.json,752,ba5a37b5b5fab8236a8bfc01bea1a280aa62461e337cf3f7a67a43ab2357419e
data/reference/results/execution/public_v12/site1_candidate5.npz,227783,4d978fcb6121aa8f4185e63b66bed259a33a5aacbb45ef54d4da1038d1cadece
data/reference/results/execution/public_v12/site1_candidate6.json,747,c64d756beea5a4f8779160d73930ef4b96931894d5c275de58724e2153ce2770
data/reference/results/execution/public_v12/site1_candidate6.npz,231951,bdc66573b1475ab8a133bc75f4f231428f160ab0e39c9d94e716d3f1b5082630
data/reference/results/execution/public_v12/site1_candidate7.json,752,f2fdbc70e7474bca9955c2b928d6303b9f86a4c03f3044f511a18af092f4675d
data/reference/results/execution/public_v12/site1_candidate7.npz,228907,2aff7b8fd31a5a92e5d6f7d60fd99398e6049eabe3bc3834657dee0fe1a0857c
data/reference/results/execution/public_v12/site1_candidate9.json,751,cf7d91d99ad577a4c6bf4084a11d96bc2c96a6aecea88410a172b753573409e2
data/reference/results/execution/public_v12/site1_candidate9.npz,226263,eeece3a5e47d3d397a80795d73e313cdd53fb149ddacb375c083217adcbd381e
data/reference/results/execution/public_v12/site2_candidate0.json,758,cd2ece67c92f15ed6bc86a06b46ff7c91c6cfdc9f4a33c5f0aadef0fd98928be
data/reference/results/execution/public_v12/site2_candidate0.npz,46740,9deb07d9f2e32f7dfabe0b846825ca70d5c56f3674a43619475849bf6358b4d3
data/reference/results/execution/public_v12/site2_candidate1.json,746,ec4fd5eb5088e203e2b04f6c8f963afb28e8bfeb37a8c95e8a247c0eb9958b5c
data/reference/results/execution/public_v12/site2_candidate1.npz,228493,29a41e7125a41db9e2845fe5df070a75d5f42fb16ae5fa6e48eb0302d238a3e5
data/reference/results/execution/public_v12/site2_candidate11.json,750,f8469055babdfdefb0b3a4cb30024b617efb644743b93048a75e5a693fcd9b64
data/reference/results/execution/public_v12/site2_candidate11.npz,230581,02d9362f6368f25c917d02f403d4fcf99b6fd527fed64fefe5ade3853137aa7a
data/reference/results/execution/public_v12/site2_candidate12.json,749,9bf7b66a1c087450f7b454310f36eb35bc754bb335b90e071d60a56569be83dc
data/reference/results/execution/public_v12/site2_candidate12.npz,234800,25153cae0068976f0913d52b8ddc2c2915401b0c9a91861e0299014bff67a21d
data/reference/results/execution/public_v12/site2_candidate3.json,744,36ab107d7be63125878a8e49050cb4355c5ede82c2e7c782d58ee929cd49b241
data/reference/results/execution/public_v12/site2_candidate3.npz,232129,67b33abade328949c3ade7b8d816015edc78f5c4458bc995a40fc0a512a07505
data/reference/results/execution/public_v12/site2_candidate4.json,745,658027906b34478b5e7640412e1bad94c620a6b4a7a8708becfe2612f5ebfc10
data/reference/results/execution/public_v12/site2_candidate4.npz,235205,8cf78f4d7e5f120f6e555039710747429a8ecca773a17b59a2bd16d8654d4188
data/reference/results/execution/public_v12/site2_candidate5.json,751,9da48d821ae651b704e31f08815ddedb9bb915b84492b7a879d62a82134342a6
data/reference/results/execution/public_v12/site2_candidate5.npz,229720,63cee948b05edc7e41167303e4713f2b76c6ea97d5acb74bc8e6b8bd26500f24
data/reference/results/execution/public_v12/site2_candidate7.json,748,637f0bd299e1a5ae624b252da160605f67eeb3f7648e7501ae11691ae8dd4929
data/reference/results/execution/public_v12/site2_candidate7.npz,231343,eeb5d137eef28207a03cd164ec5a868838f0d584e058932ae85b736a2ad3b81d
data/reference/results/execution/public_v12/site2_candidate8.json,747,762e42718d32bf834ccd2f3dd8d9d39e915b59ddc02e8e4b452ae268b1014d49
data/reference/results/execution/public_v12/site2_candidate8.npz,234980,0a637f6ba8e6cf3c2e32f3628c0b3bca20b3af523a0963b0348180199a28e75a
data/reference/results/execution/public_v12/site2_candidate9.json,748,d1efe65e49d26a90369c8c37633a125091c4997dea1109353e4e301c8d510cba
data/reference/results/execution/public_v12/site2_candidate9.npz,229533,58e305a930c677526413a38c43e77bcdebe5a9663078e405330c801c2da20cbb
data/reference/results/execution/public_v12/site3_candidate0.json,760,c2784cfd73b55258e52a2cb73c7365e74257909f354bbc0b788595fc6f150b78
data/reference/results/execution/public_v12/site3_candidate0.npz,58079,dd17e8799a131288398f620598a2c6adbf9932a0a160144eca15f5b0bc110af1
data/reference/results/execution/public_v12/site3_candidate1.json,751,497de302df435d314a8661035e1ded06b92955bf08ac0e168fe36c106e51bd18
data/reference/results/execution/public_v12/site3_candidate1.npz,227818,32895bfddc79df8ba44488332ab6fe39896fda52cf69e32be4ec234cedf89f30
data/reference/results/execution/public_v12/site3_candidate10.json,750,c53df91e4b91c86ec6e5ed298046352e98490e12eece4b7794757d31aff491c9
data/reference/results/execution/public_v12/site3_candidate10.npz,233142,70d2f9cfeaef0cfc5f0760b6f2f8a10791d23bbbffb4e646b45b90fd16b6372b
data/reference/results/execution/public_v12/site3_candidate11.json,751,9ac482cd0bbd861c038079ec37190bb88e008826eaa042d34826a3e0803f6aeb
data/reference/results/execution/public_v12/site3_candidate11.npz,230029,1e034f7370307b38f3b8a94700a8f6663abba1bb4e518a0c803fcc71e0810626
data/reference/results/execution/public_v12/site3_candidate12.json,748,46d449d8f49cec463da70877a5864501ea9d0c54f2ce44f83efe9258575b62ca
data/reference/results/execution/public_v12/site3_candidate12.npz,233729,d2add2706bcef3faf652d66af05cf41e153ea61ace8e54b4c182c0977474d8a4
data/reference/results/execution/public_v12/site3_candidate3.json,749,c7b2c66d2ba7bf1cd1ea44d0d2a20f32290a31631b4025d051638aa715f1bd59
data/reference/results/execution/public_v12/site3_candidate3.npz,232322,fb641d11d39df5d80934ad9b9d9c927cf79f03413277a4e33a5b162fa4c3103e
data/reference/results/execution/public_v12/site3_candidate4.json,747,e66b02975ba43cfe0f8a6f2ba05f1feb598bbbd9963da005f21b7136461d3ce3
data/reference/results/execution/public_v12/site3_candidate4.npz,235481,c2c50dabaface9e6d7a355825c1c55ef92ed94959cb56c453abf67ef504bdab7
data/reference/results/execution/public_v12/site3_candidate5.json,751,5bb23a22f2ee7b981c9a91990e1813a41871ef164e019db4f50a10dfaefd3731
data/reference/results/execution/public_v12/site3_candidate5.npz,228280,53075cd243545eb6997f960d398921de20b2951021297dd86fe9e75d836c61f4
data/reference/results/execution/public_v12/site3_candidate6.json,749,8bc1e883166361ba4aa52fb7a780115bc84a3df8d135948daca19ebaf3c29726
data/reference/results/execution/public_v12/site3_candidate6.npz,232792,fdc30892a4d96d2b3735e314023597d0d08af34a5a49a8c21b38c50cda3fe980
data/reference/results/execution/public_v12/site3_candidate7.json,749,9c178c30b2ae198f290ce7dc54bde6376a723caed1b01d699817d5fbc09bdcdd
data/reference/results/execution/public_v12/site3_candidate7.npz,231453,aceaef79a969b07d24851a7fb659af350ac259393fed0deb2a2b069e262a0a23
data/reference/results/execution/public_v12/site3_candidate9.json,752,fd136e4d26acff481c79418394df1132e4fbfb7b63e24494499807a1cfba8333
data/reference/results/execution/public_v12/site3_candidate9.npz,228711,43293e016966ca4b5303e4bf6aa8de848ad2ac320e78a0330ce8e04aab5d30e6
data/reference/results/execution/public_v12/site4_candidate0.json,758,86489f24458289380cbd22b05c358f9e90fe0a7591a2050e62e543af1a061bab
data/reference/results/execution/public_v12/site4_candidate0.npz,58208,686876305bd25262ba946cc2f474b85f000183d394e41a2aa7b71aa1c0228f1a
data/reference/results/execution/public_v12/site4_candidate1.json,748,9561a0890e10afab246dd82086369504c9af720461291df18ccb362c490bc02a
data/reference/results/execution/public_v12/site4_candidate1.npz,228772,1a88279533bafd8b94d5da0fc09dbf1b7d630f682cf7c752c1ce1578684c8a8d
data/reference/results/execution/public_v12/site4_candidate10.json,747,fe1cd44bf765b9b413b0947233723e42cb3c3b74d17bc755d63d52490e53aa0a
data/reference/results/execution/public_v12/site4_candidate10.npz,232799,11a96412e5aaa0da913882feb3a34fc63d89d2f871d16a1faaed0792f94d1702
data/reference/results/execution/public_v12/site4_candidate11.json,752,4bdb167ab796ba99520200cadd19a4ba19f434d7e8192e6025123ca08e567d05
data/reference/results/execution/public_v12/site4_candidate11.npz,230491,0444f8901a6f820a2edfc785ffed81986d4fa241c8518f5cb79edd8be4321d76
data/reference/results/execution/public_v12/site4_candidate12.json,749,23c545ed7a860bc1f6b3611c7395a2290f13ed7e05a472be233d62bd95156729
data/reference/results/execution/public_v12/site4_candidate12.npz,234522,94a6e8321b3b81e73a64b9b5cc2c2182568aea8c749cb2de4c6ab1769bb28cfa
data/reference/results/execution/public_v12/site4_candidate2.json,749,81b6ebbef960fceacaeb117826b89bbffb3a7166b5dd824ee4b9fb60fd3577ca
data/reference/results/execution/public_v12/site4_candidate2.npz,232857,25b5625a2c430306cfccf207324f4ffdc5376552dc1ba251d54bf0e8bd35af41
data/reference/results/execution/public_v12/site4_candidate3.json,750,9e7ef9c93ae0500c11ae2bd1569f955ac5c3b6dfbeaaeb24665a0aaf905e5eff
data/reference/results/execution/public_v12/site4_candidate3.npz,230285,250eb5919b6901a2763c68da45e63c6b19fd73956e8f50b6fffc4f0b1ea56c63
data/reference/results/execution/public_v12/site4_candidate4.json,746,fdece3ce364a99df08cf7eb7b52f6cbb15760edb749ca95c529c47f287528d70
data/reference/results/execution/public_v12/site4_candidate4.npz,234282,25a0bd0b20de9962de42b09bd6de3ec1bfd16929207905bc298c0e234aac4dd5
data/reference/results/execution/public_v12/site4_candidate5.json,750,f3c0e37537dbaaa569a4c43c5a5c63ecd635964010be7705648146ebac79076c
data/reference/results/execution/public_v12/site4_candidate5.npz,229421,344a0b24bd486320bd562fe61fb5e99dddc44478ddcb744cbb4c793911385930
data/reference/results/execution/public_v12/site4_candidate7.json,751,ae5ae571f276f5aceee9ebc2395e2813bf949860fe83b138dc69426a5eee5e68
data/reference/results/execution/public_v12/site4_candidate7.npz,231424,1e4dc5bf3191498e94994d06fc6a1cb666551aa63bc5d3b96fbac2f655863ebb
data/reference/results/execution/public_v12/site4_candidate9.json,751,49f36130adf92eb0737d55d4a1b9cb45e66ee50050b5c31f41e41e35064161e1
data/reference/results/execution/public_v12/site4_candidate9.npz,228563,298cdb480965a3cfa7da10a743324396a2eaca6e313213bbd746246c77baad2d
data/reference/results/execution/public_v12/site5_candidate0.json,757,160a4aee90a9d0832a8750d4503d40e0d3ecbefabbc3129331a6a5a328f065f9
data/reference/results/execution/public_v12/site5_candidate0.npz,76971,507d2d5c023e57294199263603e54997a2746aa48672f032279ea76a734a51f2
data/reference/results/execution/public_v12/site5_candidate1.json,748,7ee916992d45342505ecf89a25e5588f51d872cb129f41ba606c84440776481f
data/reference/results/execution/public_v12/site5_candidate1.npz,228882,d2c967d08e1d97da67dd7755f0b2fea8e26f917d33d5e0d326c78e9922b23a31
data/reference/results/execution/public_v12/site5_candidate10.json,749,426e4565f2db50bedf3419669a992818cf10b0ebb3b7e663386aba90b4a8e171
data/reference/results/execution/public_v12/site5_candidate10.npz,233302,c3c7632293ec9d849c13a260b588a877435d187506b591b25db53381bcccab66
data/reference/results/execution/public_v12/site5_candidate11.json,748,21e1fbf19996a73651a8d2e0242218b72216a2563a6740e691a1c0087a586935
data/reference/results/execution/public_v12/site5_candidate11.npz,231262,a0f91ce075c8edbd188b1fea491195fa739e3f99c0828366e68c546b8a6f2e61
data/reference/results/execution/public_v12/site5_candidate3.json,749,c4f5b6280b16547fce0699debfe9a5eba57e8c83d5fa53cafc63db01b0418c36
data/reference/results/execution/public_v12/site5_candidate3.npz,232202,0b2a3b22f34b6eecb538887dcfb448ee9de1835a4a52fc29165cb29aa40fa38c
data/reference/results/execution/public_v12/site5_candidate4.json,745,9dfe40727d5e31a9498239b65fcbde42b66399db91f7d5198b65ac6db9eba4f2
data/reference/results/execution/public_v12/site5_candidate4.npz,235754,7776af2606322ba522f04725993c1c2c985c321d06b501aa831304150233b448
data/reference/results/execution/public_v12/site5_candidate5.json,748,21fcb5d70f98a243d7c7d16376031574cd12664737a11b0234cd9732cdcf2b37
data/reference/results/execution/public_v12/site5_candidate5.npz,229670,29e30cca9b93734edb2e9b4bdf9fccea0b38131076a4005d560d30bb085dd116
data/reference/results/execution/public_v12/site5_candidate7.json,747,969bc13367e76e896d3ce0e9e9b0c2a8f9cd651407525a1e39f732418be53036
data/reference/results/execution/public_v12/site5_candidate7.npz,230923,e18383096d3430d29587ca60e4dc74395131074c44b4f136eacdbc823f940294
data/reference/results/execution/public_v12/site5_candidate8.json,745,509fde5568d5e43efca83347256771ec3fd0c91f27ef546ffedad0dc38485b19
data/reference/results/execution/public_v12/site5_candidate8.npz,234630,c7ee6c382580d37316c620ad6bfa0f29dcee857b00c4f8a16a0cf37beef2a74c
data/reference/results/execution/public_v12/site5_candidate9.json,749,7c3631c70501c528a3f79138a28ed619a0b45f1c49fa0a4615a39f01f10630d3
data/reference/results/execution/public_v12/site5_candidate9.npz,228850,a13dee7bf0fd61d57d40e6d51446e01ba83868db646bddf406d0cc6f1b16df50
data/reference/results/execution/public_v12/summary.json,47090,fc0f835729d5b66877980817eadc67fb3aa563cb06b609e146b6e0420923ca8a
data/reference/results/execution/public_v3/site0_candidate12.json,858,9e709118f67039df4af21efdad20e5dd0871a655b3f88dacd3696d026cfb216a
data/reference/results/execution/public_v3/site0_candidate12.npz,231155,0b02b70fc85134f89b1232f36996e2edacbdafa4a39ff92c234f41f67402f312
data/reference/results/execution/validation.json,37785,9073c3763a97a58db562b55632cb6e8f0e543dfac71027225993d8de935030b9
data/reference/results/full_cycle_v13/2020-04-07_pareto_v28_raw_site0.json,740,69efa8bcf5150d2ddade622711ebf16f1904efdf940692e70c0c392eb5cc8a58
data/reference/results/full_cycle_v13/2020-04-07_pareto_v28_raw_site0.npz,77557,4a345e32d431512c95e0d9a0efa59b00924930e7f4dbea94c478ca89953a048a
data/reference/results/full_cycle_v13/2020-04-07_pareto_v28_raw_site1.json,741,ffbbdb681804cab1da448fcc050a732e678e52bc47f5310533f21791880ef787
data/reference/results/full_cycle_v13/2020-04-07_pareto_v28_raw_site1.npz,77388,21bab5fadc5281d35e0ce3a6648bf225d7a84a1aa1232381bee7ce904890bf86
data/reference/results/full_cycle_v13/2020-04-07_pareto_v28_raw_site2.json,757,6d35542781089d4df359eda37d6bae6ddf3be4f2a084d122e7e428265ec65450
data/reference/results/full_cycle_v13/2020-04-07_pareto_v28_raw_site2.npz,77624,655e4fb1ac33f096a3c716385a39c587ca29ef4ad59f2ecca7fce9357e70f208
data/reference/results/full_cycle_v13/2020-04-07_pareto_v28_raw_site3.json,758,9ee5c5a20561e27dd927cc322d8ab4fa50894252cc89a01441385dba716b56c1
data/reference/results/full_cycle_v13/2020-04-07_pareto_v28_raw_site3.npz,77278,5029015ff49e2827d66d37a2583ee96eda753b9d0ad36596a68f8d004598b119
data/reference/results/full_cycle_v13/2020-04-07_pareto_v28_raw_site4.json,739,f700fd98804e68809cead7be935015d863985bdcda96c3e3bc12901d52c8b033
data/reference/results/full_cycle_v13/2020-04-07_pareto_v28_raw_site4.npz,77597,0621952dbe039811b308a54a884da8fea35af80f312a8ccea8f50de0ef8f80ec
data/reference/results/full_cycle_v13/2020-04-07_pareto_v28_raw_site5.json,759,ba714b0b74ca2cc21be25792cae307cac6eaa419bc1a2430424d7b5e034a1304
data/reference/results/full_cycle_v13/2020-04-07_pareto_v28_raw_site5.npz,77796,6adea8681fc845aeee4a7fd3005189c7fb15b69c44b4d0fecfde82d19ee15c10
data/reference/results/full_cycle_v13/2020-04-07_pareto_v28_step07500_site0.json,138,9c4018ea9be30f32bdfc2fadf272a988cb5291391682cffb1c1ec73073236bc9
data/reference/results/full_cycle_v13/2020-04-07_pareto_v28_step07500_site0.npz,79448,0a3421a8ecfd50a37d923f332aae61acb74cd887f80020c43fff219a40f8ebc3
data/reference/results/full_cycle_v13/2020-04-07_pareto_v28_step07500_site0_execution.json,1183,c0aaea2f3fa07582479defd4dd879e1c3628c09be9f8599c6459c47df4e27556
data/reference/results/full_cycle_v13/2020-04-07_pareto_v28_step07500_site0_execution.npz,235742,27e90197ee01071cc8bda467970aa4d116365af60f41acc3b662ebd284045284
data/reference/results/full_cycle_v13/2020-04-07_pareto_v28_step07500_site1.json,138,4d894404b3bbef9efd8c097457debb54c235dc03a551d862f7d7779ffcf7077e
data/reference/results/full_cycle_v13/2020-04-07_pareto_v28_step07500_site1.npz,79624,d2cb01d16c52d820eb6a3528b5f9865a414973d4a36089c82b1ffe32eacf92e9
data/reference/results/full_cycle_v13/2020-04-07_pareto_v28_step07500_site1_execution.json,1184,a80b9294bc3e889fc77976b86988f8526de45a0d33e606e3c1caf3b928170071
data/reference/results/full_cycle_v13/2020-04-07_pareto_v28_step07500_site1_execution.npz,236292,1ae668a1bc71d39249996ef5d92ec52e206008c79c19ca71e9d1aa279bb645cc
data/reference/results/full_cycle_v13/2020-04-07_pareto_v28_step07500_site2.json,138,d4c61d67656f9801cdc180a35c82f25dd66112589feb47399f717daa1352a67a
data/reference/results/full_cycle_v13/2020-04-07_pareto_v28_step07500_site2.npz,79939,6106c23c18f22ebbaba91cc180d8a411039e8254af64f91b0bad1b2fdfad9f1f
data/reference/results/full_cycle_v13/2020-04-07_pareto_v28_step07500_site2_execution.json,1180,24de0be5d04a5b0a94108c8cf81b555457894164a01653a66eab42f6476094eb
data/reference/results/full_cycle_v13/2020-04-07_pareto_v28_step07500_site2_execution.npz,237309,1d9ca08b25602b08a370a83c732605ec2bdcc67f3e3cd29eabf133a1ca643214
data/reference/results/full_cycle_v13/2020-04-07_pareto_v28_step07500_site3.json,138,e32c584dfd95b8a6a23b9842f9bf10d8c30e8063749396d5fcfc3df06ce49b75
data/reference/results/full_cycle_v13/2020-04-07_pareto_v28_step07500_site3.npz,79895,a2678dfd95ee26521cb8f64e52b386ba8fa07e239606ec2b3fe3f0b66e335486
data/reference/results/full_cycle_v13/2020-04-07_pareto_v28_step07500_site3_execution.json,1186,b2aad9383bc1aa6dd24c5e75250443108d9329f2d1a5f823284d5098b0738608
data/reference/results/full_cycle_v13/2020-04-07_pareto_v28_step07500_site3_execution.npz,237177,e5bdd68797296305c11004acdcd02753442fdb66b4b181e7401841e91d987d30
data/reference/results/full_cycle_v13/2020-04-07_pareto_v28_step07500_site4.json,138,d984d22b83931a9903d47d8bb4c02e88487d6c6a63970727b9025591c6829dbe
data/reference/results/full_cycle_v13/2020-04-07_pareto_v28_step07500_site4.npz,80172,7f7d8cd79b6e88680706aa791f8d406c2615877957ccc0736a9e560767e21a49
data/reference/results/full_cycle_v13/2020-04-07_pareto_v28_step07500_site4_execution.json,1186,52e79c696957e213819ad2bf362baa7f92dd135dad772a7348fc2a1db9a7cf36
data/reference/results/full_cycle_v13/2020-04-07_pareto_v28_step07500_site4_execution.npz,237892,e2bc716f29baa6661b2bb5fed1c1aaae6b3425277fc7887eee48df7f0348db25
data/reference/results/full_cycle_v13/2020-04-07_pareto_v28_step07500_site5.json,138,b63018c784a5c0d5ce5bf60ae77d387c6711a78393ffdba0ce6bd6a937ed73a4
data/reference/results/full_cycle_v13/2020-04-07_pareto_v28_step07500_site5.npz,80291,7ade3e35657f738904dc51d591531469e35a6cc640519431bdc69c13c550d820
data/reference/results/full_cycle_v13/2020-04-07_pareto_v28_step07500_site5_execution.json,1182,31084be6be229e76bb05e00c763546fc58a430a1b46455efb9d869b8992c28ad
data/reference/results/full_cycle_v13/2020-04-07_pareto_v28_step07500_site5_execution.npz,238409,e572c9f34ef952f53541202a179dfa0593883a21a20b147988efe2beac20c8b7
data/reference/results/full_cycle_v13/2020-04-07_pareto_v28_step10000_site0.json,137,e3432830eb4e20a22dd19c7f391222052edbd799fda5528db0f8554a57f96add
data/reference/results/full_cycle_v13/2020-04-07_pareto_v28_step10000_site0.npz,79731,c3091de965a79d0eceae961c0773017033d5ae5cb6afaa9d28a04c02b0a14519
data/reference/results/full_cycle_v13/2020-04-07_pareto_v28_step10000_site0_execution.json,1177,10830df183b1ba8293ddfc8c23fbaf16b3b14f5ea1ef4b972ec42323a8dfabf7
data/reference/results/full_cycle_v13/2020-04-07_pareto_v28_step10000_site0_execution.npz,236660,fd55390e1a9caf0f8de477393e1a50e41aaf08bc345e8e82d1104291e171394c
data/reference/results/full_cycle_v13/2020-04-07_pareto_v28_step10000_site1.json,137,05f9cb8f69c9065fd23d5ecda8bc153d761f0e37cc0811c873ad02abaa9008ec
data/reference/results/full_cycle_v13/2020-04-07_pareto_v28_step10000_site1.npz,79864,14eb994d5e90931c4392346fcf571584c7c1f34c4e702f2577a49c9f36bef40a
data/reference/results/full_cycle_v13/2020-04-07_pareto_v28_step10000_site1_execution.json,1177,0281416802931fa92b6aea2840a3b07d07b60e2ac4ca06d18af68ccf423ab0da
data/reference/results/full_cycle_v13/2020-04-07_pareto_v28_step10000_site1_execution.npz,237141,204ce49f757e953846e9c6215a593095c630d24848fda9b93c4ad85e0b86d8cc
data/reference/results/full_cycle_v13/2020-04-07_pareto_v28_step10000_site2.json,137,ed752f5743560633c7568786d390bbbc5fe212aab5883b4444dae5b3ca64051b
data/reference/results/full_cycle_v13/2020-04-07_pareto_v28_step10000_site2.npz,80128,75e9e52c394f6a7369e04965eb56182bbe88c2ff8e50402f0696cf41f5017ea6
data/reference/results/full_cycle_v13/2020-04-07_pareto_v28_step10000_site2_execution.json,1179,1239e8b5c9d3bc8322cefa022b6a94ae659fa63720e8387b51b788ec73f6b3f5
data/reference/results/full_cycle_v13/2020-04-07_pareto_v28_step10000_site2_execution.npz,238054,b5cdad300867cb4e9bdc20fd284eeed8a34ea0f9d637431951c000c91504414d
data/reference/results/full_cycle_v13/2020-04-07_pareto_v28_step10000_site3.json,137,a59568aebe855153a30d9e31aa2f1abd441c90180b5788aaa7aca5f69631cef9
data/reference/results/full_cycle_v13/2020-04-07_pareto_v28_step10000_site3.npz,80053,38f63e2befe88abaef4fb80ffc1a99899f57338bf429a1fc4bdbaec8bb525288
data/reference/results/full_cycle_v13/2020-04-07_pareto_v28_step10000_site3_execution.json,1177,78f843c8d69c01e34b8f93949f31a7257cf21c07adc9c1d79256fb1ed789bf3c
data/reference/results/full_cycle_v13/2020-04-07_pareto_v28_step10000_site3_execution.npz,237782,2f79ff00e110c9c0d9699ea5b29cd15c6ad964bc54ca7a6206f1d3bcc9efbce4
data/reference/results/full_cycle_v13/2020-04-07_pareto_v28_step10000_site4.json,137,b09ce5b20fdd33d1f9e8abc255c4c4345847ce06ec9736414a343b0aa89c3130
data/reference/results/full_cycle_v13/2020-04-07_pareto_v28_step10000_site4.npz,80376,0161dc14c3d61c3b8c13d95323a00993382c05514097613f1d41acd981fad07f
data/reference/results/full_cycle_v13/2020-04-07_pareto_v28_step10000_site4_execution.json,1178,9d0158c9458d848d72a370fe3e832dbd2e2d945f6444fa3bd7e70a5d81734906
data/reference/results/full_cycle_v13/2020-04-07_pareto_v28_step10000_site4_execution.npz,238632,1a89583fa8cf5e3bc6bd13c08ef742ee343279580520dc2ffc0696030e199d66
data/reference/results/full_cycle_v13/2020-04-07_pareto_v28_step10000_site5.json,137,8b21557d4ab2dd02e9892df3ab6fb9b23474d39d00255376f7b7e622141942c0
data/reference/results/full_cycle_v13/2020-04-07_pareto_v28_step10000_site5.npz,80515,fc969b67e8b500a5e7c6a9937cbe596eb1a5c10ebbe776e99de1bd6f7088fcb9
data/reference/results/full_cycle_v13/2020-04-07_pareto_v28_step10000_site5_execution.json,1175,0937d5ad510cf9a00eb9eb4b05a159e1d76d356d3021284decc70bfdcc094536
data/reference/results/full_cycle_v13/2020-04-07_pareto_v28_step10000_site5_execution.npz,239023,b1fbf1bd6ab7c6c79c25e6d4d3ee89d9ff834893e5c7021d3f6c34e5264cb34a
data/reference/results/full_cycle_v13/2020-04-07_priority_v21_carbon_raw_site0.json,753,e6f02224347ea3401995b3732d50391137291ed939f102a4fe22fdcd35cc3836
data/reference/results/full_cycle_v13/2020-04-07_priority_v21_carbon_raw_site0.npz,77882,b3d9aeb518fb96ba85716761ea9e81e85012e169478921fcbb588fe54674253a
data/reference/results/full_cycle_v13/2020-04-07_priority_v21_carbon_raw_site1.json,777,8bbe45c4bf472663815f5d042461536d5ef78c73e52b2eb34c257834eb9314ee
data/reference/results/full_cycle_v13/2020-04-07_priority_v21_carbon_raw_site1.npz,77599,30a038950824320da6c4a2dde025793e4046edd63c5d6c99e3fa78ae68dbedcb
data/reference/results/full_cycle_v13/2020-04-07_priority_v21_carbon_raw_site2.json,761,33bcade819ed743146d13ce21e61072946dbebd55ac860a250023e769369eb42
data/reference/results/full_cycle_v13/2020-04-07_priority_v21_carbon_raw_site2.npz,77922,d4b09fc1973c36442000fdec5dc9b1ccb08b932ba1792b138f26ff0b3996e285
data/reference/results/full_cycle_v13/2020-04-07_priority_v21_carbon_raw_site3.json,748,0b1e78bec9c4508dacc1d26aaf394a025ef0310968681a2a2ce4e0561423ee91
data/reference/results/full_cycle_v13/2020-04-07_priority_v21_carbon_raw_site3.npz,77658,612e34abd213726e96b2e5d70327ef4d1336e1dfcc04d7aa26b49ae24dec1468
data/reference/results/full_cycle_v13/2020-04-07_priority_v21_carbon_raw_site4.json,751,f705f15db9f6e36502b3fdcbda2f5e58254c43ade91c25eed6f71d4bcd8beb18
data/reference/results/full_cycle_v13/2020-04-07_priority_v21_carbon_raw_site4.npz,77797,2c1e497b9fd6ac3c9d32c79269d155c589836f924b556b9b8c245a44bb0e8e0e
data/reference/results/full_cycle_v13/2020-04-07_priority_v21_carbon_raw_site5.json,760,c454f9cd18855503ff245b43ad103e0b36678dd363fac0a9e5816fcc47e5b8e5
data/reference/results/full_cycle_v13/2020-04-07_priority_v21_carbon_raw_site5.npz,77895,a9784dfc27b419bdc6ad9c75704af3995089f4a8ff67d4ed622dfa10daaeb661
data/reference/results/full_cycle_v13/2020-04-07_priority_v21_carbon_step07500_site0.json,210,5444140b33d31233a71ab1b864f598c1780403c7a814b8b4b92e887e6c56268a
data/reference/results/full_cycle_v13/2020-04-07_priority_v21_carbon_step07500_site0.npz,79552,48aa7bd08f7220ccee027d8eaae8a8b7aa9c83849312b16ca64774f25fd1ad5a
data/reference/results/full_cycle_v13/2020-04-07_priority_v21_carbon_step07500_site0_execution.json,1198,ef421ee1899d5681fceda66876e07c40312c77f0555bc948295cf340e93225e1
data/reference/results/full_cycle_v13/2020-04-07_priority_v21_carbon_step07500_site0_execution.npz,236280,658aa78c34a654b695d81faf0e356d83dc1e28f7d3b2b1fc8dfa7af52d2106f4
data/reference/results/full_cycle_v13/2020-04-07_priority_v21_carbon_step07500_site1.json,210,cd7f9dd7bf94d9d21042c8178b8ae4848d45b21a56a49210f16d31f9ce8f9a2e
data/reference/results/full_cycle_v13/2020-04-07_priority_v21_carbon_step07500_site1.npz,79654,5ad46d660e374b62b09f1516813553683bc9b66d7536ecb288e143405de9dd49
data/reference/results/full_cycle_v13/2020-04-07_priority_v21_carbon_step07500_site1_execution.json,1199,e3655219c18e43939ce2e0c6d92571bb6cce4d4ebbd2b1567401670b9efd239b
data/reference/results/full_cycle_v13/2020-04-07_priority_v21_carbon_step07500_site1_execution.npz,236352,565d3e4cd256fb943f3b81fc2813899652bc7d354cb7178db5f9cacd759d22fc
data/reference/results/full_cycle_v13/2020-04-07_priority_v21_carbon_step07500_site2.json,210,89f8b85046f5758755889275491ecccd6bfa29fa753a3525b834595efb98c745
data/reference/results/full_cycle_v13/2020-04-07_priority_v21_carbon_step07500_site2.npz,80110,b76d148d18f6b28acd922586aafb5c561bc836dfbf445668d3c227ec62463355
data/reference/results/full_cycle_v13/2020-04-07_priority_v21_carbon_step07500_site2_execution.json,1200,deac74fc3cae37df618b62ded3371ba76fbc13a40d2b152fcb9248231f70b19e
data/reference/results/full_cycle_v13/2020-04-07_priority_v21_carbon_step07500_site2_execution.npz,237722,e890732a6eff56683bc42df47e4a1b78a3d31c5697a60755d8203434fd4ab933
data/reference/results/full_cycle_v13/2020-04-07_priority_v21_carbon_step07500_site3.json,210,686f23562cabe61b69004eafe2122f52c5a27c88483b3d308145a05d647fbc94
data/reference/results/full_cycle_v13/2020-04-07_priority_v21_carbon_step07500_site3.npz,79961,98ac2d8e74eb08b3ec9a086b17059031eb8ca2411c050e579ad910c5c52ef245
data/reference/results/full_cycle_v13/2020-04-07_priority_v21_carbon_step07500_site3_execution.json,1196,75f4e96684de1ad65f33e178df358e906d71edf10911919b5130930032d22483
data/reference/results/full_cycle_v13/2020-04-07_priority_v21_carbon_step07500_site3_execution.npz,237389,2a907b8e11be06ba73fab829f7f3f41fba9da01d7f29ed9b7cb52fa78bc5d6c9
data/reference/results/full_cycle_v13/2020-04-07_priority_v21_carbon_step07500_site4.json,210,3c15b8e9f0447ae35e5ad327d79efe9536de62df28c99d6f69213b09af6d2db9
data/reference/results/full_cycle_v13/2020-04-07_priority_v21_carbon_step07500_site4.npz,80190,4014eb97694cfd8adcab48300e23d4fc8a59d96370288f9ec660c567b9becea3
data/reference/results/full_cycle_v13/2020-04-07_priority_v21_carbon_step07500_site4_execution.json,1197,01e138e84a5805144ad0848dad927846cfa2635e63de32331d1b837beab40ef7
data/reference/results/full_cycle_v13/2020-04-07_priority_v21_carbon_step07500_site4_execution.npz,238119,1bef6ded11a9a5f4ea367d37392bd29cc5fcfc18b1de38058469723bb669f534
data/reference/results/full_cycle_v13/2020-04-07_priority_v21_carbon_step07500_site5.json,210,ebac2042630992d0112755d776f0d15240a6800caee5261415d167440bd1eb2f
data/reference/results/full_cycle_v13/2020-04-07_priority_v21_carbon_step07500_site5.npz,80297,6f10713b203e7f8a007bb90ef35fc43beb6d10567b433f5620d8fcc98c3463cc
data/reference/results/full_cycle_v13/2020-04-07_priority_v21_carbon_step07500_site5_execution.json,1198,523e5408597e5c028bc21cca95a5ca5522b95a2d94268a2fbb6eab293e2fabcd
data/reference/results/full_cycle_v13/2020-04-07_priority_v21_carbon_step07500_site5_execution.npz,238488,4f3679865a9d368caa2144a1c51ba09f59547020a62bb36919d5add85820e9d5
data/reference/results/full_cycle_v13/2020-04-07_priority_v21_carbon_step10000_site0.json,209,633344e902003cde90893089705d9b652cb35f6d544ba02a836b5f4e746f318e
data/reference/results/full_cycle_v13/2020-04-07_priority_v21_carbon_step10000_site0.npz,79824,bd9228a72d8e2344d65e6b191b7665ef91c45a5c2cddc3b8efc25628589e0a8f
data/reference/results/full_cycle_v13/2020-04-07_priority_v21_carbon_step10000_site0_execution.json,1180,d6e9dfa334723ca8b1fbbeb200da7bebcda5ec0966e003864ed76aee470c78d4
data/reference/results/full_cycle_v13/2020-04-07_priority_v21_carbon_step10000_site0_execution.npz,236944,bfee5274846978ce68a66c08f982416c631e41084101db9081c351dd88e95088
data/reference/results/full_cycle_v13/2020-04-07_priority_v21_carbon_step10000_site1.json,209,10f4c96c4b2507ee2a84f39a579b5d62dc7109736d306c505ecbaf00c6460019
data/reference/results/full_cycle_v13/2020-04-07_priority_v21_carbon_step10000_site1.npz,79882,b5e03486ae84f30da41be60a92c44fb78291d8a89dfad3d39d4a3f6db5f3bf26
data/reference/results/full_cycle_v13/2020-04-07_priority_v21_carbon_step10000_site1_execution.json,1190,116975e85c29d84b029c8ae5eff6c4fbcdacc88da6bc6e4f664ed2241715f472
data/reference/results/full_cycle_v13/2020-04-07_priority_v21_carbon_step10000_site1_execution.npz,237232,cb26ba7276d000ab937d117387048101368312db03326893e0b52ce2bac9d56f
data/reference/results/full_cycle_v13/2020-04-07_priority_v21_carbon_step10000_site2.json,209,b3ad886995eac32471b858a0ebf906db38c5402099267a541aa215bee7acc7ad
data/reference/results/full_cycle_v13/2020-04-07_priority_v21_carbon_step10000_site2.npz,80243,d1a593ca21323f221e4e6d99b2b43315312b297417af43691deef593e4e994cc
data/reference/results/full_cycle_v13/2020-04-07_priority_v21_carbon_step10000_site2_execution.json,1187,2a14dec326f4614b945e1545a1a46c96f69bb3f171cfb94fac522afb2b0402b1
data/reference/results/full_cycle_v13/2020-04-07_priority_v21_carbon_step10000_site2_execution.npz,238396,1b36ca00adbcfcb976663c43d6d631efb9432e56ff314da5401ca9a0826acbf6
data/reference/results/full_cycle_v13/2020-04-07_priority_v21_carbon_step10000_site3.json,209,384aec60acfe92ea81c90a37ec65f87a89e7ee26b73596b3438e0c01fc166e23
data/reference/results/full_cycle_v13/2020-04-07_priority_v21_carbon_step10000_site3.npz,80147,75d5eedafdcd85079e87ebfb1c48f8bb0f0b945dda59a0f5652bc83367389280
data/reference/results/full_cycle_v13/2020-04-07_priority_v21_carbon_step10000_site3_execution.json,1188,ac10f80138958e6fa2537ae5c84e7a500041063d7f8352ff2b68c77d6334dabf
data/reference/results/full_cycle_v13/2020-04-07_priority_v21_carbon_step10000_site3_execution.npz,238153,3b85c2b7d10908157e600ef687252ee83e17921103d46e3c44254db5969a1060
data/reference/results/full_cycle_v13/2020-04-07_priority_v21_carbon_step10000_site4.json,209,e7e3ec1326cc4aab9d324d2c0d0815ce191e4779d672f0187f1e4970b480433b
data/reference/results/full_cycle_v13/2020-04-07_priority_v21_carbon_step10000_site4.npz,80381,d2b0fcd4cadfdd3e5e662880d04ceb044cd128452d2450dee8efca93e95de76a
data/reference/results/full_cycle_v13/2020-04-07_priority_v21_carbon_step10000_site4_execution.json,1184,8437cc4b0bb25d69289aab7292a5d2457c57788f952b75f14e6ea77659bb3247
data/reference/results/full_cycle_v13/2020-04-07_priority_v21_carbon_step10000_site4_execution.npz,238693,5758cf54842655598e77aa38affc68919fb2542ac05085d6405ef3c03e848ee5
data/reference/results/full_cycle_v13/2020-04-07_priority_v21_carbon_step10000_site5.json,209,4f4c441e73fce8d0a66f4e4f927bdc12c09b4626afce13d227e08d82fde202c0
data/reference/results/full_cycle_v13/2020-04-07_priority_v21_carbon_step10000_site5.npz,80437,a67d896144a56b013d69f4cab736b7327b6c4930d8367594f5e101e6b38f3c84
data/reference/results/full_cycle_v13/2020-04-07_priority_v21_carbon_step10000_site5_execution.json,1185,f8f728f5725a615a6c849dcecabb6996be5ccd5270a093de3e4bc78cbb9df071
data/reference/results/full_cycle_v13/2020-04-07_priority_v21_carbon_step10000_site5_execution.npz,238943,6f2ecdb8eb7e4c7acd55e56af7a6a6fc1b308e9c712540823bd84d7351207c73
data/reference/results/full_cycle_v13/2020-10-17_pareto_v28_raw_site0.json,739,98983943daf6ef0f2aa37eba8a2ac447b6287ba9ed0e7f4dcb079699eea4fc32
data/reference/results/full_cycle_v13/2020-10-17_pareto_v28_raw_site0.npz,77176,e69b12b0049a60a16fabc2beb1978efa76dbb4e58291e056d6e0ec2335e6b732
data/reference/results/full_cycle_v13/2020-10-17_pareto_v28_raw_site1.json,758,d1853a092180a02edb09438eb3fb8ae523f6779fc4ca79bec119c7a2968ff268
data/reference/results/full_cycle_v13/2020-10-17_pareto_v28_raw_site1.npz,77070,60df2c0da4501b00824bca8bdb67e4274ab07c2e367008d1d9aa8f22e2862732
data/reference/results/full_cycle_v13/2020-10-17_pareto_v28_raw_site2.json,749,8b1bbb3d4cb9beeee9ae451ddeb82df536ca7b8a92f1bc171c721f804160ce8e
data/reference/results/full_cycle_v13/2020-10-17_pareto_v28_raw_site2.npz,75792,018df2075b1a8fc9df1b2983085baae7130915880d7f008c47cbc17e4adb6465
data/reference/results/full_cycle_v13/2020-10-17_pareto_v28_raw_site3.json,749,dad50631667e09fa71aa8874332d356c452d3d638f27baa12c4ef5d34b42de3c
data/reference/results/full_cycle_v13/2020-10-17_pareto_v28_raw_site3.npz,75382,6a65fdf32d14fdc307819765aab7f9d6a847abb1ea6b0a1c5a8a13dcbb92e856
data/reference/results/full_cycle_v13/2020-10-17_pareto_v28_raw_site4.json,738,3ea4bc32197c7939ff21a1c25201c82bc324b96577b78f29392e92ac1b3452b9
data/reference/results/full_cycle_v13/2020-10-17_pareto_v28_raw_site4.npz,76759,b19027879115d17fdd5e32513e53f893b6dde2e0179d1d078eb018d802a30ff7
data/reference/results/full_cycle_v13/2020-10-17_pareto_v28_raw_site5.json,760,e6f9fc3157fb27786feb84993d758a247a646d0272a41f18343c622c3f4cdf34
data/reference/results/full_cycle_v13/2020-10-17_pareto_v28_raw_site5.npz,76692,53331b0670e366642625124ee8e515ab0d17d2d9b6baed8d517a7670f27d0f2a
data/reference/results/full_cycle_v13/2020-10-17_pareto_v28_step07500_site0.json,138,451faa5b049fa6aa761eb79ad84fb76bb1f30db5253f6cc009f409be023f4fc7
data/reference/results/full_cycle_v13/2020-10-17_pareto_v28_step07500_site0.npz,79124,553dd398422fd8ef56192bcbb7ed745bab3634a51d6fa1b67426336dff35cf03
data/reference/results/full_cycle_v13/2020-10-17_pareto_v28_step07500_site0_execution.json,1190,2c0ee1893778cfa46157be158012bc46f202256f2b4880fa53e907d2294743b8
data/reference/results/full_cycle_v13/2020-10-17_pareto_v28_step07500_site0_execution.npz,234595,d3b90309d65e1a666c03273a2b830ba6e1ca44c50162f5b7a37b0a242bb6708d
data/reference/results/full_cycle_v13/2020-10-17_pareto_v28_step07500_site1.json,138,78eb203ac95024b74a11eeda4a2f37163b9d4da655a50c99a1a86f996c3d168c
data/reference/results/full_cycle_v13/2020-10-17_pareto_v28_step07500_site1.npz,79413,5cf027e8644422314f1a5b498065bd0345d67dded177ce5c3132ddd3d5e26462
data/reference/results/full_cycle_v13/2020-10-17_pareto_v28_step07500_site1_execution.json,1185,58f4ac9f5ac2a2c675d171609a4d01fe3fed30c52d377a5d379083b91674bf28
data/reference/results/full_cycle_v13/2020-10-17_pareto_v28_step07500_site1_execution.npz,235533,a08dda595a2525c184306eadbcfcc74e5fa9f9ade5744e72b14f5ffef8eca375
data/reference/results/full_cycle_v13/2020-10-17_pareto_v28_step07500_site2.json,138,bde58e093e9bef0089824c3bc1ca6ac3f013121f02b6ad5f81aac1847444db82
data/reference/results/full_cycle_v13/2020-10-17_pareto_v28_step07500_site2.npz,79207,1c0289ec73ee293b5ecca93ef1fbdac2ac6a7c99bcb0d8abd2de3aaa519d6b1e
data/reference/results/full_cycle_v13/2020-10-17_pareto_v28_step07500_site2_execution.json,1186,32f9ebb5e43cd2c803096d66e3cd0fe91dea00145795339e4c42a927e2e6950d
data/reference/results/full_cycle_v13/2020-10-17_pareto_v28_step07500_site2_execution.npz,234577,58c3063ed91452eb7b16003417153258179e7f136c8ab0b06c3b59d1f898e16f
data/reference/results/full_cycle_v13/2020-10-17_pareto_v28_step07500_site3.json,138,0127594e462bc71e8ed174a7bc6d94d5b1bfe3b09e1edd4bed54e2a943799f3f
data/reference/results/full_cycle_v13/2020-10-17_pareto_v28_step07500_site3.npz,78987,427572e2ca00d1a76c49699e635db6d3a1b7b559c80299560e4ed7d560ba7965
data/reference/results/full_cycle_v13/2020-10-17_pareto_v28_step07500_site3_execution.json,1184,95f73c0aa797ef483c1302fe91f399e0fc60e9f8f10554f20151825a9b7fabfd
data/reference/results/full_cycle_v13/2020-10-17_pareto_v28_step07500_site3_execution.npz,234084,e50660ee58e38b7435d300ddaf01e0bc3f43c23054f25c42803bec07f5599120
data/reference/results/full_cycle_v13/2020-10-17_pareto_v28_step07500_site4.json,138,c89f32bc64de98260db62387af11ee06ef36321819b0ce8e29ae942d5a8b330d
data/reference/results/full_cycle_v13/2020-10-17_pareto_v28_step07500_site4.npz,79667,d491b25ae852b9f29dc21c98b1e43652d046d6e98c0807c3d26a6406e10e07a0
data/reference/results/full_cycle_v13/2020-10-17_pareto_v28_step07500_site4_execution.json,1186,8783d3bd7974bb83059e2e9cec0ea413c6319250d35d0395fdba0ac80eb8b690
data/reference/results/full_cycle_v13/2020-10-17_pareto_v28_step07500_site4_execution.npz,235929,e10e3c03171758e92a0cd743f0b4b4ad734ba8db81b2095d6bba8417737a91ac
data/reference/results/full_cycle_v13/2020-10-17_pareto_v28_step07500_site5.json,138,e14f5cabd5e79e08e3f5b35c3ee561c0b27eef577cfc0fa30d0f808815e1c014
data/reference/results/full_cycle_v13/2020-10-17_pareto_v28_step07500_site5.npz,79796,1d96d0c04ae1dbd607befa839ad15e4010e3d0458ef84a1a9d166b37150ec613
data/reference/results/full_cycle_v13/2020-10-17_pareto_v28_step07500_site5_execution.json,1184,9601678313031599978f8acbc778c5afc08bc04230abb71b068b204741f0b3f9
data/reference/results/full_cycle_v13/2020-10-17_pareto_v28_step07500_site5_execution.npz,236304,88e3b221255f8624f6b8c963db495f97ef99460c1197398115efe61678c547e6
data/reference/results/full_cycle_v13/2020-10-17_pareto_v28_step10000_site0.json,137,8076fa8ea2378f93b5baf77ad6f9275ec0fbd468fd7c918b6e5dd3ec23b1ecf5
data/reference/results/full_cycle_v13/2020-10-17_pareto_v28_step10000_site0.npz,79431,25d9a440722b65510f114a66e086b99e972d34cb839c79706d9eba6591be3929
data/reference/results/full_cycle_v13/2020-10-17_pareto_v28_step10000_site0_execution.json,1182,8c0f5c7f85ce7e6cc2755deb15881a096aa2b33c34b7aaaa78b45424a9956807
data/reference/results/full_cycle_v13/2020-10-17_pareto_v28_step10000_site0_execution.npz,235571,e42ec58d4e20ade20de100228a7db9c183c0f0b4ef2f4e98d894d654814a8183
data/reference/results/full_cycle_v13/2020-10-17_pareto_v28_step10000_site1.json,137,6aa4724e93a64dae74f5c7d881db78a49274ddfaa8b0f7070334303e53a2edc6
data/reference/results/full_cycle_v13/2020-10-17_pareto_v28_step10000_site1.npz,79762,cbc46daa09db3bdf423f820f942047aab970b8437eca9f2eb873c636fac559a4
data/reference/results/full_cycle_v13/2020-10-17_pareto_v28_step10000_site1_execution.json,1180,384508243ba9c37842e678d42dc8b1e6ad9d0d0b70eaab2b2b709011508cbafe
data/reference/results/full_cycle_v13/2020-10-17_pareto_v28_step10000_site1_execution.npz,236409,6946eaa77186ef1ab0f00f873d691a4a5c262d8669dad24391e11f4f8fb9a7be
data/reference/results/full_cycle_v13/2020-10-17_pareto_v28_step10000_site2.json,137,d1dac179efa6e01633d1c09280689c1c8a5a55a7c284481890d3249f366cf82b
data/reference/results/full_cycle_v13/2020-10-17_pareto_v28_step10000_site2.npz,79564,683b9eddc4a675c9352f3bc142cd78f5dcdf0017d771d227d4fc43ef7b7dc69e
data/reference/results/full_cycle_v13/2020-10-17_pareto_v28_step10000_site2_execution.json,1174,73ae7ff790c459821de8d85d615f5466bc2093a73f4df0c80d019c38b9cb3f38
data/reference/results/full_cycle_v13/2020-10-17_pareto_v28_step10000_site2_execution.npz,235793,0d98d917b8722532b35318ac5c169663723f26b2bf3ce2d73801280ddb94f111
data/reference/results/full_cycle_v13/2020-10-17_pareto_v28_step10000_site3.json,137,c8e6801b0b0c1f4c333569f52510e1e6333d2f69e157b6b996079864a0578ed1
data/reference/results/full_cycle_v13/2020-10-17_pareto_v28_step10000_site3.npz,79397,d21005582de1a6b63b0f88c584e50a41b298ed032a543773d7caefecfc1dab1d
data/reference/results/full_cycle_v13/2020-10-17_pareto_v28_step10000_site3_execution.json,1182,9744b28d29b108709caf2dbdf107d5aa3dda6217e81e2a67ff4387aee03e0e1d
data/reference/results/full_cycle_v13/2020-10-17_pareto_v28_step10000_site3_execution.npz,235128,d030d465c56f72ea4b8571e438852923fda3126283bc66c9379dcb8155bf13aa
data/reference/results/full_cycle_v13/2020-10-17_pareto_v28_step10000_site4.json,137,93263fd46aad99dcfeb5207bccf9fb5e08e8b5cf87c45d9503bac6d61f6f892f
data/reference/results/full_cycle_v13/2020-10-17_pareto_v28_step10000_site4.npz,79890,cdce8751daaf3189e50f53b939aa65116d8b453321882c3e38a80c092d564ba9
data/reference/results/full_cycle_v13/2020-10-17_pareto_v28_step10000_site4_execution.json,1178,62cec7a37ff382768bb930b7ec52734a635061ed13042621bcfd62f949053cbf
data/reference/results/full_cycle_v13/2020-10-17_pareto_v28_step10000_site4_execution.npz,236995,21703d95f49e85db9c9c84256801dedf968697c26075ac1224c2d86471a19bac
data/reference/results/full_cycle_v13/2020-10-17_pareto_v28_step10000_site5.json,137,2e6e293048dcedb7b49096932b2b7341de70b8668960b521995e50eb1343217f
data/reference/results/full_cycle_v13/2020-10-17_pareto_v28_step10000_site5.npz,80094,82e54eeb460e629f72f3bc6893b5785d8e953af04902e710fe358aedb05128e3
data/reference/results/full_cycle_v13/2020-10-17_pareto_v28_step10000_site5_execution.json,1178,f96fbf59c23d7824b310f41f24c8aed4b2abb8080716f92d849d448769aaded3
data/reference/results/full_cycle_v13/2020-10-17_pareto_v28_step10000_site5_execution.npz,237741,cf7eee82591256cec75025be7a2b07a902f2d9044bab05cf2e61baf0ea829304
data/reference/results/full_cycle_v13/2020-10-17_priority_v21_carbon_raw_site0.json,763,c704e229bddfa08c09279c531301967a578540ed7d707870b3bd8a7439d4739b
data/reference/results/full_cycle_v13/2020-10-17_priority_v21_carbon_raw_site0.npz,77955,b8c186870ce6440851adcd9c6129060c26174c91e645240181a3fea33ce27101
data/reference/results/full_cycle_v13/2020-10-17_priority_v21_carbon_raw_site1.json,782,6f7fb8099406dafa08b1f5a08c6b1eb9c93688af289cb8bae359dbe07cb90ea5
data/reference/results/full_cycle_v13/2020-10-17_priority_v21_carbon_raw_site1.npz,77904,4e7f6c4491f3e3b682ec3fd38957baa4baed697092ec517c86455513a852f772
data/reference/results/full_cycle_v13/2020-10-17_priority_v21_carbon_raw_site2.json,762,eaf02ef7d61e1134c2e44a0c6c6526b6ac140be330d60c563271294ee19a158a
data/reference/results/full_cycle_v13/2020-10-17_priority_v21_carbon_raw_site2.npz,77946,d0778ad795cee43b8044c3754120f3319ae80088b2335bd15cba7e7ad190b264
data/reference/results/full_cycle_v13/2020-10-17_priority_v21_carbon_raw_site3.json,780,0ed43e8b65a24d09c89563ad4ef0435b2a96e9fa1677b22615040e43a55def78
data/reference/results/full_cycle_v13/2020-10-17_priority_v21_carbon_raw_site3.npz,77772,0a79d5b86eecdd3e4e99e9c9c2ecdf269b8bfcbc89336f9b29a98f3274a6dc7f
data/reference/results/full_cycle_v13/2020-10-17_priority_v21_carbon_raw_site4.json,780,bab2cdfbc4ac673cd34656bf65b913b35e394b8c6212cd4e44b24bd7e2699756
data/reference/results/full_cycle_v13/2020-10-17_priority_v21_carbon_raw_site4.npz,77716,2e6bced2fd2f731b4579790c1cbdb425c0568bf9b763454c6c2a327206c92c86
data/reference/results/full_cycle_v13/2020-10-17_priority_v21_carbon_raw_site5.json,783,fd405f62be2498aed95244692c75f1beb2dfbda5d0eb33d42fa7be63ab0658ee
data/reference/results/full_cycle_v13/2020-10-17_priority_v21_carbon_raw_site5.npz,77935,f66f52915a0df303978b0fab01e9dd8d53da37b7d5a753d3ecd05fd587646cb3
data/reference/results/full_cycle_v13/2020-10-17_priority_v21_carbon_step07500_site0.json,210,adb686f8a66660aa5ed89ad1f1ba53de1ceebe0783d95ead693333e6115c71c0
data/reference/results/full_cycle_v13/2020-10-17_priority_v21_carbon_step07500_site0.npz,79547,3ed60bfa8e759a432a394fbe9d2dd2f39946d5e06a53ec80ed9ecc1fb08a44cc
data/reference/results/full_cycle_v13/2020-10-17_priority_v21_carbon_step07500_site0_execution.json,1196,ce6f141899fc740acc5e5afb7ccdb0b6f09b97ab0c321af4b45564a8f6431c33
data/reference/results/full_cycle_v13/2020-10-17_priority_v21_carbon_step07500_site0_execution.npz,235884,27a465fc8af4fb9a0dd0ee194fe4028c606b10ae396a9df2716f1ed872c279d9
data/reference/results/full_cycle_v13/2020-10-17_priority_v21_carbon_step07500_site1.json,210,a32b66ba562547361de303ff9d058025767b3b86fcbf89928fdb8d78d7b9c79e
data/reference/results/full_cycle_v13/2020-10-17_priority_v21_carbon_step07500_site1.npz,79856,762a0cd163a61b74d9058b8db637bf7b497fe3a98569bddc166e83c50d552123
data/reference/results/full_cycle_v13/2020-10-17_priority_v21_carbon_step07500_site1_execution.json,1196,eea89da8a2277afa206c15367b44a3e49338f83ef5618e021519bedcbf8cbc5d
data/reference/results/full_cycle_v13/2020-10-17_priority_v21_carbon_step07500_site1_execution.npz,236667,56c6ccd5aa8ab31d8713f57d1537ff7f58c84cfa44c81db817b43f13e04ed80e
data/reference/results/full_cycle_v13/2020-10-17_priority_v21_carbon_step07500_site2.json,210,07efb204df702c081156849aaa8f5ae825e2faa7c0a1ccaf5b0950eebc7c005e
data/reference/results/full_cycle_v13/2020-10-17_priority_v21_carbon_step07500_site2.npz,80049,8f089f187bd5792f4323a269ed827c8e9ecb4fe99e1d74f2884f3718e60a8a08
data/reference/results/full_cycle_v13/2020-10-17_priority_v21_carbon_step07500_site2_execution.json,1202,479956f3612abf91c5f94a36b8d12eb2b4a7e2f58a214e9c2532456e0a5724fe
data/reference/results/full_cycle_v13/2020-10-17_priority_v21_carbon_step07500_site2_execution.npz,237366,787d6124d04296eb8c8448aafe7918e8fef639b339f314175a19ea6aa75a38ba
data/reference/results/full_cycle_v13/2020-10-17_priority_v21_carbon_step07500_site3.json,210,8dfcbc9a6f72e384a332d5de8a3c1ca5ecccc76ce33bd264e6347dc0e04bb892
data/reference/results/full_cycle_v13/2020-10-17_priority_v21_carbon_step07500_site3.npz,80036,32794001f0697e7fb1180627ad8d05025f748cf812d0400de2977e224b4ffa38
data/reference/results/full_cycle_v13/2020-10-17_priority_v21_carbon_step07500_site3_execution.json,1196,78ddcd64d353dae3effc97ce8e7ad7497396408f427a00e2268d99042e9993c2
data/reference/results/full_cycle_v13/2020-10-17_priority_v21_carbon_step07500_site3_execution.npz,237336,1232d48b8a03ad11e52290a6fc20b0653c2d6f9f5c84abcc5af9c53e65f8fb53
data/reference/results/full_cycle_v13/2020-10-17_priority_v21_carbon_step07500_site4.json,210,66fd850e8a6f66fd20db4dcd51096682041d808981c6e521a93daf2efe1bd7e4
data/reference/results/full_cycle_v13/2020-10-17_priority_v21_carbon_step07500_site4.npz,80174,575039750cd24c4b30ca8797e3d6c1d75572e6fecb1ba5e6f7dfe36032c7ccdd
data/reference/results/full_cycle_v13/2020-10-17_priority_v21_carbon_step07500_site4_execution.json,1198,29d4af1355c841da7e0aaf717c05f73ddce832dada30b4bc8b446e43320b759d
data/reference/results/full_cycle_v13/2020-10-17_priority_v21_carbon_step07500_site4_execution.npz,237738,f89b701958562f3308e39910e8e502a992b189f11c543254fcc96ad8fb2277a1
data/reference/results/full_cycle_v13/2020-10-17_priority_v21_carbon_step07500_site5.json,210,343a1012141a70cf263ebab3cbe4ac45613f8f8085b0792c1f9e2ceb4d3daf5a
data/reference/results/full_cycle_v13/2020-10-17_priority_v21_carbon_step07500_site5.npz,80238,68ae417526489b7ce42cba3458fd00096f67aa5d3a7b62e9c632e349292882e6
data/reference/results/full_cycle_v13/2020-10-17_priority_v21_carbon_step07500_site5_execution.json,1197,794d326b3fc971514dc154d74a8aeb7a980574a6f4037c7344007f7e013025ea
data/reference/results/full_cycle_v13/2020-10-17_priority_v21_carbon_step07500_site5_execution.npz,238130,68a7e54aa1275d3f1396b09f6cd25041d03d02d4697338610a27787a58cafefe
data/reference/results/full_cycle_v13/2020-10-17_priority_v21_carbon_step10000_site0.json,209,817239f5962aced192ffd159acfa482a14d496769a6ba28baa994fda2c95e7d7
data/reference/results/full_cycle_v13/2020-10-17_priority_v21_carbon_step10000_site0.npz,79804,d5201737aa9414704aec7f1371e2a4c0a09a4aaf0c76cbf7f9bd1ef7a38112b9
data/reference/results/full_cycle_v13/2020-10-17_priority_v21_carbon_step10000_site0_execution.json,1184,37899d3786e8c361840fe95ab183fab3672fd96ff78cd9a02020b8a8e0ddbb0f
data/reference/results/full_cycle_v13/2020-10-17_priority_v21_carbon_step10000_site0_execution.npz,236625,61b9fae077d9e70adac51f37a3d7bea442ca0deefe568d80c43516e283066101
data/reference/results/full_cycle_v13/2020-10-17_priority_v21_carbon_step10000_site1.json,209,d910d3f3735c6eb2e8039b8f0d7c759e50f0807c49065003f84d543b23d6ba06
data/reference/results/full_cycle_v13/2020-10-17_priority_v21_carbon_step10000_site1.npz,80113,7b69474020b4acf70203a8f91a9accd6e98d4d8e34d96611380b486525a69df9
data/reference/results/full_cycle_v13/2020-10-17_priority_v21_carbon_step10000_site1_execution.json,1189,2af9a8f0d6328e2a08c4b7112e9a0a7191acee46bae53523371cd14ff5a32ebf
data/reference/results/full_cycle_v13/2020-10-17_priority_v21_carbon_step10000_site1_execution.npz,237522,d1f2333bb7631f81cfaa9d57e818c287ceb42e9cad6ada5555d1edbf4e16b314
data/reference/results/full_cycle_v13/2020-10-17_priority_v21_carbon_step10000_site2.json,209,cbe956e676f710434ea86594a7d14886c9acdb82f3eb314322a15645d2163703
data/reference/results/full_cycle_v13/2020-10-17_priority_v21_carbon_step10000_site2.npz,80182,cb6211e9ac02a4ab15fc168bf9b8444accb99ed3c9bb436bbb3491f618318882
data/reference/results/full_cycle_v13/2020-10-17_priority_v21_carbon_step10000_site2_execution.json,1190,58cea05a2cc803adb8381ad8bfb3067d3260883e11851235bcf38b704834734f
data/reference/results/full_cycle_v13/2020-10-17_priority_v21_carbon_step10000_site2_execution.npz,237998,be32339203867664acd0d873fda37405be9f417c2fe0384e7ea0faf440d54623
data/reference/results/full_cycle_v13/2020-10-17_priority_v21_carbon_step10000_site3.json,209,765f9922abdf4ec802a2359e2bf542522ca77f99b3d8ce5f7da929a15ce4cb39
data/reference/results/full_cycle_v13/2020-10-17_priority_v21_carbon_step10000_site3.npz,80225,26ced0776d4614e10ecce4f3bd1d4a26850d1b5ed9ce0ff71c4765562fa6863c
data/reference/results/full_cycle_v13/2020-10-17_priority_v21_carbon_step10000_site3_execution.json,1189,4463395ebb10b0ddcfb6e8f3db477ef83bd35cd422cded841c457d0953436e19
data/reference/results/full_cycle_v13/2020-10-17_priority_v21_carbon_step10000_site3_execution.npz,238061,191228ba99d26d6d441706e219b792a371f7a09de83cdf380d07ed27f13d5c91
data/reference/results/full_cycle_v13/2020-10-17_priority_v21_carbon_step10000_site4.json,209,d74757e42348fbabc34b492b4b6fa694b3190898b44b6ad52cbfdc8d2497ece4
data/reference/results/full_cycle_v13/2020-10-17_priority_v21_carbon_step10000_site4.npz,80290,f7d22fca695374ac3650d3fb0fcede734428d2257e20b35c4588719a019bca01
data/reference/results/full_cycle_v13/2020-10-17_priority_v21_carbon_step10000_site4_execution.json,1189,630765f126874ba43d15f7af5c30aec18a2684d2a4f34e5801cf86d4e61aaa74
data/reference/results/full_cycle_v13/2020-10-17_priority_v21_carbon_step10000_site4_execution.npz,238296,4d50f147831b98771841ad77e5a962bca9c61c48109f3c91b0f0786e9f6a9d2b
data/reference/results/full_cycle_v13/2020-10-17_priority_v21_carbon_step10000_site5.json,209,c74c9623d8599b9268b3399b71023ba95a1bb3dcdd2e57390a6d9cb4a162ddf7
data/reference/results/full_cycle_v13/2020-10-17_priority_v21_carbon_step10000_site5.npz,80435,4688829cf21869ebad26436b29e94bc269240e6b61b93795699788601a61b869
data/reference/results/full_cycle_v13/2020-10-17_priority_v21_carbon_step10000_site5_execution.json,1180,6d3937de24d0373eb9a9bb1c2ec1a52ba68ba158641b7fe3d1d09bc062a64be5
data/reference/results/full_cycle_v13/2020-10-17_priority_v21_carbon_step10000_site5_execution.npz,238753,6b48b4e31fb72444adb0a8fadae57d6d8aae7e4d53752dc46a6d292ed1846daa
data/reference/results/full_cycle_v13/2020-11-29_Liu2025_execution_site0.json,736,b5c0cfaf6ccc61c6247408e02295503e78c496e382de263e352aef857f05ad95
data/reference/results/full_cycle_v13/2020-11-29_Liu2025_execution_site0.npz,77181,f12cd0ddc3a122825b288602a52871090952a70a0a4f588d6a3269c356a799ff
data/reference/results/full_cycle_v13/2020-11-29_Liu2025_execution_site0_execution.json,1177,575cc5a13d2a2c2a438c304473c721b20924813f8464369c23c17cae0ada578b
data/reference/results/full_cycle_v13/2020-11-29_Liu2025_execution_site0_execution.npz,235077,ea15ac62a013d293391a42e75995758cb80bdbc3e4483c973e7882cd661e6083
data/reference/results/full_cycle_v13/2020-11-29_Liu2025_execution_site1.json,735,b03a1dd6751d59aae0ca30d584627a474ee4e98a74d44d12112ae39306a6c7e7
data/reference/results/full_cycle_v13/2020-11-29_Liu2025_execution_site1.npz,76971,4e2e7849946fd03d480e88ee6a334cf3a6dde2292c32a9dde403d0b4d237c30e
data/reference/results/full_cycle_v13/2020-11-29_Liu2025_execution_site1_execution.json,1184,59d7aba9f67272d6583dd258d136720510cb8b1242cd03c575e954a1b5f7f906
data/reference/results/full_cycle_v13/2020-11-29_Liu2025_execution_site1_execution.npz,235673,78a873a20f45bde6e2d65ae057ce1aaba3072562b726225dc04479e76dc05af5
data/reference/results/full_cycle_v13/2020-11-29_Liu2025_execution_site2.json,737,2d5b53a11f272d8252d91c98c39a3b2fcd0c31558ed5ceff9bc80a8a75fe24fe
data/reference/results/full_cycle_v13/2020-11-29_Liu2025_execution_site2.npz,77182,c183a3cdcca0f9b0984c493cfd0fdb4808e735a1322ae14c222f0bb9e2af352d
data/reference/results/full_cycle_v13/2020-11-29_Liu2025_execution_site2_execution.json,1181,91250791ad4d09657e107444cd86ddca4c1bbb024425bb4594300b28ffb00408
data/reference/results/full_cycle_v13/2020-11-29_Liu2025_execution_site2_execution.npz,236556,ff919b57b7e40cdecb4a975880e5c329015bf495ab0a71c6896405d82f411ec5
data/reference/results/full_cycle_v13/2020-11-29_Liu2025_execution_site3.json,739,167c233c5f12f5eb61b557cb7c89d7b3611a52d8a194e6e0b8e35029b0816d78
data/reference/results/full_cycle_v13/2020-11-29_Liu2025_execution_site3.npz,76933,3e0917df9e0b28f731cf169429ef9a1283c4d76613e468759b4036c75eb6165a
data/reference/results/full_cycle_v13/2020-11-29_Liu2025_execution_site3_execution.json,1185,236ee49b06c8a564108b747c42c7994c034359d866e140faeba5b7548728df15
data/reference/results/full_cycle_v13/2020-11-29_Liu2025_execution_site3_execution.npz,236345,27229c9e1245e51493ecaf38e7af9c5b464b92012971c9f705e64b6b40d7360d
data/reference/results/full_cycle_v13/2020-11-29_Liu2025_execution_site4.json,739,2b68395032f54257bd19bd7dc342a708115a44350cb7cddeeb1be9169055a6ea
data/reference/results/full_cycle_v13/2020-11-29_Liu2025_execution_site4.npz,76787,ef54ba4eda043dfacc204489b9a27bc39b0b0a577644d3f61774498255ab8f55
data/reference/results/full_cycle_v13/2020-11-29_Liu2025_execution_site4_execution.json,1183,9789ec3474ab8391c7da9bde37f554373d9b3db9a998a538fffd7bebd8a81331
data/reference/results/full_cycle_v13/2020-11-29_Liu2025_execution_site4_execution.npz,236820,0848e02cae99265c478c67834518f1c51b151038083d4acddb8d3990ede65b75
data/reference/results/full_cycle_v13/2020-11-29_Liu2025_execution_site5.json,737,5ce3476b708f211407762215242ad63ce8a22e31c662905b497688afcbd049f8
data/reference/results/full_cycle_v13/2020-11-29_Liu2025_execution_site5.npz,76871,13f41a8f88d430170478c711c10e4df34c2ad0eaafe3b75b88767a9c490322a9
data/reference/results/full_cycle_v13/2020-11-29_Liu2025_execution_site5_execution.json,1180,445f6185ae737081160ec12acdf590560f82f9a4392aafeb79caf5288efc8035
data/reference/results/full_cycle_v13/2020-11-29_Liu2025_execution_site5_execution.npz,237001,052899740e979c044f6975ee9b655931e41bd158ce9309348ab3ad8f96dc00b5
data/reference/results/full_cycle_v13/2020-11-29_balanced_v16_raw_site0.json,752,55c1aca844d271f95022c5daea1ca0ba55170cb471a7a3c71d57df5f622e58db
data/reference/results/full_cycle_v13/2020-11-29_balanced_v16_raw_site0.npz,40540,ef5444a9ce76c4576a0262f6fe6243e32f0c2dedb3f52fc2e4932ebe6d1a2781
data/reference/results/full_cycle_v13/2020-11-29_balanced_v16_raw_site1.json,781,462e0f03c7436ce4224271228e22ba22311e9501ccc912b0ebea74e8a31068b1
data/reference/results/full_cycle_v13/2020-11-29_balanced_v16_raw_site1.npz,40672,80e62a693d1252b5ef939977bba4f50fe29d7dd0517c7adbb4e71559706aa848
data/reference/results/full_cycle_v13/2020-11-29_balanced_v16_raw_site2.json,772,b998d72806f9987e8c304a5f4d0fc4dca597544e49049f3c3497ac7815285f28
data/reference/results/full_cycle_v13/2020-11-29_balanced_v16_raw_site2.npz,40616,50e9a38b00507400f92317872a7a00f88d3a7cdb73c953e46d79e78c2db3a46f
data/reference/results/full_cycle_v13/2020-11-29_balanced_v16_raw_site3.json,772,d751f15663694a33515ed166a9d5f2fa669bbe7984231f822b77418b58f15432
data/reference/results/full_cycle_v13/2020-11-29_balanced_v16_raw_site3.npz,40545,9b159eb5de3b8a150e0505ec64dfd7a702ea936f03e78ccd61f6e8ad87a10624
data/reference/results/full_cycle_v13/2020-11-29_balanced_v16_raw_site4.json,762,577aae2f233a40218636babccc6d2c819c12fe058e0fe507d5a4fcaacd683669
data/reference/results/full_cycle_v13/2020-11-29_balanced_v16_raw_site4.npz,40880,56a4ba9f8957c0ced942fbe032bc56aa484e872da02646d1a1246c2dd99e7560
data/reference/results/full_cycle_v13/2020-11-29_balanced_v16_raw_site5.json,752,e173340ac4654c9a99cf402d524a7858a3937df11e25b997d2b80b6d0715b90a
data/reference/results/full_cycle_v13/2020-11-29_balanced_v16_raw_site5.npz,40620,56bf638c8782ca98ab29f245000a9f9bd9612f67a1809ee8e6f618180fc642bd
data/reference/results/full_cycle_v13/2020-11-29_balanced_v16_step05000_site4.json,194,49a2ee00dc9da3c435fa894102df5a2c4c26d05d337d098f0c3f7ae2de911b20
data/reference/results/full_cycle_v13/2020-11-29_balanced_v16_step05000_site4.npz,80595,95fb77cca917e36ac03d44d041bbee77f5cbe943c687c1ecaa2c6f9b287c1da1
data/reference/results/full_cycle_v13/2020-11-29_balanced_v16_step05000_site4_execution.json,1189,7282cc1a75c6ce96d243832f4a74c5a1c01125ad74c9cc051f5eeeb8a99f5571
data/reference/results/full_cycle_v13/2020-11-29_balanced_v16_step05000_site4_execution.npz,238604,9a56f224681f905a5da62ef5183afba343fa477c0efea53856540c52315f3da4
data/reference/results/full_cycle_v13/2020-11-29_balanced_v16_step07500_site4.json,195,0e9cdec6ad3a77182e5a8c2bc63994d8066ceba6c6b46dadcf1f1da7b76b634d
data/reference/results/full_cycle_v13/2020-11-29_balanced_v16_step07500_site4.npz,80498,3094559f7989a115fe39ab86f0a0d4378743e70c77b6457a22d77e1f6fff81f0
data/reference/results/full_cycle_v13/2020-11-29_balanced_v16_step07500_site4_execution.json,1189,d7d5e4f1217c4a541a4031520823debbe16a172c87d7d2ac1e9494a940a296b4
data/reference/results/full_cycle_v13/2020-11-29_balanced_v16_step07500_site4_execution.npz,238450,2ed29f7c8c8391de409abe32393859643203b540084f77655a4f2ccc2e261d7f
data/reference/results/full_cycle_v13/2020-11-29_balanced_v16_step10000_site0.json,194,7502e5e7998ebfe529efeae06fb37c8a9b2105699a51b072b93b44504cb3d0c6
data/reference/results/full_cycle_v13/2020-11-29_balanced_v16_step10000_site0.npz,79774,7135cd0be0ae7618e33fc7527012d7c17b4ff4fe61b3debcdfd42ad6e202083c
data/reference/results/full_cycle_v13/2020-11-29_balanced_v16_step10000_site0_execution.json,1188,811031d433d8583c869c7d49d27fa56f9931a71f71ec352da5b31a533c3ccaab
data/reference/results/full_cycle_v13/2020-11-29_balanced_v16_step10000_site0_execution.npz,236270,434a9c519552c4af2cd6d56bab5a7887d13898235105ec7296f07d056ddb8e5b
data/reference/results/full_cycle_v13/2020-11-29_balanced_v16_step10000_site1.json,194,887cc2368f882699165fa4fbe0f315bc961e3b29b76febb4cd74f768763d9079
data/reference/results/full_cycle_v13/2020-11-29_balanced_v16_step10000_site1.npz,80049,6774a440505d072914e9039f3a4ea4611b11dfdd992f09789cd56c3a793f5cc2
data/reference/results/full_cycle_v13/2020-11-29_balanced_v16_step10000_site1_execution.json,1187,05547506478f485d6e960b95c0e5cb10777ed6c1c449965d9419161ed7fea179
data/reference/results/full_cycle_v13/2020-11-29_balanced_v16_step10000_site1_execution.npz,237105,b56a0ac4fcc10e72dc0bffcd401bb52c1b0219e2f364ce76d1215741f4c99414
data/reference/results/full_cycle_v13/2020-11-29_balanced_v16_step10000_site2.json,194,01efc1cee6f26bd475eda18ea809921877c7d403632ce134907fbaeea5e72afb
data/reference/results/full_cycle_v13/2020-11-29_balanced_v16_step10000_site2.npz,80250,88b1926a9e472776ceb36e240d44d43d7be836e25cd1d3568d97fe300978088d
data/reference/results/full_cycle_v13/2020-11-29_balanced_v16_step10000_site2_execution.json,1188,d30a9116cd932a38d7208b070c87f6547d7c7c49fa9296f0f1582d743c51b4aa
data/reference/results/full_cycle_v13/2020-11-29_balanced_v16_step10000_site2_execution.npz,237749,72f64a18ec508e53d6dd2f07e540df321538870aa4edad6bbd32d17f07391410
data/reference/results/full_cycle_v13/2020-11-29_balanced_v16_step10000_site3.json,194,1bcc9cc23e6bf4968fcd4a4d1f3d5836b5a09b12e1ecd8cc2230d31ae67bac03
data/reference/results/full_cycle_v13/2020-11-29_balanced_v16_step10000_site3.npz,80215,bb2a6d5c34f38ff470621eeaad7c4f011692168b87dfc83eb9a6575d3db1056c
data/reference/results/full_cycle_v13/2020-11-29_balanced_v16_step10000_site3_execution.json,1183,401e9a5222d67ce132150dfa865306ae7f3be1ca4eba263658bf1d10bf1abb17
data/reference/results/full_cycle_v13/2020-11-29_balanced_v16_step10000_site3_execution.npz,237609,cf0559ef51c257a6006873f8a6f5f13541e96264729527e6e2413d3d1231c62c
data/reference/results/full_cycle_v13/2020-11-29_balanced_v16_step10000_site4.json,194,8e8780e738b25ea2a31f8dd9e2437e3c2d93c7db0c59145554baaf15ca6a8227
data/reference/results/full_cycle_v13/2020-11-29_balanced_v16_step10000_site4.npz,80502,2af1f6750fea24fa5d9d2ef721f205041ae7d395627ec7f43bb2f9bc171df527
data/reference/results/full_cycle_v13/2020-11-29_balanced_v16_step10000_site4_execution.json,1185,3b28b7b47a17f90af56b5c14cc9e62c558f2a02949f644a786cf3df8b66e95c8
data/reference/results/full_cycle_v13/2020-11-29_balanced_v16_step10000_site4_execution.npz,238555,f537150a3bbe140bbbad142ef2d09caf65a9618846bc834c1d2e428c7a195225
data/reference/results/full_cycle_v13/2020-11-29_balanced_v16_step10000_site5.json,194,cf0e7e00a201cbc2e258e6f6426dd003501f9244a8722a97937cbca767d22358
data/reference/results/full_cycle_v13/2020-11-29_balanced_v16_step10000_site5.npz,80363,606c6202a0ebfd8a676913fa6e12cb9e3eddca603c8f3017b07dc6569509cb43
data/reference/results/full_cycle_v13/2020-11-29_balanced_v16_step10000_site5_execution.json,1187,21cc2933ca80ff175b89accb956244035c4e99f776376d050d44af72f25835c3
data/reference/results/full_cycle_v13/2020-11-29_balanced_v16_step10000_site5_execution.npz,237900,70f9dc2cd62dd3da09b5e1d35cc8b329fb6d59ac5986203c4b71cf9bb2eadb75
data/reference/results/full_cycle_v13/2020-11-29_cost_site0.json,579,0bb4e3bb10cfda7f34954088fb01597ba0ad9deb65a8ef6f767b1ddd336af542
data/reference/results/full_cycle_v13/2020-11-29_cost_site0.npz,77765,a975abb4f637cb7aa0621e488cfe2658e9e771d534d7e5e2acef644fd79af68b
data/reference/results/full_cycle_v13/2020-11-29_cost_site0_execution.json,1169,547582869fee12ccf1b517e4ba59eacef0bf0812a63dffddec474295edb48057
data/reference/results/full_cycle_v13/2020-11-29_cost_site0_execution.npz,236513,205d555eeacf05ab2f9af5079810a56fe6f5783e4f7a8405799291436f6fb3ea
data/reference/results/full_cycle_v13/2020-11-29_cost_site1.json,582,4f47fc0461e0dccdf7948783e38de1e757bf29a7f3fd982c859351d91a0b51d9
data/reference/results/full_cycle_v13/2020-11-29_cost_site1.npz,77583,cd43ca630fb17e27a23015ebd478a43f59d7ab46e0711984111d42287118855c
data/reference/results/full_cycle_v13/2020-11-29_cost_site1_execution.json,1171,e09dc1ed3e195c472073cf227600d53cf86ea7feb4d316058dd52ed53b0b2ede
data/reference/results/full_cycle_v13/2020-11-29_cost_site1_execution.npz,237118,784cb92e34b0ef23c304a7b1c392dd4425d858db90420ec8f1803e45f369b9d5
data/reference/results/full_cycle_v13/2020-11-29_cost_site2.json,605,0c066a5c11c40be2a698919fcc085efdeb348b4631182df57082c971c0f66dc8
data/reference/results/full_cycle_v13/2020-11-29_cost_site2.npz,77536,38f48c114c0dac3b5923d511e085ca56842de8192fa5c6d2d240087c494d0d4d
data/reference/results/full_cycle_v13/2020-11-29_cost_site2_execution.json,1172,01a1a3534c08cda366d4a179b6761c8a78aee353d65d36b531b017e511d093d9
data/reference/results/full_cycle_v13/2020-11-29_cost_site2_execution.npz,237503,b4f5f53a49966cbaf2379d1eed814a885eefa212385c836a3ce57d1e7f7b8c17
data/reference/results/full_cycle_v13/2020-11-29_cost_site3.json,602,7be8b39ed1865c0edb787770b4be35e42d55bca1574e3bc5850e21c8e30e1953
data/reference/results/full_cycle_v13/2020-11-29_cost_site3.npz,77319,d1156066234d4fc0d76fe2fc4f034f14d91923b2ad5fe805cd7390caa2de64de
data/reference/results/full_cycle_v13/2020-11-29_cost_site4.json,583,63c4686e6203a78b34478e30f9b22952c69933b5e31950f479a6b5926a01ba7c
data/reference/results/full_cycle_v13/2020-11-29_cost_site4.npz,77859,1043b00dc94b92cd42b1046641aa5233cb211e963ea93cbbcb443ce3b7462e95
data/reference/results/full_cycle_v13/2020-11-29_cost_site5.json,581,3f4420181acad72a84a3f2f40ee78933a0692637672675fd17453ebba09193cf
data/reference/results/full_cycle_v13/2020-11-29_cost_site5.npz,77628,0e04f31ce015a26e727ecf04c949edb1f8051bc0184808a412e30233ecb6f636
data/reference/results/full_cycle_v13/2020-11-29_cycle_spectral_site0.json,264,fb80163dcb97307443b2a583052ef0801c85dee2b816fcd3a75c289138e05897
data/reference/results/full_cycle_v13/2020-11-29_cycle_spectral_site0.npz,79700,c02bde526f37a4d19fdc2d222b10bdee43b465cabca9c76aa09b62ffcdd17d77
data/reference/results/full_cycle_v13/2020-11-29_cycle_spectral_site0_execution.json,1176,88f11bf40139aa767f0b4d784de8da87fc34ac9852c3c6d55aa59bc4ed3561fd
data/reference/results/full_cycle_v13/2020-11-29_cycle_spectral_site0_execution.npz,236617,de7628ec85c192cab286a83ba1bd2b7491d89e86b00cccb837a40ace3367b918
data/reference/results/full_cycle_v13/2020-11-29_cycle_spectral_site1.json,264,8cb8adecf73dda422471039f4299923ec211c1b0c16cb4b13cf53885de1fb210
data/reference/results/full_cycle_v13/2020-11-29_cycle_spectral_site1.npz,79909,9ffa39b227654635de867eaa6e397c0ca1f45201bccaaae497cc6e326d8c9fb9
data/reference/results/full_cycle_v13/2020-11-29_cycle_spectral_site1_execution.json,1180,2baac72c15cd6f2e90e98e679c9e9b3a85b67302f30823a036c57860926b781f
data/reference/results/full_cycle_v13/2020-11-29_cycle_spectral_site1_execution.npz,237230,287cd17a132239a763ee1b656796d5de2fe623e9e70d27113f3eb24d97b8c0c0
data/reference/results/full_cycle_v13/2020-11-29_cycle_spectral_site2.json,264,71acd362c8088df6e5561123ffe32064314bf2ce73dff499a106492fd3b15b55
data/reference/results/full_cycle_v13/2020-11-29_cycle_spectral_site2.npz,80069,abccc4be4974946b591ac5f00086afe00eff1cadf704a4b68de4bce27f4e1536
data/reference/results/full_cycle_v13/2020-11-29_cycle_spectral_site2_execution.json,1181,9cc963ce899746da4cd82fe7312862cacd5e711923f8061ea218d39c9ad57c07
data/reference/results/full_cycle_v13/2020-11-29_cycle_spectral_site2_execution.npz,237661,d7123e3aa8b2e4ee157175281007512f3089143a9c441b39c0a824d2de90467e
data/reference/results/full_cycle_v13/2020-11-29_cycle_spectral_site3.json,264,994afff5f7d51c657d989b3bba920d85e30dcfced934f94be348db21a0772fca
data/reference/results/full_cycle_v13/2020-11-29_cycle_spectral_site3.npz,79930,d611cab9a06feaf78a11be067b0790a33b9c7df54990e47e2e2e2517f4d7a4ed
data/reference/results/full_cycle_v13/2020-11-29_cycle_spectral_site3_execution.json,1178,7f3129146bbf871aeb8c3eefefd03e065f6cdf00c7e204cf8a4d2061489d88d1
data/reference/results/full_cycle_v13/2020-11-29_cycle_spectral_site3_execution.npz,237307,0f713bd5134550d5e807693e8e3e82f4e727d5d4c2cb105fbb04ec86f08dbcc0
data/reference/results/full_cycle_v13/2020-11-29_cycle_spectral_site4.json,264,12edcabaa8e27b227afbda3fac11caf12e6a46af372d4f815eb81e241a98e72a
data/reference/results/full_cycle_v13/2020-11-29_cycle_spectral_site4.npz,80347,ce9c9a4a8275d474fa80fec2f88bb08778826ae801e0e833f02e39c2111af3f2
data/reference/results/full_cycle_v13/2020-11-29_cycle_spectral_site4_execution.json,1183,f125871602357b3b4f3bf5aa481870a1675b8bb2bbd5b61773f0ffbfc74c866c
data/reference/results/full_cycle_v13/2020-11-29_cycle_spectral_site4_execution.npz,238660,eb237b542922dd3bf1a4581203bfb073855585dbf0b4abcdc7b6c6115b6069b7
data/reference/results/full_cycle_v13/2020-11-29_cycle_spectral_site5.json,264,315781208cef3ba6cdac046e8ee4eef03586813996be6072fb00f40c4db8c207
data/reference/results/full_cycle_v13/2020-11-29_cycle_spectral_site5.npz,80316,6aa3b5a73dfa13459358ae28cecf1193a447e822db00dc8ce9affdfdad33932e
data/reference/results/full_cycle_v13/2020-11-29_cycle_spectral_site5_execution.json,1176,9a14be667998ca09a4a6af8d50cbd8956959607f98198b9d47f5b4d64f54c51c
data/reference/results/full_cycle_v13/2020-11-29_cycle_spectral_site5_execution.npz,238499,5a62e8a03b86d85e1564063ca4e122eed61478f555abb20552a19fd00662d037
data/reference/results/full_cycle_v13/2020-11-29_cycle_spectral_validation_summary.json,7527,3a4e4f4fa56af86e85bd9dd2ce81eeab16772ca02e4f943d0b066f54b5ceca27
data/reference/results/full_cycle_v13/2020-11-29_direct_v20_raw_site0.json,770,aa357b3cea759be30805b4a4fa273c1b92204415617aaa978d1da1bd6850eb09
data/reference/results/full_cycle_v13/2020-11-29_direct_v20_raw_site0.npz,40693,8897074fdac07251ef745c477e748095105e73fb7a8331dd816d2acec4afd688
data/reference/results/full_cycle_v13/2020-11-29_direct_v20_raw_site1.json,771,a5dd2caf1212875ce78f4808f63c964e1635c24e911c37bf87cf625c5e2b5869
data/reference/results/full_cycle_v13/2020-11-29_direct_v20_raw_site1.npz,40695,df661298fe55bb8277226c259eebf15ede8d19cb6078a3fe93919d7e4d6ac8cc
data/reference/results/full_cycle_v13/2020-11-29_direct_v20_raw_site2.json,779,5d13decee8a4734cdbda8e5cf1bc4ca5624bfc6700c6298fe1bade46951298a4
data/reference/results/full_cycle_v13/2020-11-29_direct_v20_raw_site2.npz,40742,940e17b4786b4d76cf3dd7066bc2c316293c712e524483f71bd4c39fb170f997
data/reference/results/full_cycle_v13/2020-11-29_direct_v20_raw_site3.json,760,7d6d3badbcf5a5f3176ec34fbdff5b195f6cd3479a033c1c1a89196ce80c732a
data/reference/results/full_cycle_v13/2020-11-29_direct_v20_raw_site3.npz,40586,7afa60960b53803b110cfa75128323c6e83dcb2e90938d1cc4e79ae446fa8455
data/reference/results/full_cycle_v13/2020-11-29_direct_v20_raw_site4.json,765,92dea98324eae4a918a6ad4b82bab3e3a31c7e928fc2dfe83895159545ab1d25
data/reference/results/full_cycle_v13/2020-11-29_direct_v20_raw_site4.npz,40974,cc490ee9b39cd289e817a278ffc301fe158e203b2d10fba17382584177c5e279
data/reference/results/full_cycle_v13/2020-11-29_direct_v20_raw_site5.json,779,599bc31ac85aaf4968191c0ee263739e2ef8731ecd9df88e2193f6fff59f1fb6
data/reference/results/full_cycle_v13/2020-11-29_direct_v20_raw_site5.npz,40804,b9f8e11f23da4369fb59b093e6de786b625a607b1a70faada4dd63c7881d5076
data/reference/results/full_cycle_v13/2020-11-29_direct_v20_step05000_site4.json,221,d1410e6baeea593b4cabce2f1b2a6e27abed8858e123656a64da22653a696db7
data/reference/results/full_cycle_v13/2020-11-29_direct_v20_step05000_site4.npz,80631,34fa84cf0c9efb30ef5504fe1f1eb9129133d118097eeb4103161d10703f7d7e
data/reference/results/full_cycle_v13/2020-11-29_direct_v20_step05000_site4_execution.json,1187,0c2994ba265b8fe7c367d23b5cc15a811de5512ab64c7ab43003c4edf3c1410a
data/reference/results/full_cycle_v13/2020-11-29_direct_v20_step05000_site4_execution.npz,238850,99266838b205dfe29b7cb3c541f5104c3a58cecf7db592ebd51e96e2c800b9ef
data/reference/results/full_cycle_v13/2020-11-29_direct_v20_step10000_site0.json,221,c04163656972fc07654c9a221ec7614e998a71ea7abad03b0e6d2031bc4ea67b
data/reference/results/full_cycle_v13/2020-11-29_direct_v20_step10000_site0.npz,79895,b6918f4f22966b2d30c9e94866655d37a35706230076fd15d591fb216de8b5b2
data/reference/results/full_cycle_v13/2020-11-29_direct_v20_step10000_site0_execution.json,1187,1685129754fb81a423ec73b0666e4a8aa9dc9d4c8e669f09befb11a5d70afd64
data/reference/results/full_cycle_v13/2020-11-29_direct_v20_step10000_site0_execution.npz,236520,c74010192435ad6650c847d5de9600b18a59d75bea86120e7a693ed2f33642aa
data/reference/results/full_cycle_v13/2020-11-29_direct_v20_step10000_site1.json,221,b045e89826c39d8c084c22a31f04f7b351495e77c95bb3bd713ab9bd0d1ea9c4
data/reference/results/full_cycle_v13/2020-11-29_direct_v20_step10000_site1.npz,80094,a624ca9af71c18e146d72a1c9ecdf6e8178a151341c873685838da48c5d40d6a
data/reference/results/full_cycle_v13/2020-11-29_direct_v20_step10000_site1_execution.json,1188,2507dfb8642eee5f684ca094426f77ed1030112933afbae72cd7f0d06737209f
data/reference/results/full_cycle_v13/2020-11-29_direct_v20_step10000_site1_execution.npz,237168,ee01b6120006bcc370d4fa840245818bbf7226d214202279b78f09540225b374
data/reference/results/full_cycle_v13/2020-11-29_direct_v20_step10000_site2.json,221,3e60fc43123c6995da75ec16d0ab2663f356a64ead8ca51be3bb4e651d2ca065
data/reference/results/full_cycle_v13/2020-11-29_direct_v20_step10000_site2.npz,80286,34c211610081898985f940d58ffee77eb12d7c33a0ddd7a230a935a4904b91a5
data/reference/results/full_cycle_v13/2020-11-29_direct_v20_step10000_site2_execution.json,1183,59cfc83e078e65746ce1ba166e81bd7c7afaffab4f8fde0568eaf07e81b9e3d5
data/reference/results/full_cycle_v13/2020-11-29_direct_v20_step10000_site2_execution.npz,237761,0bcc327b178dd01e049f1f863a16ba0035c87db8053a7b3d2ceb9ec441367120
data/reference/results/full_cycle_v13/2020-11-29_direct_v20_step10000_site3.json,221,75af0329cfb85c5c567565058d940c104481f5fe99bbdabdd66334ca09d28dc1
data/reference/results/full_cycle_v13/2020-11-29_direct_v20_step10000_site3.npz,80173,1aebce3f512d15905a8523569581edfbad66bc09875ef9ffd39f1976ae21eed4
data/reference/results/full_cycle_v13/2020-11-29_direct_v20_step10000_site3_execution.json,1188,f102563b7b64e91be06b8d7e02d52eda6d535fd653c3254c6ffd925558382c89
data/reference/results/full_cycle_v13/2020-11-29_direct_v20_step10000_site3_execution.npz,237343,cd38a11dde6f7c6cb4e3ace4a448fbf990ddccc3a5554cf02e8e0e87ff3f0759
data/reference/results/full_cycle_v13/2020-11-29_direct_v20_step10000_site4.json,221,b957a353a23642c01e123419c7d6e4874b4096f0948847759f68a579c3d6ea80
data/reference/results/full_cycle_v13/2020-11-29_direct_v20_step10000_site4.npz,80638,a7d250b831ca81800fbd44ee5aa4ce9a270a233a382b4070fc9aa773f0a437bd
data/reference/results/full_cycle_v13/2020-11-29_direct_v20_step10000_site4_execution.json,1185,0e47911f9d25d70b16a2befc4d3c822fe6d14580bd54cd091505a1f0f4e062e4
data/reference/results/full_cycle_v13/2020-11-29_direct_v20_step10000_site4_execution.npz,238750,0a44e7105ee57ba2beb668e629dc41d3264554323d4a7274b1a872cd65888f73
data/reference/results/full_cycle_v13/2020-11-29_direct_v20_step10000_site5.json,221,3013eb8a3089ccb60f2519dc2737cfabd75385fe240008c17ea46406c68caa86
data/reference/results/full_cycle_v13/2020-11-29_direct_v20_step10000_site5.npz,80436,59a345c944f37bc2d895bcb06b02f0e956e49f12a855a6000efd7523ec6daaf2
data/reference/results/full_cycle_v13/2020-11-29_direct_v20_step10000_site5_execution.json,1182,6a53d67324849d4b8c0b3f0b2f5b179ec397dd455a70106ad247b0a68d0eb8fe
data/reference/results/full_cycle_v13/2020-11-29_direct_v20_step10000_site5_execution.npz,238322,efccdc8fb0b183dda3b21bfc2922de8b9e146d6a380c52ce7bcce6b14a61964b
data/reference/results/full_cycle_v13/2020-11-29_midpoint198_spectral_site0.json,766,f3348a73c6841b1331b127d6266b53591593bf4ddd60cb6d0c56d55dad007ef7
data/reference/results/full_cycle_v13/2020-11-29_midpoint198_spectral_site0.npz,77896,67b63d207f1d37e3ffde9265ae1e1d96292d573cfbd661a373dd8df4e50f5c6b
data/reference/results/full_cycle_v13/2020-11-29_midpoint198_spectral_site0_execution.json,1188,e3bc1f55a1a6e6f5c2157a4a5458933793cd838fbb4e84ea278d238ff5245c49
data/reference/results/full_cycle_v13/2020-11-29_midpoint198_spectral_site0_execution.npz,236301,0585ff547963b531b8b5a5a08c4a360f49718e5d35594fb3de7eaa0d48e02b97
data/reference/results/full_cycle_v13/2020-11-29_midpoint_spectral_site0.json,708,ad4ff0bcc578c7fbec2ad8c0315ebfc947aa5272984918c9473bf442a52b4b9d
data/reference/results/full_cycle_v13/2020-11-29_midpoint_spectral_site0.npz,77921,df15a1390b08cdd269089e53133d3a89edceafc6b728590d7fa87618a70aed78
data/reference/results/full_cycle_v13/2020-11-29_midpoint_spectral_site0_execution.json,1178,937f79c80c74033298fca6451c888016575cd08c315f3e6acd7a70addac9a63e
data/reference/results/full_cycle_v13/2020-11-29_midpoint_spectral_site0_execution.npz,236249,fc1f8c64c31faaad09cfe39a2013d4e18d7de419e6c7148932718ecef7d55f86
data/reference/results/full_cycle_v13/2020-11-29_priced_cost_site0.json,590,7f56e7bc1869e2d5f4689c4def81d8d15868edf42613cdf8cd4369db05655a3f
data/reference/results/full_cycle_v13/2020-11-29_priced_cost_site0.npz,77808,98d81d873260364407fd76829a26b938d7ff75c8d5ce3747e959ee2ea66b076c
data/reference/results/full_cycle_v13/2020-11-29_priced_cost_site1.json,609,20654ecd20691e42de38948db313767a7a60837e0028e2caa2ccb2da039852b3
data/reference/results/full_cycle_v13/2020-11-29_priced_cost_site1.npz,77599,620b868f8882920ed67413b1279d2d5241cc746c3b98ffc5892afa6f61ef2ae3
data/reference/results/full_cycle_v13/2020-11-29_priced_cost_site2.json,609,89dc86018b3372b823c80393acc32aa647850fceaec3da77bf77bb8d74cd2c07
data/reference/results/full_cycle_v13/2020-11-29_priced_cost_site2.npz,77913,6297d5f4cabbd60e1440f9ac1a4636e9871cfb4530d81b3480d87656702611ac
data/reference/results/full_cycle_v13/2020-11-29_priced_cost_site3.json,590,f782d3934d8b942f9a230326003609a17756b10297f1504308a262fbac8ce79a
data/reference/results/full_cycle_v13/2020-11-29_priced_cost_site3.npz,77663,2575925221e3a8aa45b91867d9e964f12a4522cc030bfc3175a31fa9358a5dcd
data/reference/results/full_cycle_v13/2020-11-29_priced_cost_site4.json,589,6a5c7b7fadb11e5855a1024a211d46e21ba2c009e5290c21fb346c993f67c3a5
data/reference/results/full_cycle_v13/2020-11-29_priced_cost_site4.npz,77894,c3666e3c8372ae8613ac0e561e5aa2bb4dfe9ec580c533560f20fea4579b6540
data/reference/results/full_cycle_v13/2020-11-29_priced_cost_site5.json,610,5d0ad2983aac3ca92bfeadd087b14f782242cc57ca749da168e92377df0a6e1f
data/reference/results/full_cycle_v13/2020-11-29_priced_cost_site5.npz,77889,33340be5f25623a9a879b3163624a77b092b97e909956fe77420958150d22205
data/reference/results/full_cycle_v13/2020-11-29_priced_cycle_spectral_site0.json,278,45426b979ce8c4493435638a734d7c0ec0782e3010eb927af63c7f46cbfd8b1f
data/reference/results/full_cycle_v13/2020-11-29_priced_cycle_spectral_site0.npz,79781,84bee7f7fc8322e83742551337b13cfe0ee79a9c71da98e1a442ba27171aa693
data/reference/results/full_cycle_v13/2020-11-29_priced_cycle_spectral_site0_execution.json,1185,358f836d2fb04f3ef5faff4069d96fd2f211ce48b2860446033f9911997789ce
data/reference/results/full_cycle_v13/2020-11-29_priced_cycle_spectral_site0_execution.npz,236268,23a6c0c559c4a8221c3ad4569f77a4db10cfd244d090c11b6154abfccede9414
data/reference/results/full_cycle_v13/2020-11-29_priced_cycle_spectral_site1.json,278,15f0830ff11ebe30a65737cc3af6c8a256c505fb17bb8e889345e04564d08443
data/reference/results/full_cycle_v13/2020-11-29_priced_cycle_spectral_site1.npz,80046,c960076472feedffe2e6fa7fd5f760518266929536c19f7b321c397192453878
data/reference/results/full_cycle_v13/2020-11-29_priced_cycle_spectral_site1_execution.json,1180,bf5e2ac3986952a20cbfaa2b50688702fa4485b2f1485675cf8c00caaafa7458
data/reference/results/full_cycle_v13/2020-11-29_priced_cycle_spectral_site1_execution.npz,236896,1e2a823d0440a7f45c7032b05ae87daa7d4129132bd6453b9aef3661a94ec79f
data/reference/results/full_cycle_v13/2020-11-29_priced_cycle_spectral_site2.json,278,595e3c2237b659160b8840c8c39d419acd2c47066255cf5eadbac77fcfe6bf77
data/reference/results/full_cycle_v13/2020-11-29_priced_cycle_spectral_site2.npz,80310,8912097ca1a4f54823a8e6ca097ab1e13f023c3813e65c0e31cfce4faca39f65
data/reference/results/full_cycle_v13/2020-11-29_priced_cycle_spectral_site2_execution.json,1185,f89a213c34d2c6c29ec7bd7e3ae7bd85b54c2176b2607131bb35937bfb784a6f
data/reference/results/full_cycle_v13/2020-11-29_priced_cycle_spectral_site2_execution.npz,237931,2563dd31963dd85447066438e2dbef81dd94154b9bebb98556dd00f0ad77cd92
data/reference/results/full_cycle_v13/2020-11-29_priced_cycle_spectral_site3.json,278,9cac5a5692f74bf403e0ec9dc2d5ca9d4f1555e0d1fd5959bb2acca010f8699f
data/reference/results/full_cycle_v13/2020-11-29_priced_cycle_spectral_site3.npz,80252,7a154d8c4669d14ba28d458a1a5b8efcfc9a9a63790ec0d483331d8a659440bf
data/reference/results/full_cycle_v13/2020-11-29_priced_cycle_spectral_site3_execution.json,1189,57139aa14389ae19dc1d0b53cb96413532bfd43f050c8ad881e523281c4f633f
data/reference/results/full_cycle_v13/2020-11-29_priced_cycle_spectral_site3_execution.npz,237728,b7a09444f3657fc42f6d0295633727b674ba38004d1f9b602cce3b8cf0c3d8b0
data/reference/results/full_cycle_v13/2020-11-29_priced_cycle_spectral_site4.json,278,c773b282ce263d270e446241dc2ce6b8dd76a757cdd696f1cb3ebe16c5340bb8
data/reference/results/full_cycle_v13/2020-11-29_priced_cycle_spectral_site4.npz,80474,253da01c1819553c0b169c6dd24ba4aba2b47882af3598363483eeafad2d209e
data/reference/results/full_cycle_v13/2020-11-29_priced_cycle_spectral_site4_execution.json,1189,60707e9c5a091f60a8ec7a364064943ac417decedfb7fed3f5ee4cb18c4ecb62
data/reference/results/full_cycle_v13/2020-11-29_priced_cycle_spectral_site4_execution.npz,238427,23fa0cf8b50ed78d0773419f07dc50e2ddc269c68561fa1c980cc13b017656dc
data/reference/results/full_cycle_v13/2020-11-29_priced_cycle_spectral_site5.json,278,a11d79470cef65e6b8ec6fe976a8039b0014c39630080c47d9f15786109958f8
data/reference/results/full_cycle_v13/2020-11-29_priced_cycle_spectral_site5.npz,80490,cf457caa83dc07d2df37060da50d80c8cdfcf30ca0217737359576878868fbe6
data/reference/results/full_cycle_v13/2020-11-29_priced_cycle_spectral_site5_execution.json,1185,7efa675a794a3296941afa4f1b92d8ed1a046e51b52931b94a3d13a1dbeac3c0
data/reference/results/full_cycle_v13/2020-11-29_priced_cycle_spectral_site5_execution.npz,238470,3b07d63206b3a609682045aa7ebdb5e27f050681ab7f2036b8465cbe73a7d7e7
data/reference/results/full_cycle_v13/2020-11-29_priority_v21_joint_raw_site0.json,800,c48c316248b50b28506e0e8e9fa7c47976c6e97e9292b3bb89cec134ac751699
data/reference/results/full_cycle_v13/2020-11-29_priority_v21_joint_raw_site0.npz,77785,88d42bd6eb24d7bf5252bc161bd98c51ea3d350adfa2465e780c7fa0b1c20922
data/reference/results/full_cycle_v13/2020-11-29_priority_v21_joint_raw_site1.json,781,f1f43aa6d6a75b8348411ab7b6d47e9ff4484b4563cad2e8b0b96842815135c0
data/reference/results/full_cycle_v13/2020-11-29_priority_v21_joint_raw_site1.npz,77558,e1a63f2650c7325749e6f5bf81f09aa46fb12d232d2a7e421ad69b2486f45120
data/reference/results/full_cycle_v13/2020-11-29_priority_v21_joint_raw_site2.json,771,1fd4fb2222e62dae88904c6ae8b64350c92e7a3cd89a26a3bed5c8207b21aa7d
data/reference/results/full_cycle_v13/2020-11-29_priority_v21_joint_raw_site2.npz,77808,6d202af893304e44af31d96ba7fa21d72671e9d4b3d8440f7830655176359802
data/reference/results/full_cycle_v13/2020-11-29_priority_v21_joint_raw_site3.json,787,61400294134211299cfb99dbefc409106f3318885a27dd19fa9657e091ba98d8
data/reference/results/full_cycle_v13/2020-11-29_priority_v21_joint_raw_site3.npz,77449,3f550ff1599eed449b2a0d3e4dcfc6c617a769a02469a0791c238b7d17de46b3
data/reference/results/full_cycle_v13/2020-11-29_priority_v21_joint_raw_site4.json,781,a8b39df306e5b1bb35aed3ce8198d05f142e3388291cc4d15338958d3b39afd5
data/reference/results/full_cycle_v13/2020-11-29_priority_v21_joint_raw_site4.npz,77553,ef4c1131b0e591735f55b7bf116b6bde3096962c5ce7d4c8ff4f6d621c9bab0c
data/reference/results/full_cycle_v13/2020-11-29_priority_v21_joint_raw_site5.json,789,7502b79ba7f36f97bdaf39f62021a3fcf8c23919fa8041ca63ef0a8c702795fd
data/reference/results/full_cycle_v13/2020-11-29_priority_v21_joint_raw_site5.npz,77527,fd452b4914d440ee9da45e841a26db7f2f0fd0ae5a2203e8d30e42c4d0605122
data/reference/results/full_cycle_v13/2020-11-29_priority_v21_joint_step02500_site0.json,208,78b3115e435b00cd2733811a98fff4f39bbaf2001e7322841298c88e9b68714a
data/reference/results/full_cycle_v13/2020-11-29_priority_v21_joint_step02500_site0.npz,79613,711d5d97619233c1862e81f7ae54e9e8761ded8a9baab658419f2cad5111a8e8
data/reference/results/full_cycle_v13/2020-11-29_priority_v21_joint_step02500_site0_execution.json,1189,b71b24113168f9a852047865ee437f32e158d1350a899e7aab6ac87e7cfde8c1
data/reference/results/full_cycle_v13/2020-11-29_priority_v21_joint_step02500_site0_execution.npz,236250,a0f8ac94aa9fe77a3143e6494db5fffbbd86a81a85538868fe1cfb5caab0482a
data/reference/results/full_cycle_v13/2020-11-29_priority_v21_joint_step02500_site1.json,208,585bdf48e6682967cfb79a2243b84448b1bacbefffca2ba857032d120e5b2cb4
data/reference/results/full_cycle_v13/2020-11-29_priority_v21_joint_step02500_site1.npz,79804,a00d215b056826dba26da3fb4af96b9c4eca59f984ee2d07c8276fd13944713d
data/reference/results/full_cycle_v13/2020-11-29_priority_v21_joint_step02500_site1_execution.json,1190,ca5b6fc968a5ed9225898a61e80fac96fa4fba5491f6943f127148e94a483f1f
data/reference/results/full_cycle_v13/2020-11-29_priority_v21_joint_step02500_site1_execution.npz,236772,1ee7186b62c92976c1978322819753be224f01147a0f3f9c5c39cf442f65382a
data/reference/results/full_cycle_v13/2020-11-29_priority_v21_joint_step02500_site2.json,208,42cd9dd05770edb84cb667b421bd10b36403c675a929390caaf752d6d55804db
data/reference/results/full_cycle_v13/2020-11-29_priority_v21_joint_step02500_site2.npz,80095,1aceefe91576dc19216aec537dd9d75ae41b507c1cf83551023d96ac9adfa77e
data/reference/results/full_cycle_v13/2020-11-29_priority_v21_joint_step02500_site2_execution.json,1198,8a72c24ddaad6102aebeefe93021773527083f9af2e414e8c0165b61e18c290f
data/reference/results/full_cycle_v13/2020-11-29_priority_v21_joint_step02500_site2_execution.npz,237851,b4a36c1547c063f37f5f38cf988c7d73d946716e405610b5d5f703522549663d
data/reference/results/full_cycle_v13/2020-11-29_priority_v21_joint_step02500_site3.json,208,347965a69576a6b1935641d1e0aa592d8ba6c48327690c81da36dd256ab47590
data/reference/results/full_cycle_v13/2020-11-29_priority_v21_joint_step02500_site3.npz,80081,800108f15131949f7ee6d4a662fd4e8e506b213038bd208a0c261d3c2ce78221
data/reference/results/full_cycle_v13/2020-11-29_priority_v21_joint_step02500_site3_execution.json,1195,1f34ad3eb4506e3fa29f895bb87a692475928471bd0b7fcd4cdff3b86291dc0e
data/reference/results/full_cycle_v13/2020-11-29_priority_v21_joint_step02500_site3_execution.npz,237568,1d33db6774dbb8aa2534827b33101553ce6e1924d915070f0fff661d86f44b59
data/reference/results/full_cycle_v13/2020-11-29_priority_v21_joint_step02500_site4.json,208,7f44c616c345df193e5ca45ea381949bcc0986bd398097e4a8a467e46ba4feec
data/reference/results/full_cycle_v13/2020-11-29_priority_v21_joint_step02500_site4.npz,80459,b1bdace83f9000ceb9c28a864559b5302736361a29ea50e21fe5e6cd159e7ba3
data/reference/results/full_cycle_v13/2020-11-29_priority_v21_joint_step02500_site4_execution.json,1194,dbef4b3a066978191c35d7ae1dc46d340ec6fefdfccabe33b66ee1e2afe14952
data/reference/results/full_cycle_v13/2020-11-29_priority_v21_joint_step02500_site4_execution.npz,238722,14b8df87c5f4579910fa230ae8f65a74830ce143035c3ef20f90dd8010837871
data/reference/results/full_cycle_v13/2020-11-29_priority_v21_joint_step02500_site5.json,208,fd490f94ba2481438c5c0e60276238c7df6e2a27e37bf4c6c087ba40e140851b
data/reference/results/full_cycle_v13/2020-11-29_priority_v21_joint_step02500_site5.npz,80241,44986fc658e84b9ea3cf7fbdb69528d1069ce8e1637669bd69dfe62aa2022ba4
data/reference/results/full_cycle_v13/2020-11-29_priority_v21_joint_step02500_site5_execution.json,1192,301679098d8018d269da2bc003482af56272bef3f5d895071d062999446f3e74
data/reference/results/full_cycle_v13/2020-11-29_priority_v21_joint_step02500_site5_execution.npz,238351,4a214e06a4af0a9b9796f6962848f9ed8b71cadb76be22ad4052365e011ad3d7
data/reference/results/full_cycle_v13/2020-11-29_priority_v21_joint_step05000_site0.json,207,ea8d576940e4f74c0359c764db109d6cdbb781b90fecc9551131569552f3665b
data/reference/results/full_cycle_v13/2020-11-29_priority_v21_joint_step05000_site0.npz,79605,dd005b7f670a35fdede2fd14b2b3d4192c7cb7a4275cdae29bdca0d2248e9c5d
data/reference/results/full_cycle_v13/2020-11-29_priority_v21_joint_step05000_site0_execution.json,1191,d0b88e04982db73494edb6e4764ef727b1b431a2b9b65efb738d2e5c36c07384
data/reference/results/full_cycle_v13/2020-11-29_priority_v21_joint_step05000_site0_execution.npz,236231,6dc9396298c4ebec91e4d301227e91999281d455db7eaa89046f00d80a67ae25
data/reference/results/full_cycle_v13/2020-11-29_priority_v21_joint_step05000_site1.json,207,2f2454d808d0ab9d446b5f3761c61d93ff72ea3b8b4f7a61bf8c79a5ce0d1f37
data/reference/results/full_cycle_v13/2020-11-29_priority_v21_joint_step05000_site1.npz,79839,30f28e865e1be1a0ee3263f81cdd7d2dce10d50a45cc3bd81e1159fd9e6ce28e
data/reference/results/full_cycle_v13/2020-11-29_priority_v21_joint_step05000_site1_execution.json,1195,c4d52c006e1c05ecfd52cb64ed817aa2bc13d9cc21eaa53d0d36287296d73572
data/reference/results/full_cycle_v13/2020-11-29_priority_v21_joint_step05000_site1_execution.npz,236897,5fd555e822f8d836755ff1202461206a1aa5fffb61339d677565349d41a04ed4
data/reference/results/full_cycle_v13/2020-11-29_priority_v21_joint_step05000_site2.json,207,30878f73ddc031b3494c37128be03d078950dcff7d610c849357b7469071b072
data/reference/results/full_cycle_v13/2020-11-29_priority_v21_joint_step05000_site2.npz,80083,ee255f54de9efae85e036b5019925f9b14b3be6b415e72b066f03f1e1e528b69
data/reference/results/full_cycle_v13/2020-11-29_priority_v21_joint_step05000_site2_execution.json,1192,c18032368ad53c907ee6eed9586a43359a994f9f8cbdf97f07095ab79b98f54d
data/reference/results/full_cycle_v13/2020-11-29_priority_v21_joint_step05000_site2_execution.npz,237769,1fdfc8dc927683c210e0778f0aefbaffc9635d361829a086debd5c6cb1d16c02
data/reference/results/full_cycle_v13/2020-11-29_priority_v21_joint_step05000_site3.json,207,2d21267feb7e15dec8453caf529dfb7351fb9e7298a98a7883f60e3aa20dc7b1
data/reference/results/full_cycle_v13/2020-11-29_priority_v21_joint_step05000_site3.npz,80019,99c841bb117cb2401b9813b3343327523a550bd207a4c671d51e5a118fc3978a
data/reference/results/full_cycle_v13/2020-11-29_priority_v21_joint_step05000_site3_execution.json,1194,4a6e0676d07879bdaae3a7afe33236fb1fcef7626e3bf2842354f5166befecbb
data/reference/results/full_cycle_v13/2020-11-29_priority_v21_joint_step05000_site3_execution.npz,237597,c3881513f44f787955b9e74c422d2d0f342367a882408d4bafe2430f03e1d12b
data/reference/results/full_cycle_v13/2020-11-29_priority_v21_joint_step05000_site4.json,207,b7b1f0d4d63104b571e7e888580fe41c13bfbbd86726d9db8cdd6af9dedf0702
data/reference/results/full_cycle_v13/2020-11-29_priority_v21_joint_step05000_site4.npz,80403,a3e503d1cf308a37f0aa83770a54c42a2f3e0e1df5d303bc2a1282e2315eb93f
data/reference/results/full_cycle_v13/2020-11-29_priority_v21_joint_step05000_site4_execution.json,1188,3e2ba095834d3601b842913bd0b6b0e166f12fe1e2a6a2cd5d93d51170370dd0
data/reference/results/full_cycle_v13/2020-11-29_priority_v21_joint_step05000_site4_execution.npz,238683,f2e50649ca57b59161f344f5623a5e5b161dec50caef5016034a13bc36d4a615
data/reference/results/full_cycle_v13/2020-11-29_priority_v21_joint_step05000_site5.json,207,6fbba01ba68e29beb878be4e20be91de15738f99afebff14897ad53374d22f7f
data/reference/results/full_cycle_v13/2020-11-29_priority_v21_joint_step05000_site5.npz,80209,38e73a35499839fa65f04ac0e1ba227df479ad73d83f47290d1d8d0a9480647c
data/reference/results/full_cycle_v13/2020-11-29_priority_v21_joint_step05000_site5_execution.json,1194,efec666595c638832c92e5c8f9891f548ec551826c2512bdf6958cda611d7c68
data/reference/results/full_cycle_v13/2020-11-29_priority_v21_joint_step05000_site5_execution.npz,238293,4ce502f2cceba761e6404fe7630c693e5734329d8c5f9e97a975b7180554ae08
data/reference/results/full_cycle_v13/2020-11-29_priority_v21_joint_step07500_site0.json,208,a42ca5907785bf14a9525d292fc60d7584fbfc55f1ccebbae627adda9a6e9916
data/reference/results/full_cycle_v13/2020-11-29_priority_v21_joint_step07500_site0.npz,79602,9fe5eda22cce51627ead72559a50f9ed690bc68876478309e2ef5e854b364443
data/reference/results/full_cycle_v13/2020-11-29_priority_v21_joint_step07500_site0_execution.json,1193,97cf1bda1b98d36e6d4872cb74acceb9a13a112950cae1ce094ceb490935fd9d
data/reference/results/full_cycle_v13/2020-11-29_priority_v21_joint_step07500_site0_execution.npz,236284,5e6f0f6d113cdae2a442b38424255fb3d82ea16a3b6362872cfdf1732f95309b
data/reference/results/full_cycle_v13/2020-11-29_priority_v21_joint_step07500_site1.json,208,7bdf531dca2d45ea293bbccd8a90e8680c0d42adb17c43aa9158b073f83fcc61
data/reference/results/full_cycle_v13/2020-11-29_priority_v21_joint_step07500_site1.npz,79794,dfec1f5578a523c4ca4ec46c69a7e50ee5d03e724a72681bad0edbf16a91eabf
data/reference/results/full_cycle_v13/2020-11-29_priority_v21_joint_step07500_site1_execution.json,1190,3d74b207795331704ffb21d0af6dc7ab20d89acd3dafe20582e7ec7f5ed3a48c
data/reference/results/full_cycle_v13/2020-11-29_priority_v21_joint_step07500_site1_execution.npz,236747,721b535a3f939a06c3f5cc5ea480570058f673f338d4aad1eb42915bb8bfb2b8
data/reference/results/full_cycle_v13/2020-11-29_priority_v21_joint_step07500_site2.json,208,7b6a5a700d6db295ba86cd76981be0d8f045b25c799cba62e5f232bcd225e2bf
data/reference/results/full_cycle_v13/2020-11-29_priority_v21_joint_step07500_site2.npz,80052,db09ea651acd4cfc856bb7ac86e66697611f618f8bc77f1efe41c4720905847c
data/reference/results/full_cycle_v13/2020-11-29_priority_v21_joint_step07500_site2_execution.json,1191,1cb36e880d5b8584535d1039f268727b9a472a16b76e6a4e35a0ce2c26a2f74e
data/reference/results/full_cycle_v13/2020-11-29_priority_v21_joint_step07500_site2_execution.npz,237760,30bc962065965cbdd6e2b95e949ac8dc5e4ddc33d5e6a20e11ffb7b83be3b2bc
data/reference/results/full_cycle_v13/2020-11-29_priority_v21_joint_step07500_site3.json,208,6a78c76293618ebd585982fec97a921fbeafb4598ecf82bb787138fcf3728de1
data/reference/results/full_cycle_v13/2020-11-29_priority_v21_joint_step07500_site3.npz,79992,24c5955aa0cc8d6599faf3548310669b3bdcddb54ae50a9374732ab3f478b994
data/reference/results/full_cycle_v13/2020-11-29_priority_v21_joint_step07500_site3_execution.json,1192,21e2a6f33a4fa3ca24d5b8ee1456d89c482e5d762ce8459eba9b192751fb991b
data/reference/results/full_cycle_v13/2020-11-29_priority_v21_joint_step07500_site3_execution.npz,237522,90af22d93ddd4ff0ae7d53c8fe202e4627965f7a8e5f97b2c8f2bba2463ea545
data/reference/results/full_cycle_v13/2020-11-29_priority_v21_joint_step07500_site4.json,208,5e382e8cbb6bb45b456b05eac59f6dbd2cb5b6bc39bf747d9cb4570facb4df35
data/reference/results/full_cycle_v13/2020-11-29_priority_v21_joint_step07500_site4.npz,80330,5d47e39c1ded8d238cedcb996182d901c32890b825521f28e261872b15ac45c3
data/reference/results/full_cycle_v13/2020-11-29_priority_v21_joint_step07500_site4_execution.json,1197,138ed0f4d35db6a37c21c9073dc0785a34fe223c9615e2e4e3f7203e400bb03f
data/reference/results/full_cycle_v13/2020-11-29_priority_v21_joint_step07500_site4_execution.npz,238497,941120c353fc443006f7a8e36c1b2a43123174b4eede228f06a1fae868ac7e24
data/reference/results/full_cycle_v13/2020-11-29_priority_v21_joint_step07500_site5.json,208,fdbf949fdcdd82f8c337df1767347088261cb15816defef04f281424221641a3
data/reference/results/full_cycle_v13/2020-11-29_priority_v21_joint_step07500_site5.npz,80166,272f500a9b30d6c1bfaf547410583bee97d2dd623a33b245c2b29ebfdf2c4146
data/reference/results/full_cycle_v13/2020-11-29_priority_v21_joint_step07500_site5_execution.json,1193,b1892af8deae4caecad34a0aa5c43b77372e301dffd2298ed9ef799a1da488f4
data/reference/results/full_cycle_v13/2020-11-29_priority_v21_joint_step07500_site5_execution.npz,238458,04d48cdd7a8fadcfe0e8dfbb9e50575fd9168c3394c0d3128c245209b58ff286
data/reference/results/full_cycle_v13/2020-11-29_priority_v21_joint_step10000_site0.json,207,126707ac6f3fa3dfbc37acf348cd386c9c77e6a7089d89e4dbe84461cc2ce53e
data/reference/results/full_cycle_v13/2020-11-29_priority_v21_joint_step10000_site0.npz,79619,4798586bc3955220f0e2136a48d866b94aa6718ffc958a7aa5970851e29b04d4
data/reference/results/full_cycle_v13/2020-11-29_priority_v21_joint_step10000_site0_execution.json,1184,edd865f83c6a98b1ef07b7b9218b7c693df515ec0283e7bfda4432543e1e2e89
data/reference/results/full_cycle_v13/2020-11-29_priority_v21_joint_step10000_site0_execution.npz,236501,c5f0149d50071e00ef98d72badb4003be0f70789ac27e0dd4438541ff97cb24f
data/reference/results/full_cycle_v13/2020-11-29_priority_v21_joint_step10000_site1.json,207,016b131964d0e62d39f2662586150ca15b7a8e31612772789014c06e7dabc363
data/reference/results/full_cycle_v13/2020-11-29_priority_v21_joint_step10000_site1.npz,79792,b79922f7b20a89227fd2273236e4a8be24a1a9beece44b11bb2cf37a3b505e8d
data/reference/results/full_cycle_v13/2020-11-29_priority_v21_joint_step10000_site1_execution.json,1191,7637856cb75801843dbe2b1ba6d91072e0980a6cd1cc31bbdbf3e46d37233626
data/reference/results/full_cycle_v13/2020-11-29_priority_v21_joint_step10000_site1_execution.npz,237100,8f0c9973ffb820968072e0a14caac7e6ef62eacacd8839e7b049a236805e8aef
data/reference/results/full_cycle_v13/2020-11-29_priority_v21_joint_step10000_site2.json,207,7bfc0a1a686265462dbb55670768c7d65e1c1301281294d5debb34bad2d67de2
data/reference/results/full_cycle_v13/2020-11-29_priority_v21_joint_step10000_site2.npz,80080,caabe5da281ea71e4f56f863ebedcefe895792c622ac0202b84b804915fbe308
data/reference/results/full_cycle_v13/2020-11-29_priority_v21_joint_step10000_site2_execution.json,1188,a6123848de365c6e2a452076a864498ddedeff6b3459549ef17181bd372beb61
data/reference/results/full_cycle_v13/2020-11-29_priority_v21_joint_step10000_site2_execution.npz,237871,7aeefb926a07796b918efee4a2912feb0fa3d4bd000b1f272ef56533775889b7
data/reference/results/full_cycle_v13/2020-11-29_priority_v21_joint_step10000_site3.json,207,ac1c766be584b9a978ece934960cad64fdcc649e6cc3f15252642a88f280df52
data/reference/results/full_cycle_v13/2020-11-29_priority_v21_joint_step10000_site3.npz,79936,b6d2d2e5dfa6b8ab6ffdd7708fa91ab36322ff71707043037b90dec09fae3566
data/reference/results/full_cycle_v13/2020-11-29_priority_v21_joint_step10000_site3_execution.json,1189,d7a7b20d05a8295453b3593821dcdbfc206f4ea719118eeff8b1990548f27fd0
data/reference/results/full_cycle_v13/2020-11-29_priority_v21_joint_step10000_site3_execution.npz,237593,bc9a0058271a46d3431828da64569ef3a6b07e5ecb99fcda058561561f160abe
data/reference/results/full_cycle_v13/2020-11-29_priority_v21_joint_step10000_site4.json,207,dcb29692328ef0ced5253bd2e73c925ecafe14aa6744efb1be220a18729a58c9
data/reference/results/full_cycle_v13/2020-11-29_priority_v21_joint_step10000_site4.npz,80044,173af7ccbf039a090f246e5f0a6147213c5158d2a407d128849f7849c7ad7476
data/reference/results/full_cycle_v13/2020-11-29_priority_v21_joint_step10000_site4_execution.json,1188,4067c7fdf154b4d0eb940f2ea8eb96373ea29b5f30c0ccc59200408fb3e9b67b
data/reference/results/full_cycle_v13/2020-11-29_priority_v21_joint_step10000_site4_execution.npz,237942,c4dd7154271db0cce3973385628104773256c605c8b8dc6efa38ab12989d06e1
data/reference/results/full_cycle_v13/2020-11-29_priority_v21_joint_step10000_site5.json,207,8cb16be6a1265aa32da963dbec1072f4f4065c399e33e9fb30352967084399aa
data/reference/results/full_cycle_v13/2020-11-29_priority_v21_joint_step10000_site5.npz,80045,003ec1f7d7eefec9d6cf1ffa9be5bcabcb32eb2114a6b1413d4f573d951a2056
data/reference/results/full_cycle_v13/2020-11-29_priority_v21_joint_step10000_site5_execution.json,1187,cb9bf24af7759607987c3f061bb39d0afc494f04ba74019a26ea7111fd6540b1
data/reference/results/full_cycle_v13/2020-11-29_priority_v21_joint_step10000_site5_execution.npz,238160,148b278a911b6d8f27aea980912b58f056fc4dbf260154b0a936d80817488807
data/reference/results/full_cycle_v13/2020-11-29_retracted_midpoint_site0_summary.json,1271,f6755c1e42f8d585a285c50e5397c2894d60fb9e904a2d7a5bf8bee1418ef0ff
data/reference/results/full_cycle_v13/2020-11-29_retracted_midpoint_step5000_site0.json,221,849a4022b7426181127d7adb861484a784a4c0d77159b5fa81553f0e62bdc295
data/reference/results/full_cycle_v13/2020-11-29_retracted_midpoint_step5000_site0.npz,79830,926c10b54202fdabe9ef8e26d1603a83933f764bb9dba053b95de1a91e5d639b
data/reference/results/full_cycle_v13/2020-11-29_retracted_midpoint_step5000_site0_execution.json,1193,958a4a8682c4e200aa2fe07e8f4713a84bc2d1d0b4547d90c6be6951438a18e5
data/reference/results/full_cycle_v13/2020-11-29_retracted_midpoint_step5000_site0_execution.npz,236319,092cf8349e9e00a3c0093e92030d50044b5b7fbb4f04b3731de3767fc240272a
data/reference/results/full_cycle_v13/excitation_scan.npz,42460,224e3b6def8ab218e3af52322db445075492c2c9afd52d6dcf4aee52532f92eb
data/reference/results/full_cycle_v13/excitation_scan_refined.npz,493564,957ce3123994dc5e29310f309239179e8977cbe5fb068722cb4506641c285a04
data/reference/results/integrated_v21_direct_2020-04-07/Liu2025_price25_commands12_native_terminal_free.json,6913,e877db9512c631e31e88daada9c8ab1c115137c40e70c7d9d829206e1a7ae51d
data/reference/results/integrated_v21_direct_2020-04-07/Liu2025_price25_commands12_native_terminal_free.npz,78226,1edc3c8640b274a477099416397e6f550f3cdbf0d063eefb2e2dc3354255b2b0
data/reference/results/integrated_v21_direct_2020-04-07/M1_constant.json,51269,c450fc61c8f72571d8574d9273024acfbe5cc59a642c9967122d4910622a2a5e
data/reference/results/integrated_v21_direct_2020-04-07/M1_constant.npz,73183,4fc54da2ba5b4bedd28dccc5a5e56d5655738044b8d674f3b44520d4de9a4011
data/reference/results/integrated_v21_direct_2020-04-07/M2_discretization_audit.json,532,b311dee6e5091c4b3ca73e9696d667ef75086fd27da44ee7b41a704c6128c4a4
data/reference/results/integrated_v21_direct_2020-04-07/M2_native.json,7177,58424484fb8505de114cca33b27abdacec30138ca736d12c0dee2b0b06b4acd0
data/reference/results/integrated_v21_direct_2020-04-07/M2_native.npz,78226,1edc3c8640b274a477099416397e6f550f3cdbf0d063eefb2e2dc3354255b2b0
data/reference/results/integrated_v21_direct_2020-04-07/M2_source_difference.json,7177,58424484fb8505de114cca33b27abdacec30138ca736d12c0dee2b0b06b4acd0
data/reference/results/integrated_v21_direct_2020-04-07/M2_source_difference.npz,78226,1edc3c8640b274a477099416397e6f550f3cdbf0d063eefb2e2dc3354255b2b0
data/reference/results/integrated_v21_direct_2020-04-07/M3_native.json,2880,fb391206045db7324891a7d91ffd2f3c43e48be9ed44d71c1f7f838f4eeeb2d2
data/reference/results/integrated_v21_direct_2020-04-07/M3_native.npz,74415,226cab90b0d7f32e5ea316916e9dbfc76aa034dcce413852642eb3fda53dee29
data/reference/results/integrated_v21_direct_2020-04-07/M4_balanced_v21.json,16889,155bcdcf0d1b3095935cd1039c7541602365546b48256a8063fc32e2c9174712
data/reference/results/integrated_v21_direct_2020-04-07/M4_balanced_v21.npz,76105,d623c057d997e60d3d88873eff5e36fe666a9ad019225755a67ed6e9b22409a6
data/reference/results/integrated_v21_direct_2020-04-07/M4_before_emission_refinement_v2.json,16889,155bcdcf0d1b3095935cd1039c7541602365546b48256a8063fc32e2c9174712
data/reference/results/integrated_v21_direct_2020-04-07/M4_before_emission_refinement_v2.npz,76105,d623c057d997e60d3d88873eff5e36fe666a9ad019225755a67ed6e9b22409a6
data/reference/results/integrated_v21_direct_2020-04-07/M4_exact_carbon_price100.json,1618,75341339f162574944585b4f67ce40fc1ddd524dc01028ca995fe434edd18c47
data/reference/results/integrated_v21_direct_2020-04-07/M4_exact_carbon_price100.npz,88098,a1d59109fed6336639fa96effbfc3dbf20c76a3b213392868cbed9698e3ecd71
data/reference/results/integrated_v21_direct_2020-04-07/M4_exact_carbon_price25.json,1593,fa96a1b849b63ffcf107f1e0e89488e6087d4b0122b261f3187e0e700a6c7e0d
data/reference/results/integrated_v21_direct_2020-04-07/M4_exact_carbon_price25.npz,81175,62e970b4c2c32f0cede33c6b62dc8b9f9a50784e002c3a69f72aef0e166a1b46
data/reference/results/integrated_v21_direct_2020-04-07/M4_exact_carbon_price400.json,1597,fb459d4787711a9d1a2722d61d664cb971a9ee57d31ab1b783ee8d637dc3128d
data/reference/results/integrated_v21_direct_2020-04-07/M4_exact_carbon_price400.npz,86395,2eb2ab2bc8ddcd3b2c978342f3ec93ad95aeff553aab714411e728e37368dfe9
data/reference/results/integrated_v21_direct_2020-04-07/M4_exact_carbon_selected.json,1597,fb459d4787711a9d1a2722d61d664cb971a9ee57d31ab1b783ee8d637dc3128d
data/reference/results/integrated_v21_direct_2020-04-07/M4_exact_carbon_selected.npz,86395,2eb2ab2bc8ddcd3b2c978342f3ec93ad95aeff553aab714411e728e37368dfe9
data/reference/results/integrated_v21_direct_2020-04-07/M4_proposed.json,29245,cbe9fa45822479b546ce597464ef948711fcdaedaddde43b65fe5838bc572535
data/reference/results/integrated_v21_direct_2020-04-07/M4_proposed.npz,76364,16a8a03bd3ff41e6ad6c12a08cbbcbe13d1f74f4ebf1f796b290f9381ce877bb
data/reference/results/integrated_v21_direct_2020-04-07/M4_recovery.json,222,68e1a1cd531738b6dba91c750fe3a934269b925bd96e43a2f00ca5f97204600b
data/reference/results/integrated_v21_direct_2020-04-07/M4_recovery.npz,9689,05190ca7e5387c6e43a97e26f4e575650adbff14e8aca5d16de6e70859e13815
data/reference/results/integrated_v21_direct_2020-04-07/M4_unconstrained_v21.json,1779,955fdda725a3fe58194c06fe72674226835f8062c9c0f3f06340656f29058882
data/reference/results/integrated_v21_direct_2020-04-07/M4_unconstrained_v21.npz,75508,69987a0320b9af8aba026a4495e59be906ab1d655a8e14f0b04b44cddbe52042
data/reference/results/integrated_v21_direct_2020-04-07/carbon_column_site0.json,2531,2b12ca1b30e556f4e6bc8c4a3b1ee6bf674b1630aeacd8c49737e9a66814051f
data/reference/results/integrated_v21_direct_2020-04-07/carbon_column_site1.json,2542,bacbf7050dabb5790603ad039edb140dce09777ad419f8b85c3383428903b0f2
data/reference/results/integrated_v21_direct_2020-04-07/carbon_column_site2.json,2540,f0454fb1aa43525fb3937bfa6f0cf009b9e1be0aa326ef051189cd1fa7f2554d
data/reference/results/integrated_v21_direct_2020-04-07/carbon_column_site3.json,2537,f91aa56e28f37353f86b675462dc4cbea1ba2e4cebeed6ec6313d6e74ff611ec
data/reference/results/integrated_v21_direct_2020-04-07/carbon_column_site4.json,2534,e42ba7fc796046a10d640f81b371f4439092994e3f5d1e9b4020766282dbe3b2
data/reference/results/integrated_v21_direct_2020-04-07/carbon_column_site5.json,2536,4f923fe0092bcfa28c8697adb1184e0d4f9860ee6149ff79b1d0caaa51639a23
data/reference/results/integrated_v21_direct_2020-04-07/carbon_column_summary.json,441,b716d61dd423fda43efb003bb3ca35d991dac9231d26a58cb5ec4e8fa7a66b35
data/reference/results/integrated_v21_direct_2020-04-07/carbon_costcap.json,1851,e5ed944322323220999573844a271c5f47e99465ee52b3a9c5027dcb397e8f9e
data/reference/results/integrated_v21_direct_2020-04-07/carbon_costcap.npz,82377,fd8d24c7981c127ffb77c2addca9acd81d9f877622946d2b23a925d52f03ff12
data/reference/results/integrated_v21_direct_2020-04-07/carbon_free.json,1823,078b8d6cecf66948f9de8bd00399ea882dba3d7e6afa95352750609253125915
data/reference/results/integrated_v21_direct_2020-04-07/carbon_free.npz,86083,b088ceb4f6585e6df4c221e26d591bc353936338b6dba67d4c15b6fbef2a26a8
data/reference/results/integrated_v21_direct_2020-04-07/constant_reference.json,1742,ef752646aa079c12b601499bdb6cb402521019e009e429fbaf02b432fc8de8ce
data/reference/results/integrated_v21_direct_2020-04-07/constant_reference.npz,71995,dae64985292b8098a49ffde32e40f39392bbe71429e2a2c10263eb675059fd40
data/reference/results/integrated_v21_direct_2020-04-07/curtailment_costcap.json,1891,98fc8e1d0996eda7efe71d142e6735133d1817410807573094813213758fd89f
data/reference/results/integrated_v21_direct_2020-04-07/curtailment_costcap.npz,76807,a357dbc7eb56feb3c464642c22a0e424226a87c7fe513e94760265351a12e3d7
data/reference/results/integrated_v21_direct_2020-04-07/curtailment_free.json,1894,03ae18ca548a7d019650dcafd083eb1407727c767ffe6b902387c20928ece6fc
data/reference/results/integrated_v21_direct_2020-04-07/curtailment_free.npz,76828,ca76a35603e44fc050175c105ac1a19743426def3bb6a71531d61adaf2a27a82
data/reference/results/integrated_v21_direct_2020-04-07/exact_carbon_polish_audit.json,792,14ebd41be61b9a821605d45a56a2ff2eace984afd14dcffad561ad9e257e9638
data/reference/results/integrated_v21_direct_2020-04-07/joint_costcap.json,1854,3d8cdc93d12e87d969404e70b9c53a853eef10717e5dafe378713cbd227b007c
data/reference/results/integrated_v21_direct_2020-04-07/joint_costcap.npz,82352,c599cc9fc5d7e7b81a931ca911d7e2bbf1056abcc32b044453b61c58c474b8a2
data/reference/results/integrated_v21_direct_2020-04-07/joint_free.json,1842,436353e2ade21cbf3a766f03ec881a7494daf9fda2542b4f0893a7eacc7233bd
data/reference/results/integrated_v21_direct_2020-04-07/joint_free.npz,86158,9bcaf96c2fab59cc23193d94b0e4b12d8230a79d292911b0f8365207537c496c
data/reference/results/integrated_v21_direct_2020-04-07/library_geometry_v21.json,219324,2a13ea40334eb3f8ff1ed3548248fca19743a13e5eaa6f9446c34c89f8eb87ef
data/reference/results/integrated_v21_direct_2020-04-07/library_geometry_v21.npz,42234,17c5d38b467a410c7e1b5f7bc50872c06b0044af9c921b1e3e0f738762623840
data/reference/results/integrated_v21_direct_2020-04-07/priority_bounds.json,1455,cbabe58756a4994ba6fa20268412a77585d04ce47f77b3e3a988750f4c4c2fa6
data/reference/results/integrated_v21_direct_2020-04-07/v21_upgrade_audit.json,426,7cb6405fbb01c8ee74ad3d01a739e84412211f83c3523b14c0a8768ebec105ed
data/reference/results/integrated_v21_direct_2020-10-17/Liu2025_price25_commands12_native_terminal_free.json,6916,e7ed2b0533302a12c91878b7ddb32657f24a3a507508b86f95209553097581cb
data/reference/results/integrated_v21_direct_2020-10-17/Liu2025_price25_commands12_native_terminal_free.npz,76496,fffb8dc7de84297d8c94724a59066ef5e19a461e172341c453b81d0dacc0767c
data/reference/results/integrated_v21_direct_2020-10-17/M1_constant.json,35393,a3443aab34dd772b756a3b1e6da772422c71d6ca90910676966a140bbdb1a15b
data/reference/results/integrated_v21_direct_2020-10-17/M1_constant.npz,71358,da4e91dc128abd1b6875cb496daa218841beed255278b310a753d7960cae92b3
data/reference/results/integrated_v21_direct_2020-10-17/M2_discretization_audit.json,537,374b5d0b02b3fff4472fcfa5adba38938d1c3dc8653082b1dad1d0f32856f7ae
data/reference/results/integrated_v21_direct_2020-10-17/M2_native.json,7180,da7f82f7e571fa6a3e28390f1c25ff84badde2fdfda37c076fb9b11133c84e5a
data/reference/results/integrated_v21_direct_2020-10-17/M2_native.npz,76496,fffb8dc7de84297d8c94724a59066ef5e19a461e172341c453b81d0dacc0767c
data/reference/results/integrated_v21_direct_2020-10-17/M2_source_difference.json,7180,da7f82f7e571fa6a3e28390f1c25ff84badde2fdfda37c076fb9b11133c84e5a
data/reference/results/integrated_v21_direct_2020-10-17/M2_source_difference.npz,76496,fffb8dc7de84297d8c94724a59066ef5e19a461e172341c453b81d0dacc0767c
data/reference/results/integrated_v21_direct_2020-10-17/M3_native.json,2885,7aa0755642222482947efec3bebd1b370e7ac2e926f3671bafa3964264a24d76
data/reference/results/integrated_v21_direct_2020-10-17/M3_native.npz,71570,8ff69c26740f9aedb9b6f054c431ca94e97c5695cf8362dce0b8ef4f242b4cb4
data/reference/results/integrated_v21_direct_2020-10-17/M4_balanced_v21.json,7010,c1eda0fb25c4796f68b209396aa22bd207e761c4e59a018fdc788bf82fbb723a
data/reference/results/integrated_v21_direct_2020-10-17/M4_balanced_v21.npz,74292,6e944175815e5be70e8a511976d377e68464a2da3bd606a2191a2f5ecce9aa04
data/reference/results/integrated_v21_direct_2020-10-17/M4_before_emission_refinement_v2.json,7010,c1eda0fb25c4796f68b209396aa22bd207e761c4e59a018fdc788bf82fbb723a
data/reference/results/integrated_v21_direct_2020-10-17/M4_before_emission_refinement_v2.npz,74292,6e944175815e5be70e8a511976d377e68464a2da3bd606a2191a2f5ecce9aa04
data/reference/results/integrated_v21_direct_2020-10-17/M4_exact_carbon_price100.json,1579,5c578c2ee2020bebbe646f32d261afa002841eee77a87fe17637a0576df1b170
data/reference/results/integrated_v21_direct_2020-10-17/M4_exact_carbon_price100.npz,78296,87639b7b21ebfa94f10e9e64600713da953cbf7f4eb770dd22765671909df936
data/reference/results/integrated_v21_direct_2020-10-17/M4_exact_carbon_price25.json,1560,09afa2d2957c1d63e24d781b9fd3fe2393c860ddbe34f4e597dbe43c519bf1bf
data/reference/results/integrated_v21_direct_2020-10-17/M4_exact_carbon_price25.npz,79540,b8eb13ee8956324acec9581fa708ed80675c9af71544beae2ac5b2f88b1d345c
data/reference/results/integrated_v21_direct_2020-10-17/M4_exact_carbon_price400.json,1560,cb6af28be55d34f72782708c96dc3d302a76a686fd413314e2d64b695d2ac35a
data/reference/results/integrated_v21_direct_2020-10-17/M4_exact_carbon_price400.npz,79694,145d20bac7c7e94015b8f1ca2f22db4940807e3a2a5d2925d33916b0d93e38a6
data/reference/results/integrated_v21_direct_2020-10-17/M4_exact_carbon_selected.json,17573,37b09835062d817864efa1d669a5ee97324a610daf08e2d71398f1df20a879fe
data/reference/results/integrated_v21_direct_2020-10-17/M4_exact_carbon_selected.npz,74292,174c9b5b0c7f5cd97b11caa8da4d731d6e80ffacc611dbfb89e9da6d0683f0cb
data/reference/results/integrated_v21_direct_2020-10-17/M4_proposed.json,11487,d412ba0b6a287fef18a7d732f72bd4c0b8fc40702e0ffd8c50e46a085847a71d
data/reference/results/integrated_v21_direct_2020-10-17/M4_proposed.npz,74331,5448d24f83800f5e9f189113e864d197cbd5ecc0340bd6bb1d82b82e1a874623
data/reference/results/integrated_v21_direct_2020-10-17/M4_recovery.json,223,3a303db30971601380d399b1bd268c8a10d1b30db4d961f2d4f01ec279eba376
data/reference/results/integrated_v21_direct_2020-10-17/M4_recovery.npz,9003,02f724f9c7bfac6e3c48fb0ed0d43676060421873126a4b4538b1403c7422411
data/reference/results/integrated_v21_direct_2020-10-17/M4_unconstrained_v21.json,1797,6e3e50b7526522c86466a05024f4559333adc92907d4954d9ff8a7ef7f1e020b
data/reference/results/integrated_v21_direct_2020-10-17/M4_unconstrained_v21.npz,74052,f457f609a6439e614c1fe32a5c7b88750eeedaed4fc3814fbccce95cd53bd256
data/reference/results/integrated_v21_direct_2020-10-17/carbon_column_site0.json,2533,33f62f3d5a614cd9d37ca413ac9105dcc56965079a0789720a116db5e9637fd5
data/reference/results/integrated_v21_direct_2020-10-17/carbon_column_site1.json,2538,95587532501afb9222a37e7b19cd190a82e8d9d17df928b5dede8974e5fe5b07
data/reference/results/integrated_v21_direct_2020-10-17/carbon_column_site2.json,2545,85ea2d83902e24ca862b9268905116bfd204541dae1698c1986928c62fdab54b
data/reference/results/integrated_v21_direct_2020-10-17/carbon_column_site3.json,2538,96551eb14b2dae2271ff322f23c15862c0cc004a75cd0a749c6995e013e36a47
data/reference/results/integrated_v21_direct_2020-10-17/carbon_column_site4.json,2540,d5e3c8696410eabe849ca9eab084e86d53d6bcf8e64259915a3396da4add03eb
data/reference/results/integrated_v21_direct_2020-10-17/carbon_column_site5.json,2530,0359336fbc1047194ca732cf65dfbd65dff40cf16a0dfd52a36ae4b344e852f5
data/reference/results/integrated_v21_direct_2020-10-17/carbon_column_summary.json,441,b716d61dd423fda43efb003bb3ca35d991dac9231d26a58cb5ec4e8fa7a66b35
data/reference/results/integrated_v21_direct_2020-10-17/carbon_costcap.json,1851,0895249bb118b68985f59ffd260d327bb06a528694976185f266c6da21011d55
data/reference/results/integrated_v21_direct_2020-10-17/carbon_costcap.npz,75054,3cd8357ea330a11237273a65cf7ba3fb5002029ff1151816f2610e0b4b3670a8
data/reference/results/integrated_v21_direct_2020-10-17/carbon_free.json,1836,31fdd0d89f82ffc5f03d971bfa551331a74981f45ce0e1bb7f3f13973783356d
data/reference/results/integrated_v21_direct_2020-10-17/carbon_free.npz,81124,428e33e3785a204adbec6a840fb29cd5a24c4a0485d76553eccfe4887a0f5983
data/reference/results/integrated_v21_direct_2020-10-17/constant_reference.json,1724,8f26afb62dce62c073e553930eaa2d01e7e3b8092aa827852575438917e8322d
data/reference/results/integrated_v21_direct_2020-10-17/constant_reference.npz,70274,775fb3a0e9f694735d0f410635ffab5b727df0e8afc97a96681a5f51a721f88f
data/reference/results/integrated_v21_direct_2020-10-17/curtailment_costcap.json,1907,099679ff25f731478b98fcbfa255c90532b6b56e30e2c6900f366886950a43ee
data/reference/results/integrated_v21_direct_2020-10-17/curtailment_costcap.npz,75269,7090b4f9f02e0fb68015b5065603e7f220cda0819ac3b2d803ffd7ea2a8a65a2
data/reference/results/integrated_v21_direct_2020-10-17/curtailment_free.json,1909,18e5ff43a115d0c351686db021b523a5a1ee7a0ee71523462591b8205d41101a
data/reference/results/integrated_v21_direct_2020-10-17/curtailment_free.npz,75149,ff818276a37ceff09cf4af581f41b94c33a390fddb2c2253054799694236c01a
data/reference/results/integrated_v21_direct_2020-10-17/exact_carbon_polish_audit.json,761,7cebe4513b5459b077a3f83985c3c8833e96d6dcae7e1ff863f3eb7d23e32bfe
data/reference/results/integrated_v21_direct_2020-10-17/joint_costcap.json,1856,3e8a8fe1880a727179c745fe1bbb766336e74f4142114ef250a3b5abd9225a2c
data/reference/results/integrated_v21_direct_2020-10-17/joint_costcap.npz,75060,10fec664b77237637d9d094dd6450e2c5a46a979ce1d406525f1f095770cdcb0
data/reference/results/integrated_v21_direct_2020-10-17/joint_free.json,1841,8e046ac2fa1c676d21862f81a778d829b0fd3742598c618e149d61c2fa75c7c4
data/reference/results/integrated_v21_direct_2020-10-17/joint_free.npz,81141,a90ade53e18193d8a2af6628591574ea0d4e96aca3abe60c48e9874c0048aec9
data/reference/results/integrated_v21_direct_2020-10-17/library_geometry_v21.json,219324,2a13ea40334eb3f8ff1ed3548248fca19743a13e5eaa6f9446c34c89f8eb87ef
data/reference/results/integrated_v21_direct_2020-10-17/library_geometry_v21.npz,42234,17c5d38b467a410c7e1b5f7bc50872c06b0044af9c921b1e3e0f738762623840
data/reference/results/integrated_v21_direct_2020-10-17/priority_bounds.json,1394,f3a4fdc95d8ee29f57506a68f50b92dab6cbb77cc942db5457b6954ddfa5e423
data/reference/results/integrated_v21_direct_2020-10-17/v21_upgrade_audit.json,393,f6e392c4866dd8f0af06a11ef9b7f45b4545e70d2f10dce0a0e9c48811412fbf
data/reference/results/integrated_v21_direct_2020-11-29/Liu2025_price25_commands12_native_terminal_free.json,6911,8ae98f97d9aa32006b8eb8009a4032a06e1b090d06a27451818f7b6c8f0d3293
data/reference/results/integrated_v21_direct_2020-11-29/Liu2025_price25_commands12_native_terminal_free.npz,73815,982aa86a1e7eb3d8cd4f5a9f6d78f1ae63c978cbbf0cc37d0007823303042e50
data/reference/results/integrated_v21_direct_2020-11-29/M1_constant.json,40823,4cc2c7f456c2db48a797f79b14e660caf254d56a80df5ed8285dc80c4eaee217
data/reference/results/integrated_v21_direct_2020-11-29/M1_constant.npz,68289,3d6298ea2b534736bf744c5f24b51541225c34d7ac15f1cc90cbab30b43863ae
data/reference/results/integrated_v21_direct_2020-11-29/M2_discretization_audit.json,526,7993c633b81436c008674cab520fad81e042c817f78d9cdeb121a07727e65499
data/reference/results/integrated_v21_direct_2020-11-29/M2_native.json,7175,e5eb7d4aec99548c600c96f804c1970c2fc86bd01529a6c08b14910ff25ccccc
data/reference/results/integrated_v21_direct_2020-11-29/M2_native.npz,73815,982aa86a1e7eb3d8cd4f5a9f6d78f1ae63c978cbbf0cc37d0007823303042e50
data/reference/results/integrated_v21_direct_2020-11-29/M2_source_difference.json,7175,e5eb7d4aec99548c600c96f804c1970c2fc86bd01529a6c08b14910ff25ccccc
data/reference/results/integrated_v21_direct_2020-11-29/M2_source_difference.npz,73815,982aa86a1e7eb3d8cd4f5a9f6d78f1ae63c978cbbf0cc37d0007823303042e50
data/reference/results/integrated_v21_direct_2020-11-29/M3_native.json,2915,8b2baec7c516444551c0d0a174789fef4a362dcd734fdfe4295ecb3101c7497b
data/reference/results/integrated_v21_direct_2020-11-29/M3_native.npz,70780,aa7b0e1d157dc4bbf29e9916b4d92a7f95b49720f6fee4d2689a97e632f9cb08
data/reference/results/integrated_v21_direct_2020-11-29/M4_balanced_v21.json,17279,8c55487001d38c32b29d37db9fbff355f4e211b782e898c2c5b7520f807913b0
data/reference/results/integrated_v21_direct_2020-11-29/M4_balanced_v21.npz,73056,1f121186af466dbc0c14ab08147d7e3e0b67d81a2c9c99c16e6f5bf70836d49c
data/reference/results/integrated_v21_direct_2020-11-29/M4_before_emission_refinement_v2.json,17279,8c55487001d38c32b29d37db9fbff355f4e211b782e898c2c5b7520f807913b0
data/reference/results/integrated_v21_direct_2020-11-29/M4_before_emission_refinement_v2.npz,73056,1f121186af466dbc0c14ab08147d7e3e0b67d81a2c9c99c16e6f5bf70836d49c
data/reference/results/integrated_v21_direct_2020-11-29/M4_exact_carbon_price100.json,1593,48393df46e2a7afd0eb4641086d25fef2a0faf807629b0518b9ba50867a07597
data/reference/results/integrated_v21_direct_2020-11-29/M4_exact_carbon_price100.npz,84676,e06a748eed94dfa25cf924178c92b16068ba900ce8302c43e0cdd73ce3c3d8c7
data/reference/results/integrated_v21_direct_2020-11-29/M4_exact_carbon_price25.json,1626,2846e06b1c3aee1688f773165bcf7b8be4caae6086e25ce925651ac4146c947c
data/reference/results/integrated_v21_direct_2020-11-29/M4_exact_carbon_price25.npz,85769,7aa2408b6294605962f4f3f6d9e968ddbb5405307448ef59857ab1aa08b9adf0
data/reference/results/integrated_v21_direct_2020-11-29/M4_exact_carbon_price400.json,1592,d27b5e1091ab4996249dc4408ee7365047b08742c6dc2a908d09aa1370a33f23
data/reference/results/integrated_v21_direct_2020-11-29/M4_exact_carbon_price400.npz,84986,352de0377af0105e4e728f153088d5c7ef33d7bde3c314e1ccacebe4cfcf3dac
data/reference/results/integrated_v21_direct_2020-11-29/M4_exact_carbon_selected.json,40313,7e03376e6a3eb4fc583d352ddb843482a4e95beb19a0a8907400a14a5fe7718a
data/reference/results/integrated_v21_direct_2020-11-29/M4_exact_carbon_selected.npz,73706,01952a4183ee85a24413b0a591786c89baeb6b5bb749001ba179f1211e2a6ebf
data/reference/results/integrated_v21_direct_2020-11-29/M4_proposed.json,25150,281b86a066519f67354dde080ba593c14c900721f8381b10cbad6a49c07683b6
data/reference/results/integrated_v21_direct_2020-11-29/M4_proposed.npz,73316,b6781a479e749b4121b6959b01f8fc61190e979b85e7c63d7b3873ec15d896de
data/reference/results/integrated_v21_direct_2020-11-29/M4_recovery.json,222,46b9a9cdaef07069346cc56a68c4c445dd4621086cdb7cf8c64b23a0ec0af215
data/reference/results/integrated_v21_direct_2020-11-29/M4_recovery.npz,9201,43ae3f80453c02b649ad40fda13ab81462b19b4d830c7a68925451d399c1a169
data/reference/results/integrated_v21_direct_2020-11-29/M4_unconstrained_v21.json,1771,2d77e86fc3162267f5bf7822221201f26c7c9471f736fd6c94f4aa949b147fdf
data/reference/results/integrated_v21_direct_2020-11-29/M4_unconstrained_v21.npz,71473,2371d021b900a549c78c8bb3d4adb0b2fe46ff58738178189589b32109a4e036
data/reference/results/integrated_v21_direct_2020-11-29/carbon_costcap.json,1889,05ff47668ea2f565c9ba9785cae4c857a711a06b9ee6b8d66fe5e6f36189a5a4
data/reference/results/integrated_v21_direct_2020-11-29/carbon_costcap.npz,84400,8a18caef04e4bfce7364a74660882d68f373b1170021fe62262b7ca11d8778a7
data/reference/results/integrated_v21_direct_2020-11-29/carbon_free.json,1874,5d260e1114542c71b1510ba92382112a3abcbc2c0668227605ace5bf658173d8
data/reference/results/integrated_v21_direct_2020-11-29/carbon_free.npz,84428,98f022d1bb6aba447a9d895a12b4d43fe7c4874851c9b69fe4e5447989de49d0
data/reference/results/integrated_v21_direct_2020-11-29/constant_reference.json,1753,e10e9c61104e9c7a007a16589ee363b4b1966144506d85fc6fd2a13639de907d
data/reference/results/integrated_v21_direct_2020-11-29/constant_reference.npz,67226,32faa440741729de72762ab7d79a7ef854230032995e6405a3486ecc4012792f
data/reference/results/integrated_v21_direct_2020-11-29/curtailment_costcap.json,1890,e07c445b17d7781a0bf9d324e723f0c2accbc31888aa9e4eafc3c8c4695c8e60
data/reference/results/integrated_v21_direct_2020-11-29/curtailment_costcap.npz,87804,abb4534f346312a00fb8209f696a214b9aedda73093f6a7b056f2ab3468bfc1c
data/reference/results/integrated_v21_direct_2020-11-29/curtailment_free.json,1874,9895d8e7a7cd052493554f80dee5e2370f7fef8dedccd31cab2fa7888ba9c8ce
data/reference/results/integrated_v21_direct_2020-11-29/curtailment_free.npz,87907,91c1cc2be212aaf8e893857ffd322deb62c30692de57b109749f539bae5a97e2
data/reference/results/integrated_v21_direct_2020-11-29/exact_carbon_polish_audit.json,814,ef95d18d0f22e6f72932876cb19a9a64ee7a86df38bc53c0987d2bd0eafe7b20
data/reference/results/integrated_v21_direct_2020-11-29/joint_column_site0.json,5060,936d64b11fc4728d0cd3de377d5429e16464beb660c271828933559e7491c4a1
data/reference/results/integrated_v21_direct_2020-11-29/joint_column_site1.json,5069,8b139eb02cf53cfb204176e76fb83d8674dc0fc5f23c4721048aeaa704193655
data/reference/results/integrated_v21_direct_2020-11-29/joint_column_site2.json,5072,0ad90e279001e181fd9f409bee74dca12931f7f85d8dcc311d8eb67ff08a7d8a
data/reference/results/integrated_v21_direct_2020-11-29/joint_column_site3.json,5073,79e51ebac5b7dd79849c10415bfda02971e1da8ac04a535aeb2d4b35e5de8b66
data/reference/results/integrated_v21_direct_2020-11-29/joint_column_site4.json,5070,6c7cea3a07edf2ab10932bfe547f9570da4d868dd74a0ce5fe0b9b8c003c10f4
data/reference/results/integrated_v21_direct_2020-11-29/joint_column_site5.json,5069,457e9acd35f7a1f2280c3348e125622b1993b23eb0e029a67c4e15d4022445ed
data/reference/results/integrated_v21_direct_2020-11-29/joint_column_summary.json,435,3df28353f0a6c552d089cfd0594d5a1f1d6cb91874ecd608b76ec5543fa04fb7
data/reference/results/integrated_v21_direct_2020-11-29/joint_costcap.json,1870,5a05216fe847af42e3b7fb7a98bfe7c837c56e8272af46a6c61c407a183ca3fc
data/reference/results/integrated_v21_direct_2020-11-29/joint_costcap.npz,87878,86c1b606116d3c9221fda5dade9a6fb5d885fa50325e5347f935ee667dc7e6dc
data/reference/results/integrated_v21_direct_2020-11-29/joint_free.json,1857,115d25013ba0b15120022dfcec06b849566773562c1c33380058b39c59faebbd
data/reference/results/integrated_v21_direct_2020-11-29/joint_free.npz,87859,5f36c5825e4b5f78bed1418c80b14d6a7853d3f68287e8b6a465a53d63121434
data/reference/results/integrated_v21_direct_2020-11-29/library_geometry_v21.json,219324,2a13ea40334eb3f8ff1ed3548248fca19743a13e5eaa6f9446c34c89f8eb87ef
data/reference/results/integrated_v21_direct_2020-11-29/library_geometry_v21.npz,42234,17c5d38b467a410c7e1b5f7bc50872c06b0044af9c921b1e3e0f738762623840
data/reference/results/integrated_v21_direct_2020-11-29/priority_bounds.json,1541,c139fc3e3aa249cf23c862a21d1d1529083a3dfcaedf17c4cf143b85886afe0a
data/reference/results/integrated_v21_direct_2020-11-29/v21_upgrade_audit.json,422,57211721f7a50d3d0d087e888794d5694dfef82b9c76a8ec80e76af10ddbe6df
data/reference/results/library/candidate_library.json,243476,4a3e4598e9ec159e5e34b80e7e8ae2727ce9222c6193b97663d44bf385c68f85
data/reference/results/library/candidate_library.npz,6051122,52db9cc82befdb85f4a304b879b15f2cd6f72fb00d8f22534b7a513dbcce3dd4
data/reference/results/library/candidate_library_smooth_v2.json,243476,9eb2aea36686062258e9de638e51d865b3f06bb7fed692c47e76851cbfbb09c6
data/reference/results/library/candidate_library_smooth_v2.npz,6051122,52db9cc82befdb85f4a304b879b15f2cd6f72fb00d8f22534b7a513dbcce3dd4
data/reference/results/library/candidate_library_step_v1.json,90518,1a7dddad6e828494f9b9b5b43824fd4406576045674f731e943c546e8d560753
data/reference/results/library/candidate_library_step_v1.npz,6053568,59af92044e5c7aef586eba1d5ad8d359942b85e4b3388aee642e8e891f920e50
data/reference/results/library/public_v3/candidate_library.json,205269,6b560c5f5d668034baeabfb0cccc12851bdb7695555a45d2bc9a33b3fc8b1498
data/reference/results/library/public_v3/candidate_library.npz,16931285,6b73bec0295d196507be123f377445a9d914d0b03dec4d0b27bec87cd38b6d3c
data/reference/results/library/public_v3/excitation_scan.npz,9352,d9a181f19a988cb509a496cd3d3bca55ef09b523a73ef0513e6c2cb0050cafe5
data/reference/results/library/public_v3/site_0.json,32611,1a891ce6258c9f3883312a55be4a431ed44dce337085d6110056088fd604b92d
data/reference/results/library/public_v3/site_0.npz,2806953,70356fc8f862c3b42047af7d9ca66d32228418c28a9c8dd5d977540142171f25
data/reference/results/library/public_v3/site_1.json,32526,c200f9fd951682f2ec456ef27c04d86f96f04cbe29d7f7ae1d19c7107481b035
data/reference/results/library/public_v3/site_1.npz,2739460,31558bec95f194670c71bd4ede85e3946d6c5d14d93d799b0abc7af9aec71dbf
data/reference/results/library/public_v3/site_2.json,32630,d6811254167cc6599ffc733a8efcf8f9e8e8850a9bd75f1846ab8bc6cc7dc0d3
data/reference/results/library/public_v3/site_2.npz,2840887,cdea2f818fc206e5846716697ffb603709253d90211fbc79d51510a0e1447e42
data/reference/results/library/public_v3/site_3.json,32625,f634826d921c839370ba9c6ada2819212df9c8437fd6bf0eea42fbb554222bf3
data/reference/results/library/public_v3/site_3.npz,2841824,ed867ec8e9a8492229e69accc498e2dd52ddbdc56ebddab9360270abfa8c16a1
data/reference/results/library/public_v3/site_4.json,32624,d7a7de11099e8d5af66e6ea5d06b9bc2ccf3e2fb454d9308e0478f03b1c3a650
data/reference/results/library/public_v3/site_4.npz,2846612,866f2e4effa1084b8fe37763b072edbb67e5554a78183f3b565ce3468d6bc011
data/reference/results/library/public_v3/site_5.json,32592,07be09c9f15ede1de51902ae9c2604a5e5766066d5cac2b6f2871dae51de44ea
data/reference/results/library/public_v3/site_5.npz,2860188,b592207ae770741203dd147ba4636e729583eefb246655183085dfd55ccdf49b
data/reference/results/library/stability_mu162.npz,48479,f1b3ee261132db9040239ddda2ee199349bb37d969299b39185bb040ee551cce
data/reference/results/library/stability_mu171.npz,56749,c9bd1d192f9f715bc655f3a19ddf1ac1d91c86781cd132fc02e003ef9fa449cb
data/reference/results/library/stability_mu180.npz,66276,df101f4af637cc29aa898519f302313e9f40eac5616beb792ce3aab1aa12e228
data/reference/results/library/stability_mu189.npz,75836,7ceeb0088be4852e372265db4fa2ee61f1bdead7bcc5898ef47851072191c13c
data/reference/results/library/stability_mu198.npz,92769,41121ba108fcfda1745b72d733945024d369edfb17d5948310cb7f14d448b0b6
data/reference/results/library/stabilizers.json,923,0f48110d8d97a179abf0b67e958fa25c1de2f6241d1c04cbf7ebcdf712614d0c
data/reference/results/m2_configuration_v28/2020-04-07/commands_04/scenario_00/Liu2025.json,4699,8671eea067a26280b5efa35c9a3a6ab2add25ddde285606b0f66c70c72e270c3
data/reference/results/m2_configuration_v28/2020-04-07/commands_04/scenario_00/Liu2025.npz,82811,55ef6812b3dd5c7533cedf13e6729eb378cb4a7dff20b644dd319c48e1421428
data/reference/results/m2_configuration_v28/2020-04-07/commands_04/scenario_00/Liu2025_execution.json,4699,8671eea067a26280b5efa35c9a3a6ab2add25ddde285606b0f66c70c72e270c3
data/reference/results/m2_configuration_v28/2020-04-07/commands_04/scenario_00/Liu2025_execution.npz,82811,55ef6812b3dd5c7533cedf13e6729eb378cb4a7dff20b644dd319c48e1421428
data/reference/results/m2_configuration_v28/2020-04-07/commands_04/scenario_00/Liu2025_price25_commands4_native_terminal_free.json,6892,dc80688f2301a6aa3d86aedcb931759bc2ecbafb881ddd0de19bf9dd386ba573
data/reference/results/m2_configuration_v28/2020-04-07/commands_04/scenario_00/Liu2025_price25_commands4_native_terminal_free.npz,75325,ebe4907d3a7fb7f4a6d50d3ed0a1ee392284cb355f949cad2cca4c50f46a9aef
data/reference/results/m2_configuration_v28/2020-04-07/commands_04/scenario_00/M2_native.json,7126,20c17a5e37b013823757d90557554ca2e7fcb845115ac781055b1b681ea98d6c
data/reference/results/m2_configuration_v28/2020-04-07/commands_04/scenario_00/M2_native.npz,75325,ebe4907d3a7fb7f4a6d50d3ed0a1ee392284cb355f949cad2cca4c50f46a9aef
data/reference/results/m2_configuration_v28/2020-04-07/commands_04/scenario_00/execution_log.txt,3709,c8f69deb2ff4e053e361286459fa8fd728ed4ea9205f148112e0fa9c0096b030
data/reference/results/m2_configuration_v28/2020-04-07/commands_04/scenario_01/Liu2025.json,4703,c18b360c22a35672eaa73e1ced6263ed55cb76aaf90d4bb0ef279dba51b24475
data/reference/results/m2_configuration_v28/2020-04-07/commands_04/scenario_01/Liu2025.npz,82919,ea2f3b0323c9cd67993769d57b50539b9b52e81c2f7edec07fb5b52b7e07a8ec
data/reference/results/m2_configuration_v28/2020-04-07/commands_04/scenario_01/Liu2025_execution.json,4703,c18b360c22a35672eaa73e1ced6263ed55cb76aaf90d4bb0ef279dba51b24475
data/reference/results/m2_configuration_v28/2020-04-07/commands_04/scenario_01/Liu2025_execution.npz,82919,ea2f3b0323c9cd67993769d57b50539b9b52e81c2f7edec07fb5b52b7e07a8ec
data/reference/results/m2_configuration_v28/2020-04-07/commands_04/scenario_01/Liu2025_price25_commands4_native_terminal_free.json,6895,5606b32c399f4b79541ba6b12dcfef69655a54cac00554c06498a24f69ee3239
data/reference/results/m2_configuration_v28/2020-04-07/commands_04/scenario_01/Liu2025_price25_commands4_native_terminal_free.npz,76787,8d7f249219fae7afa161461d2be3e03d8105a486755dd597f023a794dd37b0f1
data/reference/results/m2_configuration_v28/2020-04-07/commands_04/scenario_01/M2_native.json,7129,188004021633739517a929dfa3a703a46f0300be26e9c1744fb013d770587c67
data/reference/results/m2_configuration_v28/2020-04-07/commands_04/scenario_01/M2_native.npz,76787,8d7f249219fae7afa161461d2be3e03d8105a486755dd597f023a794dd37b0f1
data/reference/results/m2_configuration_v28/2020-04-07/commands_04/scenario_01/execution_log.txt,3713,75c013f28f92d4dfe8b10ddcf1b16ef3609bd0ab23cb0de9dfcd9af06c6ca470
data/reference/results/m2_configuration_v28/2020-04-07/commands_04/scenario_02/Liu2025.json,4699,ac07b6fe7ea9cce7451a43cfd4a970bc481cfb88174ec705c633ec977284173a
data/reference/results/m2_configuration_v28/2020-04-07/commands_04/scenario_02/Liu2025.npz,82997,54b8ab432dc00a808dcfe3ac432da633a058b63b5d27b05bbe089f8b0d404e0c
data/reference/results/m2_configuration_v28/2020-04-07/commands_04/scenario_02/Liu2025_execution.json,4699,ac07b6fe7ea9cce7451a43cfd4a970bc481cfb88174ec705c633ec977284173a
data/reference/results/m2_configuration_v28/2020-04-07/commands_04/scenario_02/Liu2025_execution.npz,82997,54b8ab432dc00a808dcfe3ac432da633a058b63b5d27b05bbe089f8b0d404e0c
data/reference/results/m2_configuration_v28/2020-04-07/commands_04/scenario_02/Liu2025_price25_commands4_native_terminal_free.json,6911,282ed6388c15b327826fcc9d4b6a72ec98153c5ab4e2d0ba52dae94e473d4bd9
data/reference/results/m2_configuration_v28/2020-04-07/commands_04/scenario_02/Liu2025_price25_commands4_native_terminal_free.npz,77263,14d9162f4ed796aadf0f051c4f99fe37b00a4de8920f5ad2f0a87fa417c07876
data/reference/results/m2_configuration_v28/2020-04-07/commands_04/scenario_02/M2_native.json,7145,0504bfce88096b966b70026a87628419196ac28dfa2b1c5079152bacfbd59c57
data/reference/results/m2_configuration_v28/2020-04-07/commands_04/scenario_02/M2_native.npz,77263,14d9162f4ed796aadf0f051c4f99fe37b00a4de8920f5ad2f0a87fa417c07876
data/reference/results/m2_configuration_v28/2020-04-07/commands_04/scenario_02/execution_log.txt,3709,a318724ad1b7bbb3d4caf7a8151dda17e2c0eebfbd2ced8f4a110fada3c194de
data/reference/results/m2_configuration_v28/2020-04-07/commands_04/scenario_03/Liu2025.json,4705,d305fb51b833381bc65eafc17efe8c603447b366c2ab4afb158f53d5fb288be2
data/reference/results/m2_configuration_v28/2020-04-07/commands_04/scenario_03/Liu2025.npz,82773,a0139a23c8873e87bfb024d506a58535a9ca2a91c836de1ea175873103615028
data/reference/results/m2_configuration_v28/2020-04-07/commands_04/scenario_03/Liu2025_execution.json,4705,d305fb51b833381bc65eafc17efe8c603447b366c2ab4afb158f53d5fb288be2
data/reference/results/m2_configuration_v28/2020-04-07/commands_04/scenario_03/Liu2025_execution.npz,82773,a0139a23c8873e87bfb024d506a58535a9ca2a91c836de1ea175873103615028
data/reference/results/m2_configuration_v28/2020-04-07/commands_04/scenario_03/Liu2025_price25_commands4_native_terminal_free.json,6910,c92d120e08d38d2f58ae30de989bda87a04e1ad6d1ded4914ac6235f532800bc
data/reference/results/m2_configuration_v28/2020-04-07/commands_04/scenario_03/Liu2025_price25_commands4_native_terminal_free.npz,77403,747459aff9a8d8e7c04d1dad8336ea4e2cb64a6001a5078b50c4f1eef67c305e
data/reference/results/m2_configuration_v28/2020-04-07/commands_04/scenario_03/M2_native.json,7144,c528b354d370e21961a57500af808121aafb600120f36c9cae61572bea74c4ed
data/reference/results/m2_configuration_v28/2020-04-07/commands_04/scenario_03/M2_native.npz,77403,747459aff9a8d8e7c04d1dad8336ea4e2cb64a6001a5078b50c4f1eef67c305e
data/reference/results/m2_configuration_v28/2020-04-07/commands_04/scenario_03/execution_log.txt,3715,10bf9521b4ec5dae240ff10d6d81121452d6e97609b3ea4580d29e36d12a9b47
data/reference/results/m2_configuration_v28/2020-04-07/commands_04/scenario_04/Liu2025.json,4704,81de46355a2546e929d11e8bb234e7767c52fd6ddc086270ef21ca6eef0b9459
data/reference/results/m2_configuration_v28/2020-04-07/commands_04/scenario_04/Liu2025.npz,82850,1e34817d7950307f0ea29f4ebf83f5704195452d69536e649781a8775117835c
data/reference/results/m2_configuration_v28/2020-04-07/commands_04/scenario_04/Liu2025_execution.json,4704,81de46355a2546e929d11e8bb234e7767c52fd6ddc086270ef21ca6eef0b9459
data/reference/results/m2_configuration_v28/2020-04-07/commands_04/scenario_04/Liu2025_execution.npz,82850,1e34817d7950307f0ea29f4ebf83f5704195452d69536e649781a8775117835c
data/reference/results/m2_configuration_v28/2020-04-07/commands_04/scenario_04/Liu2025_price25_commands4_native_terminal_free.json,6912,9b7fb1753235acf25885b0277ac84f3d0a12b2054bfb9bcae237e6a788b84a1a
data/reference/results/m2_configuration_v28/2020-04-07/commands_04/scenario_04/Liu2025_price25_commands4_native_terminal_free.npz,77823,cf8691fb8b3e566013d8004e4986a7eb758334694d6bc77334f2598c7eb4135a
data/reference/results/m2_configuration_v28/2020-04-07/commands_04/scenario_04/M2_native.json,7146,aba96da315ea5fbb2c82b90e3e72b84c09ac78119add7524625f43dcaf14dc68
data/reference/results/m2_configuration_v28/2020-04-07/commands_04/scenario_04/M2_native.npz,77823,cf8691fb8b3e566013d8004e4986a7eb758334694d6bc77334f2598c7eb4135a
data/reference/results/m2_configuration_v28/2020-04-07/commands_04/scenario_04/execution_log.txt,3714,c70a603687214f55003b3234f1f9c56133cb7afd4725427d2b4de7db5c0e67a8
data/reference/results/m2_configuration_v28/2020-04-07/commands_08/scenario_00/Liu2025_price25_commands8_native_terminal_free.json,6892,79db00575ace09d5ca8d6f848dafe52ac0c395663178810d944c3f0f490915df
data/reference/results/m2_configuration_v28/2020-04-07/commands_08/scenario_00/Liu2025_price25_commands8_native_terminal_free.npz,75470,91ff170170634089c03f6d88ea1b66b61aa4b55baecdb5418d4c5af1caecb0b0
data/reference/results/m2_configuration_v28/2020-04-07/commands_08/scenario_00/M2_native.json,7126,f89e5e662eda3ad68bdd54e0d90ee9853a276df9c99b7755f70b886386aa860a
data/reference/results/m2_configuration_v28/2020-04-07/commands_08/scenario_00/M2_native.npz,75470,91ff170170634089c03f6d88ea1b66b61aa4b55baecdb5418d4c5af1caecb0b0
data/reference/results/m2_configuration_v28/2020-04-07/commands_12/scenario_00/M2_native.json,7365,a80812727412ffda02141c23f9185319fecd380b19ab7619b8ddae1e1cdf5209
data/reference/results/m2_configuration_v28/2020-04-07/commands_12/scenario_00/M2_native.npz,75766,d9ea2c3004ff4cf3a7f5cb5623cf80ed6f116d431cc2822b90ddaafc23c048f5
data/reference/results/m2_configuration_v28/2020-04-07/commands_12/scenario_01/M2_native.json,7222,d4819a0d932557a9a565ec3c80a74de5d746b9b20903297809f79d5d9a1c88da
data/reference/results/m2_configuration_v28/2020-04-07/commands_12/scenario_01/M2_native.npz,77416,4c5f132e35f55af46cc9b07c7f5abb04850477c271c5ec3f06226b2b4d9191cb
data/reference/results/m2_configuration_v28/2020-04-07/commands_12/scenario_02/M2_native.json,7226,4d9669f3a1524894d10c6e10456eb8a616e19b733e08fc2ce94ea7dc44425a9c
data/reference/results/m2_configuration_v28/2020-04-07/commands_12/scenario_02/M2_native.npz,77970,5631b857c3b73484aeeefa8b1e090b6e26076c78f012afdbe00d5e985fc31b02
data/reference/results/m2_configuration_v28/2020-04-07/commands_12/scenario_03/M2_native.json,7225,c3ee0e5a342485465c43e1a72d847c1c8d178d5943338ece07ba5cfa70f47533
data/reference/results/m2_configuration_v28/2020-04-07/commands_12/scenario_03/M2_native.npz,78080,25aba5c3a17f012895a74f6fe343eadf7a824853e184650d99d74ae3038daeb3
data/reference/results/m2_configuration_v28/2020-04-07/commands_12/scenario_04/M2_native.json,7229,99732538a3ead10424427a2c9ea332430c566f7137b2b542218859ebdc8ee7b3
data/reference/results/m2_configuration_v28/2020-04-07/commands_12/scenario_04/M2_native.npz,78555,fca400d03c3be0344dbb817a29c10299b3e6d96fa6b3ed21716d29eb29357f2e
data/reference/results/m2_configuration_v28/2020-04-07/configuration_summary.json,3378,38224f0e078c86658299e1c15729ad652076945647e14b98f3f7bc72adbe038d
data/reference/results/m2_configuration_v28/2020-10-17/commands_04/scenario_00/Liu2025.json,4704,813b6eade4cf70d7b38950a5a048e7db10d0a022568bbb9096d18212827e5c50
data/reference/results/m2_configuration_v28/2020-10-17/commands_04/scenario_00/Liu2025.npz,61998,640e129cf0649f9dc68f1d234b094748b8b64176116c699d3bbffea6c8f6f2ac
data/reference/results/m2_configuration_v28/2020-10-17/commands_04/scenario_00/Liu2025_execution.json,4704,813b6eade4cf70d7b38950a5a048e7db10d0a022568bbb9096d18212827e5c50
data/reference/results/m2_configuration_v28/2020-10-17/commands_04/scenario_00/Liu2025_execution.npz,61998,640e129cf0649f9dc68f1d234b094748b8b64176116c699d3bbffea6c8f6f2ac
data/reference/results/m2_configuration_v28/2020-10-17/commands_04/scenario_00/Liu2025_price25_commands4_native_terminal_free.json,6903,da4f423443499ffb2baf7d008d20fb31328ac16c48bbb53a31543b3375c48874
data/reference/results/m2_configuration_v28/2020-10-17/commands_04/scenario_00/Liu2025_price25_commands4_native_terminal_free.npz,73587,f2aa1e049cd1aff7897479b3fdb9694405e2c1cb15ce1595f1130bcfead9dbf5
data/reference/results/m2_configuration_v28/2020-10-17/commands_04/scenario_00/M2_native.json,7137,5421ec92152e866f0482f2cf3e7980c0c53a2331ccbb116dd117372e8a5e4d86
data/reference/results/m2_configuration_v28/2020-10-17/commands_04/scenario_00/M2_native.npz,73587,f2aa1e049cd1aff7897479b3fdb9694405e2c1cb15ce1595f1130bcfead9dbf5
data/reference/results/m2_configuration_v28/2020-10-17/commands_04/scenario_00/execution_log.txt,3714,84b255f6672a1fbf18d8689c9aefd76538885938d6e6a66688b66641ca1e8ee7
data/reference/results/m2_configuration_v28/2020-10-17/commands_04/scenario_01/Liu2025.json,4699,5b7983993db24a764a2d94bff1ade6af2ec3066c2e6b404b8111a2f5c4bd159e
data/reference/results/m2_configuration_v28/2020-10-17/commands_04/scenario_01/Liu2025.npz,64139,5d1097ba639fd4436da354d0410e4aafcb4b664da3f57f304deb68f245bb9255
data/reference/results/m2_configuration_v28/2020-10-17/commands_04/scenario_01/Liu2025_execution.json,4699,5b7983993db24a764a2d94bff1ade6af2ec3066c2e6b404b8111a2f5c4bd159e
data/reference/results/m2_configuration_v28/2020-10-17/commands_04/scenario_01/Liu2025_execution.npz,64139,5d1097ba639fd4436da354d0410e4aafcb4b664da3f57f304deb68f245bb9255
data/reference/results/m2_configuration_v28/2020-10-17/commands_04/scenario_01/Liu2025_price25_commands4_native_terminal_free.json,6904,b8ae1f35cc8b2bf0460c1237a4bf14ad874f190dcd29fbd039a8b1533113d587
data/reference/results/m2_configuration_v28/2020-10-17/commands_04/scenario_01/Liu2025_price25_commands4_native_terminal_free.npz,76166,dccd9921367bc4121bc1d9b72ad36a88920543731621200fe2bc03cc7425a1c8
data/reference/results/m2_configuration_v28/2020-10-17/commands_04/scenario_01/M2_native.json,7138,e6c96a96d7a1fa6851637068d51638365f764db71f3f24c55b782382fce50fe5
data/reference/results/m2_configuration_v28/2020-10-17/commands_04/scenario_01/M2_native.npz,76166,dccd9921367bc4121bc1d9b72ad36a88920543731621200fe2bc03cc7425a1c8
data/reference/results/m2_configuration_v28/2020-10-17/commands_04/scenario_01/execution_log.txt,3709,e66b6a5089defdefdb6c473b4980979f337ce7214d54b0aec77c9e9d81b7ec40
data/reference/results/m2_configuration_v28/2020-10-17/commands_04/scenario_02/Liu2025.json,4696,4bd796a4d7d7e9b02fd381ae34f38cca0e10c75c4b71a7076d43c81c79617470
data/reference/results/m2_configuration_v28/2020-10-17/commands_04/scenario_02/Liu2025.npz,67941,8e37975aa45416d0e4832677905fc42cce4f47e65cd37bf5592507df3d5d6cec
data/reference/results/m2_configuration_v28/2020-10-17/commands_04/scenario_02/Liu2025_execution.json,4696,4bd796a4d7d7e9b02fd381ae34f38cca0e10c75c4b71a7076d43c81c79617470
data/reference/results/m2_configuration_v28/2020-10-17/commands_04/scenario_02/Liu2025_execution.npz,67941,8e37975aa45416d0e4832677905fc42cce4f47e65cd37bf5592507df3d5d6cec
data/reference/results/m2_configuration_v28/2020-10-17/commands_04/scenario_02/Liu2025_price25_commands4_native_terminal_free.json,6907,7d57bd2cf16692d99c7ff3a75cca336bf7115db28fe4c07c4b7aca943ab052f7
data/reference/results/m2_configuration_v28/2020-10-17/commands_04/scenario_02/Liu2025_price25_commands4_native_terminal_free.npz,76979,7b1b53aa2fee2b59d2e0b5025cbdc920758bb6f98671b89734219de925533a32
data/reference/results/m2_configuration_v28/2020-10-17/commands_04/scenario_02/M2_native.json,7141,bf7fc0003ce8fe19d92cdb3f4791660e380b1bc60903ae5bd5120faff12a9c39
data/reference/results/m2_configuration_v28/2020-10-17/commands_04/scenario_02/M2_native.npz,76979,7b1b53aa2fee2b59d2e0b5025cbdc920758bb6f98671b89734219de925533a32
data/reference/results/m2_configuration_v28/2020-10-17/commands_04/scenario_02/execution_log.txt,3706,6a54640eda35b257070367c7209962b2d305cc9fe9ceb4e17339cfe97c18180c
data/reference/results/m2_configuration_v28/2020-10-17/commands_04/scenario_03/Liu2025.json,4704,22b10646498036a752f6da306acaab6c2b99a1af449678f585c390acddbe0b3e
data/reference/results/m2_configuration_v28/2020-10-17/commands_04/scenario_03/Liu2025.npz,60336,9baed53ac75550c460d5fdd6a78c39e10aaab934bf29e0a56e43eec5f78862ad
data/reference/results/m2_configuration_v28/2020-10-17/commands_04/scenario_03/Liu2025_execution.json,4704,22b10646498036a752f6da306acaab6c2b99a1af449678f585c390acddbe0b3e
data/reference/results/m2_configuration_v28/2020-10-17/commands_04/scenario_03/Liu2025_execution.npz,60336,9baed53ac75550c460d5fdd6a78c39e10aaab934bf29e0a56e43eec5f78862ad
data/reference/results/m2_configuration_v28/2020-10-17/commands_04/scenario_03/Liu2025_price25_commands4_native_terminal_free.json,6908,9b78529b679dc10f6b10bc80fe84ab3188ce8abc7f739f8a4c109e6d4f4d4916
data/reference/results/m2_configuration_v28/2020-10-17/commands_04/scenario_03/Liu2025_price25_commands4_native_terminal_free.npz,76179,ec38b70cb6534eda4b7cb9150afdc0b8dbfb8982c13b008857b6246dbcdfb815
data/reference/results/m2_configuration_v28/2020-10-17/commands_04/scenario_03/M2_native.json,7142,f0bb7ac10ecd0d41afef157d7259a6b01f0e2dbedac22ce951d6e93de038b836
data/reference/results/m2_configuration_v28/2020-10-17/commands_04/scenario_03/M2_native.npz,76179,ec38b70cb6534eda4b7cb9150afdc0b8dbfb8982c13b008857b6246dbcdfb815
data/reference/results/m2_configuration_v28/2020-10-17/commands_04/scenario_03/execution_log.txt,3714,8696b1c35dd74323390f2af69f4edce887c232a5094208564cebb90e8f0f4b77
data/reference/results/m2_configuration_v28/2020-10-17/commands_04/scenario_04/Liu2025.json,4705,c688c8011863f6f68d78cb35804637746c8e9a535a6ce4c282a88bcc8dca9f89
data/reference/results/m2_configuration_v28/2020-10-17/commands_04/scenario_04/Liu2025.npz,78573,49925e4d7bed0082adef626e874997c61ee93d574ee0c2113ff95466aa0cee5a
data/reference/results/m2_configuration_v28/2020-10-17/commands_04/scenario_04/Liu2025_execution.json,4705,c688c8011863f6f68d78cb35804637746c8e9a535a6ce4c282a88bcc8dca9f89
data/reference/results/m2_configuration_v28/2020-10-17/commands_04/scenario_04/Liu2025_execution.npz,78573,49925e4d7bed0082adef626e874997c61ee93d574ee0c2113ff95466aa0cee5a
data/reference/results/m2_configuration_v28/2020-10-17/commands_04/scenario_04/Liu2025_price25_commands4_native_terminal_free.json,6906,d3b56114805a844f5d8f24344c22aa75254c8e9a3f1ff967a0822123f1811be2
data/reference/results/m2_configuration_v28/2020-10-17/commands_04/scenario_04/Liu2025_price25_commands4_native_terminal_free.npz,75453,f17988697ae8bb4169c53fdf83522ff28af2e1f7fe472a9b3758074796eecc97
data/reference/results/m2_configuration_v28/2020-10-17/commands_04/scenario_04/M2_native.json,7140,1314068f0705e25c31aa55a7e0212718c94e64a28b20ec97f2902038e4c81cb6
data/reference/results/m2_configuration_v28/2020-10-17/commands_04/scenario_04/M2_native.npz,75453,f17988697ae8bb4169c53fdf83522ff28af2e1f7fe472a9b3758074796eecc97
data/reference/results/m2_configuration_v28/2020-10-17/commands_04/scenario_04/execution_log.txt,3715,12c27522930c3be77334d7d17c8b44b7460e7abab3b66488619dcb336019a0c9
data/reference/results/m2_configuration_v28/2020-10-17/commands_08/scenario_00/Liu2025_price25_commands8_native_terminal_free.json,6909,179bbea9fe1858eb0ca1b95600edeef787bee14f45f4d83e1b0421172540dcfc
data/reference/results/m2_configuration_v28/2020-10-17/commands_08/scenario_00/Liu2025_price25_commands8_native_terminal_free.npz,74150,88d74c141bdc048faa549f897bd8d65ac2168fd28350a4b3c78c5f246f762f9d
data/reference/results/m2_configuration_v28/2020-10-17/commands_08/scenario_00/M2_native.json,7143,8a0b84d8e5b0d52e4b9a4e425dbdb18e15a64f19ef8ebb3bde5bd655e63054f3
data/reference/results/m2_configuration_v28/2020-10-17/commands_08/scenario_00/M2_native.npz,74150,88d74c141bdc048faa549f897bd8d65ac2168fd28350a4b3c78c5f246f762f9d
data/reference/results/m2_configuration_v28/2020-10-17/commands_12/scenario_00/M2_native.json,7402,925e9b7cd87eec3e15c1f2cced3687af2ac7464d3466c2b42a3b128581bf2478
data/reference/results/m2_configuration_v28/2020-10-17/commands_12/scenario_00/M2_native.npz,74566,a2ec70fe417be58884c1c19d0904183aac08a2acd740af250dd2c0c24a690416
data/reference/results/m2_configuration_v28/2020-10-17/commands_12/scenario_01/M2_native.json,7222,3e32697e403c0735e74bd57eabc516f4d73a71d590f68c3af5deffbf815f77fa
data/reference/results/m2_configuration_v28/2020-10-17/commands_12/scenario_01/M2_native.npz,77054,fd6edb526902d5220731b083903a1a21acc663e3598e4b139396eb7ddb83573f
data/reference/results/m2_configuration_v28/2020-10-17/commands_12/scenario_02/M2_native.json,7221,ef3d867785b7fb02ae38bc58c5c6795a52532fac6f95eadf66f801a32d77ba3b
data/reference/results/m2_configuration_v28/2020-10-17/commands_12/scenario_02/M2_native.npz,77600,e3bf96100c3c9fbbeb9a5ebe992a9ed61fac239fafb2ce772d73743ce1a4e6c4
data/reference/results/m2_configuration_v28/2020-10-17/commands_12/scenario_03/M2_native.json,7228,34a25f84441047d7fae30388e3547fbc510463695f6179959ee54c53490e8d1d
data/reference/results/m2_configuration_v28/2020-10-17/commands_12/scenario_03/M2_native.npz,76870,13dc289a6d01f0d0962fbe7ae787f797ed5d043788c83b9f5a489963a6034a3e
data/reference/results/m2_configuration_v28/2020-10-17/commands_12/scenario_04/M2_native.json,7221,4374bc1aee3db1e7ce0019c742b3450584ddd5189282c81fd612ab4e784d7aa5
data/reference/results/m2_configuration_v28/2020-10-17/commands_12/scenario_04/M2_native.npz,76308,34afc69aa31d8fa981d0b64d1f8850b5d97d27b2cdfab60df70e781b43083c08
data/reference/results/m2_configuration_v28/2020-10-17/configuration_summary.json,3345,a57df5d9855976a7559d2a993179704d6aa7e01cb6e3b59e510051c48aeb0e08
data/reference/results/m2_configuration_v28/2020-11-29/commands_04/scenario_00/Liu2025.json,4705,d71d52b5684e82473c27c29c1d09ebc25e4822e653a1f79d6a53acdab9aa9eda
data/reference/results/m2_configuration_v28/2020-11-29/commands_04/scenario_00/Liu2025.npz,83049,30ad12d9796f58d51ec45eae605aa603fba6bdf0058d232b2a779b57f9e34307
data/reference/results/m2_configuration_v28/2020-11-29/commands_04/scenario_00/Liu2025_execution.json,4705,d71d52b5684e82473c27c29c1d09ebc25e4822e653a1f79d6a53acdab9aa9eda
data/reference/results/m2_configuration_v28/2020-11-29/commands_04/scenario_00/Liu2025_execution.npz,83049,30ad12d9796f58d51ec45eae605aa603fba6bdf0058d232b2a779b57f9e34307
data/reference/results/m2_configuration_v28/2020-11-29/commands_04/scenario_00/Liu2025_price25_commands4_native_terminal_free.json,6909,583a136d73a7c5c9a2cead83ebb8ad6751204e5c995823a9629572d5f0e42fc1
data/reference/results/m2_configuration_v28/2020-11-29/commands_04/scenario_00/Liu2025_price25_commands4_native_terminal_free.npz,71294,257f74d65eb2eaffe725e6ec6abb1095733ab8cd2a53604071b41722fec3c369
data/reference/results/m2_configuration_v28/2020-11-29/commands_04/scenario_00/M2_native.json,7143,28fa452d13d9b87324f3aaab9b3257832a6b9657a0e7d488cd99ccda1f2b3c8f
data/reference/results/m2_configuration_v28/2020-11-29/commands_04/scenario_00/M2_native.npz,71294,257f74d65eb2eaffe725e6ec6abb1095733ab8cd2a53604071b41722fec3c369
data/reference/results/m2_configuration_v28/2020-11-29/commands_04/scenario_00/execution_log.txt,3715,907a8a18edfcb7379c2ebdaa652a8640d467baecde226819bb1952818b85a6e3
data/reference/results/m2_configuration_v28/2020-11-29/commands_04/scenario_01/Liu2025.json,4701,2832a1b989dca0014be56db66fa33ba567f279ad104350067b9a992ea0c3e648
data/reference/results/m2_configuration_v28/2020-11-29/commands_04/scenario_01/Liu2025.npz,83021,fbf0dc9450375bf4e0c22746530ecc7b3dc7bdb5a520d3f64142524822166e1c
data/reference/results/m2_configuration_v28/2020-11-29/commands_04/scenario_01/Liu2025_execution.json,4701,2832a1b989dca0014be56db66fa33ba567f279ad104350067b9a992ea0c3e648
data/reference/results/m2_configuration_v28/2020-11-29/commands_04/scenario_01/Liu2025_execution.npz,83021,fbf0dc9450375bf4e0c22746530ecc7b3dc7bdb5a520d3f64142524822166e1c
data/reference/results/m2_configuration_v28/2020-11-29/commands_04/scenario_01/Liu2025_price25_commands4_native_terminal_free.json,6907,1e4194452b0265e44c3af84d891f316c08273497adc4d80cf503af3f90f4ab7b
data/reference/results/m2_configuration_v28/2020-11-29/commands_04/scenario_01/Liu2025_price25_commands4_native_terminal_free.npz,73495,ef09d2addadb5e91c7d7ea3407f9b2c7f13e7c21ea4f7a23ebba5e7e331d2d83
data/reference/results/m2_configuration_v28/2020-11-29/commands_04/scenario_01/M2_native.json,7141,95841889ab7bf348e0857600279d6945801f3f5742050660101d1a8b7037024a
data/reference/results/m2_configuration_v28/2020-11-29/commands_04/scenario_01/M2_native.npz,73495,ef09d2addadb5e91c7d7ea3407f9b2c7f13e7c21ea4f7a23ebba5e7e331d2d83
data/reference/results/m2_configuration_v28/2020-11-29/commands_04/scenario_01/execution_log.txt,3711,475605caad3ed1a7c8ab6f0fb29269e64d176aa9af1af189d9ba5d00c291ab84
data/reference/results/m2_configuration_v28/2020-11-29/commands_04/scenario_02/Liu2025.json,4708,d24c2897d753963f0d812c7471accc344a3214d5b9c6405fafa1bbc820b86c55
data/reference/results/m2_configuration_v28/2020-11-29/commands_04/scenario_02/Liu2025.npz,83093,7d8e07cd2a68660111bafe00eb625454f50b0a2d8bc5fddf56aff901c672e689
data/reference/results/m2_configuration_v28/2020-11-29/commands_04/scenario_02/Liu2025_execution.json,4708,d24c2897d753963f0d812c7471accc344a3214d5b9c6405fafa1bbc820b86c55
data/reference/results/m2_configuration_v28/2020-11-29/commands_04/scenario_02/Liu2025_execution.npz,83093,7d8e07cd2a68660111bafe00eb625454f50b0a2d8bc5fddf56aff901c672e689
data/reference/results/m2_configuration_v28/2020-11-29/commands_04/scenario_02/Liu2025_price25_commands4_native_terminal_free.json,6909,feeaf28a54024f9c74ddf2481f907e0fde3b06d6a91c9c069625a420407e7041
data/reference/results/m2_configuration_v28/2020-11-29/commands_04/scenario_02/Liu2025_price25_commands4_native_terminal_free.npz,72910,2914be2aeea298ea80e340bebc45535a54b0e7337423162ee18ae83df93374c6
data/reference/results/m2_configuration_v28/2020-11-29/commands_04/scenario_02/M2_native.json,7143,df9990f90791b00591c4f8137b41ee5cd1a9027908c75358c4cdc81ebbac46fa
data/reference/results/m2_configuration_v28/2020-11-29/commands_04/scenario_02/M2_native.npz,72910,2914be2aeea298ea80e340bebc45535a54b0e7337423162ee18ae83df93374c6
data/reference/results/m2_configuration_v28/2020-11-29/commands_04/scenario_02/execution_log.txt,3718,b035b3e4fabf7cd18b352e8a1861c28e74f5f39e1a1d14a1ce0a15e4d0276776
data/reference/results/m2_configuration_v28/2020-11-29/commands_04/scenario_03/Liu2025.json,4702,430f74e33d7dbfc4087fce99e93de10aef16581172234f2b6ee85292b83f1bcc
data/reference/results/m2_configuration_v28/2020-11-29/commands_04/scenario_03/Liu2025.npz,83029,d08db899865852e1cf3a39eb87c36fd1283c05dad733e273e2f7849bec486e3f
data/reference/results/m2_configuration_v28/2020-11-29/commands_04/scenario_03/Liu2025_execution.json,4702,430f74e33d7dbfc4087fce99e93de10aef16581172234f2b6ee85292b83f1bcc
data/reference/results/m2_configuration_v28/2020-11-29/commands_04/scenario_03/Liu2025_execution.npz,83029,d08db899865852e1cf3a39eb87c36fd1283c05dad733e273e2f7849bec486e3f
data/reference/results/m2_configuration_v28/2020-11-29/commands_04/scenario_03/Liu2025_price25_commands4_native_terminal_free.json,6910,53e71d3ee5ab582268bfb045f53b843bea31de3ab9089fd68dc86315c9d7bd91
data/reference/results/m2_configuration_v28/2020-11-29/commands_04/scenario_03/Liu2025_price25_commands4_native_terminal_free.npz,72908,70b4b480b6dce8379ca3914577c3325ffbb3a9897b00a89fe4812f4c14f20b90
data/reference/results/m2_configuration_v28/2020-11-29/commands_04/scenario_03/M2_native.json,7144,4ba7445985742180556abb70be1e5bf5ebefcc076bcc8abbf65b53dab6fa061e
data/reference/results/m2_configuration_v28/2020-11-29/commands_04/scenario_03/M2_native.npz,72908,70b4b480b6dce8379ca3914577c3325ffbb3a9897b00a89fe4812f4c14f20b90
data/reference/results/m2_configuration_v28/2020-11-29/commands_04/scenario_03/execution_log.txt,3712,d045fdb7218530bc78c9b2d4fa73c6ab4aef3e3441da9cec7238127bfc2374d0
data/reference/results/m2_configuration_v28/2020-11-29/commands_04/scenario_04/Liu2025.json,4704,ff8718bf7ef1feb8ea58cac76880d640c70292c3de3f9663feacc82d89018de1
data/reference/results/m2_configuration_v28/2020-11-29/commands_04/scenario_04/Liu2025.npz,83133,a81c692f4f8dbe4b86777216c85af83ff5fc6122c38664ce5caf2d0e57638a1f
data/reference/results/m2_configuration_v28/2020-11-29/commands_04/scenario_04/Liu2025_execution.json,4704,ff8718bf7ef1feb8ea58cac76880d640c70292c3de3f9663feacc82d89018de1
data/reference/results/m2_configuration_v28/2020-11-29/commands_04/scenario_04/Liu2025_execution.npz,83133,a81c692f4f8dbe4b86777216c85af83ff5fc6122c38664ce5caf2d0e57638a1f
data/reference/results/m2_configuration_v28/2020-11-29/commands_04/scenario_04/Liu2025_price25_commands4_native_terminal_free.json,6907,c9ca846c579ff6795a975a64e63a17e0042bc1b86f209ec3d9ee547ceae9dd96
data/reference/results/m2_configuration_v28/2020-11-29/commands_04/scenario_04/Liu2025_price25_commands4_native_terminal_free.npz,73011,cd660c60008c581ffa3b7a312c5bdd796edd55d15d8fa0c27a4b56e2db3149de
data/reference/results/m2_configuration_v28/2020-11-29/commands_04/scenario_04/M2_native.json,7141,0612c7dd15388162df3dcde0658edc0b79d71226d17bb3c4c0fef1b74f5318b7
data/reference/results/m2_configuration_v28/2020-11-29/commands_04/scenario_04/M2_native.npz,73011,cd660c60008c581ffa3b7a312c5bdd796edd55d15d8fa0c27a4b56e2db3149de
data/reference/results/m2_configuration_v28/2020-11-29/commands_04/scenario_04/execution_log.txt,3714,15c81604a246bd90621ccc0dc29ac52223915ffa3288c936757d857cd8e6997b
data/reference/results/m2_configuration_v28/2020-11-29/commands_08/scenario_00/Liu2025_price25_commands8_native_terminal_free.json,6908,69f5324324c0e17595ddbf3a15c5ff02f5079f319383df0b1bd318fd1d9acb5d
data/reference/results/m2_configuration_v28/2020-11-29/commands_08/scenario_00/Liu2025_price25_commands8_native_terminal_free.npz,71839,70c864e7483902b02b0a773866633c7d574a80b8b369c668752e01133ac4e698
data/reference/results/m2_configuration_v28/2020-11-29/commands_08/scenario_00/M2_native.json,7142,4f1d649cbd042d9cc83fa784a3ef5ad1c89db312d601aa33f48754159a4ffd62
data/reference/results/m2_configuration_v28/2020-11-29/commands_08/scenario_00/M2_native.npz,71839,70c864e7483902b02b0a773866633c7d574a80b8b369c668752e01133ac4e698
data/reference/results/m2_configuration_v28/2020-11-29/commands_12/scenario_00/M2_native.json,7381,b23f7c43741116afb58ff233f41b08e04b718ab726898ed9c90d5e113d05a89a
data/reference/results/m2_configuration_v28/2020-11-29/commands_12/scenario_00/M2_native.npz,72499,953b01dea1762cd350911818ecb1086ab5b07f12d5ed8d56e9c66bdafc23f11b
data/reference/results/m2_configuration_v28/2020-11-29/commands_12/scenario_01/M2_native.json,7221,2ebb38a6d7f661049d355f2cfc8469b5103b4c6383e2b07bc934ad9d41e6ebbc
data/reference/results/m2_configuration_v28/2020-11-29/commands_12/scenario_01/M2_native.npz,73896,1453cbd4ec4d2b3de5166137c3537a20e735eb04a6b2893de9e3147a83bc3d47
data/reference/results/m2_configuration_v28/2020-11-29/commands_12/scenario_02/M2_native.json,7225,d6cd6c02d6c61a1de2f151feb59e991697c9e227548a925a9f3c4946ef0063e4
data/reference/results/m2_configuration_v28/2020-11-29/commands_12/scenario_02/M2_native.npz,74232,aebadd39e410b3d38cbd4bd294a4f17098d438429d9e439946456408dd9bfe13
data/reference/results/m2_configuration_v28/2020-11-29/commands_12/scenario_03/M2_native.json,7226,655c7e251aea39f3441502ee86e952c842c550fa7fabb37ac0c936f1782ede73
data/reference/results/m2_configuration_v28/2020-11-29/commands_12/scenario_03/M2_native.npz,74010,634162d1dafeb608c224337d48077188c84a44a6f0cc7cceb971b535d3e7a103
data/reference/results/m2_configuration_v28/2020-11-29/commands_12/scenario_04/M2_native.json,7222,74ac9191f38f50626ad8f4989bb2e6a2003e730fc24d7ebb0f8c58b21da2ba9d
data/reference/results/m2_configuration_v28/2020-11-29/commands_12/scenario_04/M2_native.npz,74051,95c982ed085238791d541cf5c3639013b808486cbf2a38ac4cd4092cde17efb0
data/reference/results/m2_configuration_v28/2020-11-29/configuration_summary.json,3338,ac022a799af58a6fe279eaf71806e0c3b3be20622edc79e3c61b5338c27c19ff
data/reference/results/network/case118_baseline.json,1233,2ad873fe1f409e0f976e977c1cd1568dbb40d774e6450516d79a2b4e507e1f1d
data/reference/results/network/case118_baseline.npz,132025,6ccdac7cbf6cced6dc06c6d410ff7d42e1454c0e1a354d6dffc37ecf8ba1fb58
data/reference/results/network/case39_baseline.json,1079,cd97ccb727d7cb9eaf0e518aa654f72e84332b2358344ed3c19b22360f49cfd0
data/reference/results/network/case39_baseline.npz,40391,16a58996e8f91528ea3ae432093acb00fc1dff759a44e1893a03410236585fb1
data/reference/results/network/certificate_validation.json,19242,20429ce738ec719bb05295aaa34944ca80a974ca40d9feaddd9c7074df8878a2
data/reference/results/network/shared_carbon_domains.json,1072,aa5871ccc5725be9fd64f95f7be104a608a489a2925bb8cfbbfc50b860db1660
data/reference/results/pareto_v28/2020-04-07/column_prices.json,321,f859da0c385999c2d25559a1b3bbee52efcbda9a60b4dda7b93bcf13d6937159
data/reference/results/pareto_v28/2020-04-07/column_prices.npz,679,bba7dd59560e2e27842ecf2737b523525e36be1eeb1a015c6a0c2ef228603ec5
data/reference/results/pareto_v28/2020-04-07/physical_columns_summary.json,861,cc63e3dba138a163a22cccc14c7135048a9922688f262bcd50b33987146a95ca
data/reference/results/pareto_v28/2020-04-07/scenario_00/uniform_improvement.json,2043,14ea52f43fb0f7b92ce97d9407c5cba4a7ed8f46d5eda7719072acfa306fb056
data/reference/results/pareto_v28/2020-04-07/scenario_00/uniform_improvement.npz,73258,876fe41a2f11cd1a2fdf54280bc429f852fd95bc956ac67e1df4e5ed612690aa
data/reference/results/pareto_v28/2020-10-17/column_prices.json,335,2200c6bd50a1b52200e20f7460820298316556c9b78247a030ca30f5c9d828e0
data/reference/results/pareto_v28/2020-10-17/column_prices.npz,765,f5bac8629517352260851fef20d77c4c45c184fa35cd81113b7d64741e48326c
data/reference/results/pareto_v28/2020-10-17/physical_columns_summary.json,861,a6bc85f23b0c43bc53b4aaeac851daada0ba531d23207691197d58e8414fd4b8
data/reference/results/pareto_v28/2020-10-17/scenario_00/uniform_improvement.json,831,ff80dc552453ea54a52b4ccfe58688c529e6554c06759085548498a730a8cb1e
data/reference/results/pareto_v28/2020-10-17/scenario_00/uniform_improvement.npz,229,1dc708d919df298706458a5bb7e1a4412e25ce2c0bea73f3dcb6025cfb91eed1
data/reference/results/pareto_v28/frozen_columns.json,2436,d4d2a1ddda816ab9a031fbeb43f35a8d43305f17a1ac3fec04a29c62f8fb93b4
data/reference/results/power_retracted_waveform_v15/mean198.npz,175866,cf86dc48aa1ad6df572fca4be74b2fbeba3350180f7d60f20528f9ffd6f06fff
data/reference/results/power_retracted_waveform_v15/mean198_stable_configs.json,164190,e65d2ed01f2c9992f6cffdf259275f065c5ef99957e210397c6a413168884b8a
data/reference/results/power_retracted_waveform_v15/mean200.npz,118672,2ae05cabb62cb0435b613fc13c8aababe6d3f90263c15c3a6baef208eadb5756
data/reference/results/power_retracted_waveform_v15/mean200_stable_configs.json,80963,2a376a888470c971cf18e1a5d6d835f8af6a106abdf5d91991699e94975e1071
data/reference/results/power_retracted_waveform_v15/mean205.npz,171704,048ae8ac35e607687c20684780b54ef87858415a992ac83d0a200e34849b5066
data/reference/results/power_retracted_waveform_v15/mean205_stable_configs.json,1450,496c74d9776ae57af59a7ca99fa6bd5f5a1ac7d18efb89ff7d51ab7a76bd7969
data/reference/results/power_retracted_waveform_v15/mean210.npz,166313,23d73e43e5f59d23280a3ed8872ea14df035029badf24990502ce6cb17e5a0a1
data/reference/results/power_retracted_waveform_v15/mean210_stable_configs.json,2,4f53cda18c2baa0c0354bb5f9a3ecbe5ed12ab4d8e11ba873c2f11161202b945
data/reference/results/power_retracted_waveform_v15/mean215.npz,107377,ee41da2b5ed3c1beaa52651092de31400421ca67aaa92e7a23ba8da51b9fcc9b
data/reference/results/power_retracted_waveform_v15/mean215_stable_configs.json,2,4f53cda18c2baa0c0354bb5f9a3ecbe5ed12ab4d8e11ba873c2f11161202b945
data/reference/results/power_retracted_waveform_v15/mean220.npz,102496,467f89f91aab8ded15de58544ed485079af6cbd79a07f8eea2c8717eeb302fc2
data/reference/results/power_retracted_waveform_v15/mean220_stable_configs.json,2,4f53cda18c2baa0c0354bb5f9a3ecbe5ed12ab4d8e11ba873c2f11161202b945
data/reference/results/power_retracted_waveform_v15/summary.json,5093,a51d99a51401d9ee4fbda925e53b0d16ab62632e36e7f41eecb639cabd17bc77
data/reference/results/process/amplitude_frequency_search.npz,168746,ba51b83208d338946d8b7a4ef172e0ec735fd34c46382cf87253c0f98e447651
data/reference/results/process/harmonic_identity.json,2257,1ddce2d6724fb7c70adcfb288d7a92577d4f684b42ea5759883312ffd1275611
data/reference/results/process/harmonic_identity.npz,164982,126afd4545376e3207db4f695d331d3e78e85e8670a05ad37347f0293e0e6eaf
data/reference/results/process/harmonic_identity_initial_unstable.json,1532,0349cc870f690b88383f0c41fedec7726d2eb38b70edf416b5df82f18ce10ada
data/reference/results/process/power_retraction.npz,197081,63a0f2e8f8cf986786424e299985dbd0d762b71b404647a65b044253f406a975
data/reference/results/process/power_retraction_fair_comparison.npz,268588,ce5d3a27772c6903e14d6441b3856457b17673b303300a6ba8ef819fa352ea4c
data/reference/results/process/scan_summary.json,1312,63206e3fa107f308f56d329755b0708d1516db6f68e1050b0342047ce8cf0d31
data/reference/results/process/stability_1.001.npz,77200,37a2f04b749655beacbb5962c51df4f47dc85f5653658f2b7671ce16fd35fc1b
data/reference/results/process/stability_1.005.npz,79138,86aa4cbee8bd70ce273c6b70f31d525c2604ea6d1f58d9c89108000c0e98da7f
data/reference/results/process/stability_1.010.npz,80160,5a471896a084c7493a331dedc6dbc40b7c3bcd362a4ce5ec24093c344d969fab
data/reference/results/process/stability_1.020.npz,81241,1a9525bc5916b141d3ab23690e78814729c6583358064ac76f5dde5d747ee36f
data/reference/results/process/stability_1.040.npz,81760,a688416c1a73c29ac4cb240964cbbed53b240aef1aba7979bf394d9ad2f0ccb9
data/reference/results/process/validation.json,23071,89ec15ecb82445b3fbcaf69532528c50a24feadeaa2d2d14a6cb70c5885978dc
data/reference/results/public_data/chronology.npz,2694855,71d31bef8bebe47e2e20026c1fe00aa859bb00bddc2932a35caffc8a593fd9b6
data/reference/results/public_data/daily_statistics.csv,53980,3e7bf17b27e66773402931d24ccf0bd4092123ac0620bd866ccf4cc4a5262cfb
data/reference/results/public_data/data_audit.json,5294,7ac03999f94d28ac2f8276fe586335400faadbbc239218c10f7bf13e4b7042a6
data/reference/results/reference_prices/2020-04-07.json,264,10b977664c2a8e90aaf430eebc56100de6f323daeba7bf915f055baadae5a290
data/reference/results/reference_prices/2020-04-07.npz,1880,a929cfc678be240a3c87fb575b7303a180ac73dc1c1b602ce6684b12b8938c8e
data/reference/results/reference_prices/2020-10-17.json,264,7f8fbe501b25a55dc52f0832b1803b5bd42f60a8109a608711be3ed570b8bb28
data/reference/results/reference_prices/2020-10-17.npz,1894,0e2be90b77da5f608e08daffe2cce7e0039224fa0f8587a9aca3890d576b15b6
data/reference/results/reference_prices/2020-11-29.json,222,94ce4c8ffe1b38e0a2c200704a382dcbc60cb69cdbcf981ff0842efe0ccc1178
data/reference/results/reference_prices/2020-11-29.npz,9395,c9e28329ccb64fe694ee9aede58e86d894eeab8188e18939dc463e93b1c6b6d5
data/reference/results/robust_v28/2020-04-07/M1_constant_independent_audit.json,2109,ba622861500dd3996adfd8e02029531c0a7424f7dfaafab5284bdd0216301e33
data/reference/results/robust_v28/2020-04-07/M2_common_quota_evaluation.json,125,a395041780a673f3e5445cdb2a802f87fa21f26a582a5cda43198ae93dadfcda
data/reference/results/robust_v28/2020-04-07/M2_common_quota_evaluation.npz,494,6924388759360a885dc09af87dfe6c2790e8e4e9af43adbd30c83fd16c411e0c
data/reference/results/robust_v28/2020-04-07/M2_configuration_audit.json,1087,0edc57cac9518c8062652cb681852d3bcbef8785ef4a144fd379534438710620
data/reference/results/robust_v28/2020-04-07/M4_proposed_independent_audit.json,2372,958c62a40886e716a3cf70dc9d24061f0c5310211399a6083e4cd9e5812c85a1
data/reference/results/robust_v28/2020-04-07/NCCG.json,9156,c2d80d0298ecc74096bb03c47c072b721f9414a28e2ebb41178525c8c734b577
data/reference/results/robust_v28/2020-04-07/NCCG.npz,470,cd58a3725df0e7887d71cd613729546fc496917db749c2df0e56b52591ef7dfb
data/reference/results/robust_v28/2020-04-07/NCCG_before_finite_initialization.json,8031,f243ec67d0ad3f6381d91390fbb33bf3ba38a498285e89eb420ace7591c7501c
data/reference/results/robust_v28/2020-04-07/NCCG_before_finite_initialization.npz,470,cd58a3725df0e7887d71cd613729546fc496917db749c2df0e56b52591ef7dfb
data/reference/results/robust_v28/2020-04-07/NCCG_before_tiebreak.json,9270,92b3867ff600bdeb137851f8d74c7d3533ef58582636042f341d7836bdfcb52a
data/reference/results/robust_v28/2020-04-07/NCCG_before_tiebreak.npz,471,eb67f3729e38a5d74f10af39c5aa97e60f316187d9b0bfa07394b4c9b7af4cc5
data/reference/results/robust_v28/2020-04-07/baselines/scenario_00/COPF_cost.json,1601,053ade01cfae211454967446fe77619487465a4ea7e1e33aad1ab0e0c48e3d83
data/reference/results/robust_v28/2020-04-07/baselines/scenario_00/COPF_cost.npz,87103,58c68dbdac7af29c7a9a23b02381ee4b99b88c3b4db7beb4f981787291a7ecdf
data/reference/results/robust_v28/2020-04-07/baselines/scenario_00/COPF_feasibility_initialization.json,23540,756cbe3b6b5c2d6134914c6fe69ef63b9c24d3ae4ed22127584ff53ca08c211d
data/reference/results/robust_v28/2020-04-07/baselines/scenario_00/COPF_feasibility_initialization.npz,71868,e310a8206f2b96e85d13410308623f3693a03befc8d702e1b5c1a596407fcd63
data/reference/results/robust_v28/2020-04-07/baselines/scenario_00/COPF_initialized.json,1591,1e902efa4c010058a5de800d82980e4a80778e81b1b5daa977908b127263a61d
data/reference/results/robust_v28/2020-04-07/baselines/scenario_00/COPF_initialized.npz,84874,2363fc868881b924d03bb18f9c1bc0feea50326877fdd9bcc11af01b04665cc5
data/reference/results/robust_v28/2020-04-07/baselines/scenario_00/COPF_price25.json,1604,d7283901201c76a818a6790ef5c04c205aa813211745f1fb570ca5727e5f913d
data/reference/results/robust_v28/2020-04-07/baselines/scenario_00/COPF_price25.npz,87750,881c81b51d4ebf570164cd32719bc8b0a56fcaab3fa5cf2201f544de57cfbe86
data/reference/results/robust_v28/2020-04-07/baselines/scenario_00/Liu2025.json,4686,02a848c7f2b32a2df6495099e53a57b3478f5fa990250a8dc2cd9ef8eb45fae9
data/reference/results/robust_v28/2020-04-07/baselines/scenario_00/Liu2025.npz,83337,24ebcbe4fd0947879209c7a6629c25505bb4884865e21ee14bec018072a42a30
data/reference/results/robust_v28/2020-04-07/baselines/scenario_00/Liu2025_execution.json,4699,8671eea067a26280b5efa35c9a3a6ab2add25ddde285606b0f66c70c72e270c3
data/reference/results/robust_v28/2020-04-07/baselines/scenario_00/Liu2025_execution.npz,82811,55ef6812b3dd5c7533cedf13e6729eb378cb4a7dff20b644dd319c48e1421428
data/reference/results/robust_v28/2020-04-07/baselines/scenario_00/Liu2025_price25_commands12_native_terminal_free.json,6894,1f782018f9a2753aa5cdd3438c722b0ad18e26de0f8023b9ffe85a8af9eef3f0
data/reference/results/robust_v28/2020-04-07/baselines/scenario_00/Liu2025_price25_commands12_native_terminal_free.npz,75766,d9ea2c3004ff4cf3a7f5cb5623cf80ed6f116d431cc2822b90ddaafc23c048f5
data/reference/results/robust_v28/2020-04-07/baselines/scenario_00/M2_native.json,7126,20c17a5e37b013823757d90557554ca2e7fcb845115ac781055b1b681ea98d6c
data/reference/results/robust_v28/2020-04-07/baselines/scenario_00/M2_native.npz,75325,ebe4907d3a7fb7f4a6d50d3ed0a1ee392284cb355f949cad2cca4c50f46a9aef
data/reference/results/robust_v28/2020-04-07/baselines/scenario_00/M2_reference_commands12.json,7130,018479e83761900126b92b75e07dbc73958f900875ce846f9e12f64105dc161e
data/reference/results/robust_v28/2020-04-07/baselines/scenario_00/M2_reference_commands12.npz,75766,d9ea2c3004ff4cf3a7f5cb5623cf80ed6f116d431cc2822b90ddaafc23c048f5
data/reference/results/robust_v28/2020-04-07/baselines/scenario_00/M3_before_initialization.json,1852,a006314e7b330b7027ec0c36bf4707916422d760933449632993a73712f76ea2
data/reference/results/robust_v28/2020-04-07/baselines/scenario_00/M3_before_initialization.npz,87750,881c81b51d4ebf570164cd32719bc8b0a56fcaab3fa5cf2201f544de57cfbe86
data/reference/results/robust_v28/2020-04-07/baselines/scenario_00/M3_native.json,2039,e57d428a6ef5c62d127627454d9c94515620b13c7c9c4f7215bb4e74c6b7fa42
data/reference/results/robust_v28/2020-04-07/baselines/scenario_00/M3_native.npz,84874,2363fc868881b924d03bb18f9c1bc0feea50326877fdd9bcc11af01b04665cc5
data/reference/results/robust_v28/2020-04-07/baselines/scenario_00/fixed_cost.json,1275,f00ebfd14006022288e03796fc1d30876fa527020a8421d071a28e4217fdb3af
data/reference/results/robust_v28/2020-04-07/baselines/scenario_00/fixed_cost.npz,68358,c3f3c841e2f4ba33891ba66f04a05f9869818d29b9368223ba6be9040f8cdcd5
data/reference/results/robust_v28/2020-04-07/baselines/scenario_00/fixed_price25.json,1275,efa7c0fc3347a5b1259d83cfbc2bb5113ba1ced0d665e4dd9584389ea81767b2
data/reference/results/robust_v28/2020-04-07/baselines/scenario_00/fixed_price25.npz,69024,4f78991ec6b3b526353e29858615d098a2211f82b9d87cd7c2aa29d7384988ec
data/reference/results/robust_v28/2020-04-07/baselines/scenario_01/COPF_cost.json,1605,debb609dc9db93624e05dac6487fb668a1da14741ea46a53375e1151958e3566
data/reference/results/robust_v28/2020-04-07/baselines/scenario_01/COPF_cost.npz,86061,3ed517fbf84603e949d8ff8448c1bb162e2904eb26f1c645fb880ff543b8b708
data/reference/results/robust_v28/2020-04-07/baselines/scenario_01/COPF_price25.json,1605,a7fef8b9be7bfe619b528390b6dfc5e7831f912670ff4ce2fd3097b76dd30a9a
data/reference/results/robust_v28/2020-04-07/baselines/scenario_01/COPF_price25.npz,86101,2c6546b35cfbaf9ae58b7e177228acaae7fc1ebfbcceeb6dd5daa2f74bb39a39
data/reference/results/robust_v28/2020-04-07/baselines/scenario_01/Liu2025.json,4684,91cfd32290914291391c5d2a614afbf9ee2643c46c372c0aff88cf0a6951bd87
data/reference/results/robust_v28/2020-04-07/baselines/scenario_01/Liu2025.npz,83593,8413d52bf29dc15277fe5b30484beb30f188cfe005245fc7abe7dea67e9b09b9
data/reference/results/robust_v28/2020-04-07/baselines/scenario_01/Liu2025_execution.json,4703,c18b360c22a35672eaa73e1ced6263ed55cb76aaf90d4bb0ef279dba51b24475
data/reference/results/robust_v28/2020-04-07/baselines/scenario_01/Liu2025_execution.npz,82919,ea2f3b0323c9cd67993769d57b50539b9b52e81c2f7edec07fb5b52b7e07a8ec
data/reference/results/robust_v28/2020-04-07/baselines/scenario_01/Liu2025_price25_commands12_native_terminal_free.json,6908,39f21df7fa277d465dffec8315b0d6964699dc1428dff5454963b23a7b55af7f
data/reference/results/robust_v28/2020-04-07/baselines/scenario_01/Liu2025_price25_commands12_native_terminal_free.npz,77416,4c5f132e35f55af46cc9b07c7f5abb04850477c271c5ec3f06226b2b4d9191cb
data/reference/results/robust_v28/2020-04-07/baselines/scenario_01/M2_native.json,7129,188004021633739517a929dfa3a703a46f0300be26e9c1744fb013d770587c67
data/reference/results/robust_v28/2020-04-07/baselines/scenario_01/M2_native.npz,76787,8d7f249219fae7afa161461d2be3e03d8105a486755dd597f023a794dd37b0f1
data/reference/results/robust_v28/2020-04-07/baselines/scenario_01/M2_reference_commands12.json,7144,9c773e68b2f65eb1e348936a994c5f841b0ef91e6f00212dcf692686a17d8052
data/reference/results/robust_v28/2020-04-07/baselines/scenario_01/M2_reference_commands12.npz,77416,4c5f132e35f55af46cc9b07c7f5abb04850477c271c5ec3f06226b2b4d9191cb
data/reference/results/robust_v28/2020-04-07/baselines/scenario_01/M3_native.json,1853,bda64e8138dea02e016dab39b3527451cafc2c8f14077394dae14d97d5e25ce1
data/reference/results/robust_v28/2020-04-07/baselines/scenario_01/M3_native.npz,86101,2c6546b35cfbaf9ae58b7e177228acaae7fc1ebfbcceeb6dd5daa2f74bb39a39
data/reference/results/robust_v28/2020-04-07/baselines/scenario_01/execution_log.txt,3709,6b9c404717ece0666c04d34b455b256b1cc39a6e72a0ccb4445f1361b875104f
data/reference/results/robust_v28/2020-04-07/baselines/scenario_01/fixed_cost.json,1287,d2112ac5f4af5eb0dfa2fdab9b271d9a14f4c850f9c4b041c8b64ef8b1ad14e5
data/reference/results/robust_v28/2020-04-07/baselines/scenario_01/fixed_cost.npz,69944,0b583053e8de164e4dbd22978ef64b0ba57d7d407e17d6784bb6fc9a1d8979d6
data/reference/results/robust_v28/2020-04-07/baselines/scenario_01/fixed_price25.json,1308,b5f0cb100a76df33e418d5536e79adc40c0c188ab46e92c2df313847c79ef626
data/reference/results/robust_v28/2020-04-07/baselines/scenario_01/fixed_price25.npz,70731,f70163983f70555755a6887b30b8c86f575a714310e3543048148dca6d68f3e3
data/reference/results/robust_v28/2020-04-07/baselines/scenario_02/COPF_cost.json,1589,5cecb3735bd88818f4ef11e7758a821d1939afa2f5ad78d90e75fb0874116abe
data/reference/results/robust_v28/2020-04-07/baselines/scenario_02/COPF_cost.npz,86576,0d7acc38a7df90463b7d6a2373ad8b75182264b48d0dd99f9370b2db0743970f
data/reference/results/robust_v28/2020-04-07/baselines/scenario_02/COPF_price25.json,1597,499a1de0e886f59ed2bb6896e4e5b1b59c1df393722ae8728f63548a867b78b0
data/reference/results/robust_v28/2020-04-07/baselines/scenario_02/COPF_price25.npz,86724,a3873c9d3dcffc37ed5c506fd8242d5fd6b02a85f8dfe76f3f57cd7a45392bcc
data/reference/results/robust_v28/2020-04-07/baselines/scenario_02/Liu2025.json,4685,fae771843de668e3987e44ef4633eed6fe2f83980d81a682fc160b728ca2f05f
data/reference/results/robust_v28/2020-04-07/baselines/scenario_02/Liu2025.npz,83404,d87d0ca9989fc8355980f7a3e49389c6fd3ffc9492eadbf06d987706d5f7fad9
data/reference/results/robust_v28/2020-04-07/baselines/scenario_02/Liu2025_execution.json,4699,ac07b6fe7ea9cce7451a43cfd4a970bc481cfb88174ec705c633ec977284173a
data/reference/results/robust_v28/2020-04-07/baselines/scenario_02/Liu2025_execution.npz,82997,54b8ab432dc00a808dcfe3ac432da633a058b63b5d27b05bbe089f8b0d404e0c
data/reference/results/robust_v28/2020-04-07/baselines/scenario_02/Liu2025_price25_commands12_native_terminal_free.json,6912,2d950e406bb620d980284e9d7350e38f9aa97577ba0c4d02483f1d26ae03e74b
data/reference/results/robust_v28/2020-04-07/baselines/scenario_02/Liu2025_price25_commands12_native_terminal_free.npz,77970,5631b857c3b73484aeeefa8b1e090b6e26076c78f012afdbe00d5e985fc31b02
data/reference/results/robust_v28/2020-04-07/baselines/scenario_02/M2_native.json,7145,0504bfce88096b966b70026a87628419196ac28dfa2b1c5079152bacfbd59c57
data/reference/results/robust_v28/2020-04-07/baselines/scenario_02/M2_native.npz,77263,14d9162f4ed796aadf0f051c4f99fe37b00a4de8920f5ad2f0a87fa417c07876
data/reference/results/robust_v28/2020-04-07/baselines/scenario_02/M2_reference_commands12.json,7148,0f84e6c84121ec77d9ce90bfe571e79629104ee4e3018d20be0d5ac4727b1e72
data/reference/results/robust_v28/2020-04-07/baselines/scenario_02/M2_reference_commands12.npz,77970,5631b857c3b73484aeeefa8b1e090b6e26076c78f012afdbe00d5e985fc31b02
data/reference/results/robust_v28/2020-04-07/baselines/scenario_02/M3_native.json,1836,0d5874a77d20e2a0c73c9a7fba57f5b4ed344a91e6336e66691a5bc43e8c5bd9
data/reference/results/robust_v28/2020-04-07/baselines/scenario_02/M3_native.npz,86576,0d7acc38a7df90463b7d6a2373ad8b75182264b48d0dd99f9370b2db0743970f
data/reference/results/robust_v28/2020-04-07/baselines/scenario_02/execution_log.txt,3710,1f14b2d16e101c4cef54cd9709ce3394c05ccf7eaa6d1e3b1a3c79725406337e
data/reference/results/robust_v28/2020-04-07/baselines/scenario_02/fixed_cost.json,1273,a097637a759aa53843e8e436067624c3940522470d0e14a51db0aca653909b64
data/reference/results/robust_v28/2020-04-07/baselines/scenario_02/fixed_cost.npz,70525,e17b35809ba145acd99b2cf509f6092d6fc3424ae4a376e65de5a2fa7c54b9f6
data/reference/results/robust_v28/2020-04-07/baselines/scenario_02/fixed_price25.json,1294,526cf43fccb6d8c21acffa12b946bf9699ea486f077bbbe6207aca650c094033
data/reference/results/robust_v28/2020-04-07/baselines/scenario_02/fixed_price25.npz,71340,7f1a96daf95c48a2cf37b571ddb9ced600bd49c525c3d0f4f2c65d4823c9b3be
data/reference/results/robust_v28/2020-04-07/baselines/scenario_03/COPF_cost.json,1607,6db198ae06a57cbec76adfcfe074ac323aa06f55fb064f11b14a8f734be834af
data/reference/results/robust_v28/2020-04-07/baselines/scenario_03/COPF_cost.npz,86689,36077438e096cdaa03545371f425244104c6bc85008b5ea7feb1392310a503c4
data/reference/results/robust_v28/2020-04-07/baselines/scenario_03/COPF_price25.json,1608,563ae32d3ec2c0a467b365298f037e60c2bf7382d72c7e2daf59159d5b83be47
data/reference/results/robust_v28/2020-04-07/baselines/scenario_03/COPF_price25.npz,87128,bde8db2636307f783cb71208d3eb017c39b50135263e88f340eae29b2e36ba56
data/reference/results/robust_v28/2020-04-07/baselines/scenario_03/Liu2025.json,4684,87f4f8a79c948a47f7066da2e80920d1ee2d81baab105d51c058896c32149ae6
data/reference/results/robust_v28/2020-04-07/baselines/scenario_03/Liu2025.npz,83360,392fb4a237708c82feafa6cd5b81c59b875dda223000f4b05da7cf89dd49ff87
data/reference/results/robust_v28/2020-04-07/baselines/scenario_03/Liu2025_execution.json,4705,d305fb51b833381bc65eafc17efe8c603447b366c2ab4afb158f53d5fb288be2
data/reference/results/robust_v28/2020-04-07/baselines/scenario_03/Liu2025_execution.npz,82773,a0139a23c8873e87bfb024d506a58535a9ca2a91c836de1ea175873103615028
data/reference/results/robust_v28/2020-04-07/baselines/scenario_03/Liu2025_price25_commands12_native_terminal_free.json,6911,a70c1c70f5060bcfceb36dd6a653855afee6c264b814f8ef4eb6228332d7dd70
data/reference/results/robust_v28/2020-04-07/baselines/scenario_03/Liu2025_price25_commands12_native_terminal_free.npz,78080,25aba5c3a17f012895a74f6fe343eadf7a824853e184650d99d74ae3038daeb3
data/reference/results/robust_v28/2020-04-07/baselines/scenario_03/M2_native.json,7144,c528b354d370e21961a57500af808121aafb600120f36c9cae61572bea74c4ed
data/reference/results/robust_v28/2020-04-07/baselines/scenario_03/M2_native.npz,77403,747459aff9a8d8e7c04d1dad8336ea4e2cb64a6001a5078b50c4f1eef67c305e
data/reference/results/robust_v28/2020-04-07/baselines/scenario_03/M2_reference_commands12.json,7147,30a5b91c23d5159dfdf5218dcc1cb6e7a15cadf4ae79a2158103dd41b59ff432
data/reference/results/robust_v28/2020-04-07/baselines/scenario_03/M2_reference_commands12.npz,78080,25aba5c3a17f012895a74f6fe343eadf7a824853e184650d99d74ae3038daeb3
data/reference/results/robust_v28/2020-04-07/baselines/scenario_03/M3_native.json,1855,aa09c9a1cfc91fb143e4c8dca885c9d274aa5a2e41472cde5e62d001983f8c3b
data/reference/results/robust_v28/2020-04-07/baselines/scenario_03/M3_native.npz,86689,36077438e096cdaa03545371f425244104c6bc85008b5ea7feb1392310a503c4
data/reference/results/robust_v28/2020-04-07/baselines/scenario_03/execution_log.txt,3709,c7edfc63d1c05b30043978d0a55167e071522719d1332c216bd391af2e1a0872
data/reference/results/robust_v28/2020-04-07/baselines/scenario_03/fixed_cost.json,1274,30720922a92fa1cc979dd5d5ac875f37e1ec9f7603755fb11d5543d35ea7548a
data/reference/results/robust_v28/2020-04-07/baselines/scenario_03/fixed_cost.npz,70888,d2650b9a40e64aeaa25947739ae4f651f543c1af065d995db7f03f45e6eb239a
data/reference/results/robust_v28/2020-04-07/baselines/scenario_03/fixed_price25.json,1294,48a6654bf2689f4fa4a270a81eb9fd4cf4254efe95eac3aa4dc38182af8e587d
data/reference/results/robust_v28/2020-04-07/baselines/scenario_03/fixed_price25.npz,71532,ff6f3d634dc08d2a2f7e76f93707332d1ffc7fd61332cb5e167df6921fd7d941
data/reference/results/robust_v28/2020-04-07/baselines/scenario_04/COPF_cost.json,1592,96f5e43b5a863afe9187495664508a8a4a64f443ff61c5078b303f6cef9a5e78
data/reference/results/robust_v28/2020-04-07/baselines/scenario_04/COPF_cost.npz,84333,7f1eb3c1870e813d55c8fa644c1721feac19eb967de6e7b629ed9fc0e9b8d144
data/reference/results/robust_v28/2020-04-07/baselines/scenario_04/COPF_price25.json,1597,d56e4cfe2dcaeae8e064d11f1eb66aa3fd3ecfe9a8ac78167fff868f696e2a3d
data/reference/results/robust_v28/2020-04-07/baselines/scenario_04/COPF_price25.npz,87034,44ec8ec71a2c7e6a5ea9ad695eaa8357d6d886dc9a9ed0663e372fa0fbe90225
data/reference/results/robust_v28/2020-04-07/baselines/scenario_04/Liu2025.json,4687,53af460d9e8035736d44175c8490bd1c616b3b61ddeecabc981d2d8b81c2b71f
data/reference/results/robust_v28/2020-04-07/baselines/scenario_04/Liu2025.npz,83406,82426479d91e656f340e0dda7d3f2e1005a45159fe8f66d17c3c511fdb3a1aae
data/reference/results/robust_v28/2020-04-07/baselines/scenario_04/Liu2025_execution.json,4704,81de46355a2546e929d11e8bb234e7767c52fd6ddc086270ef21ca6eef0b9459
data/reference/results/robust_v28/2020-04-07/baselines/scenario_04/Liu2025_execution.npz,82850,1e34817d7950307f0ea29f4ebf83f5704195452d69536e649781a8775117835c
data/reference/results/robust_v28/2020-04-07/baselines/scenario_04/Liu2025_price25_commands12_native_terminal_free.json,6915,a45c38055ad886dd8c268d511feb612036f360a3435485914bd08828c2f22e12
data/reference/results/robust_v28/2020-04-07/baselines/scenario_04/Liu2025_price25_commands12_native_terminal_free.npz,78555,fca400d03c3be0344dbb817a29c10299b3e6d96fa6b3ed21716d29eb29357f2e
data/reference/results/robust_v28/2020-04-07/baselines/scenario_04/M2_native.json,7146,aba96da315ea5fbb2c82b90e3e72b84c09ac78119add7524625f43dcaf14dc68
data/reference/results/robust_v28/2020-04-07/baselines/scenario_04/M2_native.npz,77823,cf8691fb8b3e566013d8004e4986a7eb758334694d6bc77334f2598c7eb4135a
data/reference/results/robust_v28/2020-04-07/baselines/scenario_04/M2_reference_commands12.json,7151,1c54bbee4d98a26e19e7d87665985ecefeabc03149c3b6a2bde7d563ab44caec
data/reference/results/robust_v28/2020-04-07/baselines/scenario_04/M2_reference_commands12.npz,78555,fca400d03c3be0344dbb817a29c10299b3e6d96fa6b3ed21716d29eb29357f2e
data/reference/results/robust_v28/2020-04-07/baselines/scenario_04/M3_native.json,1839,821418cf445979d42da991aeff89611080cee1e4cc70f081c2860643be5ea3ce
data/reference/results/robust_v28/2020-04-07/baselines/scenario_04/M3_native.npz,84333,7f1eb3c1870e813d55c8fa644c1721feac19eb967de6e7b629ed9fc0e9b8d144
data/reference/results/robust_v28/2020-04-07/baselines/scenario_04/execution_log.txt,3712,cef16411938defbffcf076b24f6e19af5e7bfdc8876cc781c88eadc04fe4220b
data/reference/results/robust_v28/2020-04-07/baselines/scenario_04/fixed_cost.json,1291,ffd93b4df7c82b02b3c073e0bf49db89dcde927bbbc1b73700cf1edbbfe33005
data/reference/results/robust_v28/2020-04-07/baselines/scenario_04/fixed_cost.npz,71169,973530c596aa30ad476e2e518c8574ad4243d634409ca5fe9a8ad295822b19dc
data/reference/results/robust_v28/2020-04-07/baselines/scenario_04/fixed_price25.json,1295,2d4410076401e4cda58c565fe6effb8ba749c9714d5ebf4c462b284574889e7d
data/reference/results/robust_v28/2020-04-07/baselines/scenario_04/fixed_price25.npz,71809,6f512673e998d13810c0935c8ca81fb0f54c7b5dba198521e8c44625b7206f66
data/reference/results/robust_v28/2020-04-07/common.json,221877,fa39c9c4325695cf5e249365a279fa6f068f0768d932ca19b4dda177c6501257
data/reference/results/robust_v28/2020-04-07/common.npz,47715,c64e08ff93e7a087e897fc691c9c3a1f6a92c92902e73e4e36a51d03711789a3
data/reference/results/robust_v28/2020-04-07/constant_nominal.json,996,d7ba6c36b7e52a053b109d733eea18831ea0b9cf3a5f28ef14705495d7658361
data/reference/results/robust_v28/2020-04-07/constant_nominal.npz,473,506a32e759d77ac18221f9d5c4e79220e3c54bb53d0a0b731dc92a0c3dc589ad
data/reference/results/robust_v28/2020-04-07/constant_robust.json,9568,39549ef9e72a3fe4a1665dfb147b1a2792ca448dad7315ea2ed0f697955684d4
data/reference/results/robust_v28/2020-04-07/constant_robust.npz,472,970cb9deee5049037c5ec8d239c629725b1e48a90170fc5f16afc25efc711c8f
data/reference/results/robust_v28/2020-04-07/constant_robust_before_finite_initialization.json,7904,93f9a368ddeaff1a9ea0f4eb7060eeac79e697af672f57359582cc5d6a4f230d
data/reference/results/robust_v28/2020-04-07/constant_robust_before_finite_initialization.npz,472,970cb9deee5049037c5ec8d239c629725b1e48a90170fc5f16afc25efc711c8f
data/reference/results/robust_v28/2020-04-07/constant_robust_before_tiebreak.json,8752,cc0fd8b0c8c0fcc699cee5894bfa8feed45ac9887c7da0900ca721303fd72a3a
data/reference/results/robust_v28/2020-04-07/constant_robust_before_tiebreak.npz,430,ef23314edba7888b7a9b02da7d7f788d076f096ee586761950cc2c013ba18c7c
data/reference/results/robust_v28/2020-04-07/enrichment_report.json,562,32e0f5e717016b96a98e4c3e2d45c22b5c91260c31a2a3a1fd375b2a812c685e
data/reference/results/robust_v28/2020-04-07/fixed_quota_inner_convergence.json,1785,d74dad48f9df6cdb2c72c930e3b8a924f8d053286d7a74e44d84e138acb156c6
data/reference/results/robust_v28/2020-04-07/fixed_quota_inner_convergence.npz,254,d55f9bab6b787089c5b59546f25a7ed29d6bfda23e49e0d608d1b11400ab193a
data/reference/results/robust_v28/2020-04-07/forecast_chronology_amendment.json,724,1c7a844483afecfac1e03b321e114d6e2b4287d8ea2856df467b8b53e424c47a
data/reference/results/robust_v28/2020-04-07/forecast_common_reference.json,357,4690bf54ba5efde01b993d72121f439b298af0fe682d959607ddd51c036dc19c
data/reference/results/robust_v28/2020-04-07/forecast_common_reference.npz,1638,54781d07e151cfef287671c56688969b99ab53e3b06d872d4e3983116189823e
data/reference/results/robust_v28/2020-04-07/forecast_price_duals.json,1627,1c389d22bc1af984cc18ee910f351bab29bac78f81b395ab321d59725a68a193
data/reference/results/robust_v28/2020-04-07/forecast_price_duals.npz,70566,3bf17318178015f4b611d65b3e04f7b2845d53734059eeddf15a61d0e3524d40
data/reference/results/robust_v28/2020-04-07/forecast_reference_cost.json,1272,0a00ff880134a6ce87be4808b861da53d18641d02104d1b1fed21cf34a362572
data/reference/results/robust_v28/2020-04-07/forecast_reference_cost.npz,68358,c3f3c841e2f4ba33891ba66f04a05f9869818d29b9368223ba6be9040f8cdcd5
data/reference/results/robust_v28/2020-04-07/forecast_reference_price25.json,1274,112c64d4e2c15a1bd46b156d57d291f821a9a30e4ad4acbfa6ed72809e7f5d29
data/reference/results/robust_v28/2020-04-07/forecast_reference_price25.npz,69024,4f78991ec6b3b526353e29858615d098a2211f82b9d87cd7c2aa29d7384988ec
data/reference/results/robust_v28/2020-04-07/inner_duplicate_diagnostic.json,3275,e3330009530532534c32676fbb305e57044564a2f2ad88306a834fd665671fbe
data/reference/results/robust_v28/2020-04-07/scenario_00/M1_constant.json,2369,dd29ffe6b0a5cd7a8e279f5c4a792adc1b56d54820c50aad268f7ca087a813d6
data/reference/results/robust_v28/2020-04-07/scenario_00/M1_constant.npz,69258,39afe092b6aecd5d74d29294a76f043a9d303ee33d0f5ecd43ff731a1f8cf7f3
data/reference/results/robust_v28/2020-04-07/scenario_00/M1_constant_execution.json,1236,fdc573faf4f7806d3d5c66eade85682a71ba7f2eee6ee2ae4aa135e0712ecf8e
data/reference/results/robust_v28/2020-04-07/scenario_00/M1_constant_execution.npz,9413,e86a32fb2a1e8662c7bf3f0d171005cd0bf64c42edde282a0c5c2675da9d8009
data/reference/results/robust_v28/2020-04-07/scenario_00/M4_proposed.json,2371,241ec4bd2db2ab4b4db5fa85c44c47b2acee9faee2df50dd834053b9bc2166eb
data/reference/results/robust_v28/2020-04-07/scenario_00/M4_proposed.npz,73105,07ce8810065cd31d35d09f969484494f0c4ee8ca86a5eb36850249881779b481
data/reference/results/robust_v28/2020-04-07/scenario_00/M4_proposed_execution.json,1884,a3de76355ff22eb6c061dc5163bb606552aab2d63d815020262757d70676f214
data/reference/results/robust_v28/2020-04-07/scenario_00/M4_proposed_execution.npz,1401599,c6d36f7615019a10a994ee9bbce04fd19210e6bc2c3c2542fe8c95b65c7b0b79
data/reference/results/robust_v28/2020-04-07/scenario_00/balanced_full_library.json,1352,4b1e0f877936dab40f8b81d9ba6770efc8852b15432cc57c285578fe6589e146
data/reference/results/robust_v28/2020-04-07/scenario_00/balanced_full_library.npz,72949,53e8120493d83be84261adb11fb2213ff9a0e1b16c349f1e4ce42600fa1fa378
data/reference/results/robust_v28/2020-04-07/scenario_00/cells.json,487213,597e7a0becb325d890b2138685b3da5e1a931b3195e5468b813b58ad9b6a2d34
data/reference/results/robust_v28/2020-04-07/scenario_00/constant_carbon.json,1274,7477d31a482523a361b98256e001474688c68cda4315584393bef70f89894a2c
data/reference/results/robust_v28/2020-04-07/scenario_00/constant_carbon.npz,69093,ba4ac41f78864818efccbb8a86e0d702c4028045b2802363b65ae87f94fb7d2b
data/reference/results/robust_v28/2020-04-07/scenario_00/constant_cost.json,1275,dafb3a1e2f25e0197ce401e832f98e8f8e03db052ae1e60c91bc65b84ac380cf
data/reference/results/robust_v28/2020-04-07/scenario_00/constant_cost.npz,68358,c3f3c841e2f4ba33891ba66f04a05f9869818d29b9368223ba6be9040f8cdcd5
data/reference/results/robust_v28/2020-04-07/scenario_00/constant_curtailment.json,1319,67342d8c7dd82485ff90c7368fd2ab8ac58374de0f4862eeaa79267d6ffc31fc
data/reference/results/robust_v28/2020-04-07/scenario_00/constant_curtailment.npz,69173,d6b234de782edbd95fe1b98762ec485532a200b32c7e79344993611713f5bde7
data/reference/results/robust_v28/2020-04-07/scenario_00/constant_price25.json,1275,6826bd046fa3ca84100b5f6334be382bfe63eee0ccf5e19bc16612ad2b61cb55
data/reference/results/robust_v28/2020-04-07/scenario_00/constant_price25.npz,69024,4f78991ec6b3b526353e29858615d098a2211f82b9d87cd7c2aa29d7384988ec
data/reference/results/robust_v28/2020-04-07/scenario_00/prior_realized_reference/balanced_full_library.json,1350,1e15ab68888f655f33cc353f277eff8899b728b20b3ead3d910cd3340024859f
data/reference/results/robust_v28/2020-04-07/scenario_00/prior_realized_reference/balanced_full_library.npz,72976,739a25e8554154cfe3161d71151003088df2ffaf5d2027139a85548f4d1cd64b
data/reference/results/robust_v28/2020-04-07/scenario_00/prior_realized_reference/cells.json,498859,5ef333f55baf3b80197f5a38f08b3a3b91fa42f71b410fd529ee225f2cfe005a
data/reference/results/robust_v28/2020-04-07/scenario_00/prior_realized_reference/scenario_adaptive_carbon.json,1273,936e8603e777951c0fbf650d8c3865dace75ea6c098adc3b841d72685d89f46b
data/reference/results/robust_v28/2020-04-07/scenario_00/prior_realized_reference/scenario_adaptive_carbon.npz,72736,4b40c3258a9c1dff1ae09aaf3b3fc9ca5e4516999d5c5644c866543d70248831
data/reference/results/robust_v28/2020-04-07/scenario_00/prior_realized_reference/scenario_adaptive_cost.json,1273,2d1c72cbfea877e62f5f967731f7803a0b86050e4c76162a0f64016d9e5bc702
data/reference/results/robust_v28/2020-04-07/scenario_00/prior_realized_reference/scenario_adaptive_cost.npz,71988,865dea8ae1b04346c6e00e36e26197199c5f20ae18dbe28d846baefb9b3bbd27
data/reference/results/robust_v28/2020-04-07/scenario_00/prior_realized_reference/scenario_adaptive_curtailment.json,1282,1617bdfa05ea65c8b6b3ea088bdad9b16193c0bb680dcdc8778d37750418cbd4
data/reference/results/robust_v28/2020-04-07/scenario_00/prior_realized_reference/scenario_adaptive_curtailment.npz,72682,34bed0845a89698bab2522aa2209dbfefdb5e6f7fc841a8914d331828e42bc47
data/reference/results/robust_v28/2020-04-07/scenario_00/prior_realized_reference/scenario_adaptive_price25.json,1276,fcbc51cf3151c568d1777ae2af3539f48dc3a3a188855bab0b5e94f76ce3d26a
data/reference/results/robust_v28/2020-04-07/scenario_00/prior_realized_reference/scenario_adaptive_price25.npz,72746,36b95b07cb59bf9d54b10dfd36247c02763ac85ba4aa1bd679101db33f58e41b
data/reference/results/robust_v28/2020-04-07/scenario_00/recovery_v20_carbon.json,1290,506a715abd8382fdf0bbf9e8e6ec3eb7e03ca9387f3b916ca21235de5c821c06
data/reference/results/robust_v28/2020-04-07/scenario_00/recovery_v20_carbon.npz,72704,b24b530dfd611e3b93c9c8bd8f89bdda3297cad94346d546483c501884c266d9
data/reference/results/robust_v28/2020-04-07/scenario_00/recovery_v20_cost.json,1273,d7611c01e8e9226e66d16f2efd6e280b11bd09889ad9a66d3cfcd46498a91679
data/reference/results/robust_v28/2020-04-07/scenario_00/recovery_v20_cost.npz,71991,a9df0f2ffcd8871d19b4565154ec0bbd25f41b292c912dd3fadfe1ccb0cfa0e0
data/reference/results/robust_v28/2020-04-07/scenario_00/recovery_v20_curtailment.json,1339,649d16d5c29203e3bee5df87c518bb97a6c9682af69aec8f229fc0bb136c2e98
data/reference/results/robust_v28/2020-04-07/scenario_00/recovery_v20_curtailment.npz,72602,cfc858ed8816ea00b9a1d3939b6f400ecf747f339d05d37926a6da48b81b5e07
data/reference/results/robust_v28/2020-04-07/scenario_00/recovery_v20_price25.json,1276,a6697be25089f1dd16a3ec773b902398e95712b85c04929b4c5dfaa58f919483
data/reference/results/robust_v28/2020-04-07/scenario_00/recovery_v20_price25.npz,72681,f7921c2ffadac23b20790888334ff96466e7499cbb3404813f6d6716581a12ec
data/reference/results/robust_v28/2020-04-07/scenario_00/recovery_v21_carbon.json,1289,72cd10511f0710e0f198fe365c437e2c02bd7b3974a62ae8480a89a40923be58
data/reference/results/robust_v28/2020-04-07/scenario_00/recovery_v21_carbon.npz,72811,be7bcbbcab66a0b8835d6b037f70ea908cf126944cecd3c61cf56f6cbbe71af7
data/reference/results/robust_v28/2020-04-07/scenario_00/recovery_v21_cost.json,1284,32eb22a940065a0d62778c61bfdef51701fb83092e576d649acf2be9096ec1ef
data/reference/results/robust_v28/2020-04-07/scenario_00/recovery_v21_cost.npz,71971,72f1ba43edb635ab845be66a887d26aadcf818facadbcd15f91c12efee0d7ad7
data/reference/results/robust_v28/2020-04-07/scenario_00/recovery_v21_curtailment.json,1331,ab1b126a927c2a52927cae37c2656d67a3dc80723967487e6487693d11cb41d7
data/reference/results/robust_v28/2020-04-07/scenario_00/recovery_v21_curtailment.npz,72788,86d975bb86addaaf9fa979823d5e6e081079690ff675915f003394a4999a30e9
data/reference/results/robust_v28/2020-04-07/scenario_00/recovery_v21_price25.json,1288,ec3ca199d46a471aa1321ad3845b8d3cf0ed31b5b5e986bbb028abb89dc197e0
data/reference/results/robust_v28/2020-04-07/scenario_00/recovery_v21_price25.npz,72670,68a9b623b0d2368cf851946e752df33f9c235202b7eb2b9253ccbe90b1f6e090
data/reference/results/robust_v28/2020-04-07/scenario_00/scenario_adaptive_carbon.json,1273,180c2328bcd11fa5c402cdaf96eada17234d7673c865447f9cc2db6a9522b6ca
data/reference/results/robust_v28/2020-04-07/scenario_00/scenario_adaptive_carbon.npz,72736,4b40c3258a9c1dff1ae09aaf3b3fc9ca5e4516999d5c5644c866543d70248831
data/reference/results/robust_v28/2020-04-07/scenario_00/scenario_adaptive_cost.json,1273,c2857a6bb69de35325061847cf998b68bdfef615bc0d1c8f89b89e6718094036
data/reference/results/robust_v28/2020-04-07/scenario_00/scenario_adaptive_cost.npz,71988,865dea8ae1b04346c6e00e36e26197199c5f20ae18dbe28d846baefb9b3bbd27
data/reference/results/robust_v28/2020-04-07/scenario_00/scenario_adaptive_curtailment.json,1283,3fd0ab87d7780a5e6edae0f5b3d7d2f460a2d0e490f7aa796d4570ecc651341c
data/reference/results/robust_v28/2020-04-07/scenario_00/scenario_adaptive_curtailment.npz,72682,34bed0845a89698bab2522aa2209dbfefdb5e6f7fc841a8914d331828e42bc47
data/reference/results/robust_v28/2020-04-07/scenario_00/scenario_adaptive_price25.json,1276,d10af7667594f8e40dcfad546d4f07313e05c5e82770471f5f87357b3808433f
data/reference/results/robust_v28/2020-04-07/scenario_00/scenario_adaptive_price25.npz,72746,36b95b07cb59bf9d54b10dfd36247c02763ac85ba4aa1bd679101db33f58e41b
data/reference/results/robust_v28/2020-04-07/scenario_00/v27_library_carbon.json,1325,48a0cb1b0192632af69c9a68ebb50202bb0d07768047006e632388a29820c4f5
data/reference/results/robust_v28/2020-04-07/scenario_00/v27_library_carbon.npz,72944,8d31fb9f6039f8a80ce263b0dfef35b9680ceee9b1cfdb9c2c603f83bd056add
data/reference/results/robust_v28/2020-04-07/scenario_00/v27_library_cost.json,1347,75c8070ccd944e15ca07ed2d772600c74fbadd3063b67730964c6d57bb53170d
data/reference/results/robust_v28/2020-04-07/scenario_00/v27_library_cost.npz,72276,684875662e2edc72de1488069f015a48b61bfd199962546f6448a44713a73f4b
data/reference/results/robust_v28/2020-04-07/scenario_00/v27_library_curtailment.json,1360,1d6d85ccb9bdd6098218e71d87fb115a25aa65519044d929a852c8967a9b8805
data/reference/results/robust_v28/2020-04-07/scenario_00/v27_library_curtailment.npz,72878,027caccff80fb44f42de293b08a2c4f2abd18d341b6992e9935f7d4c2b7c627c
data/reference/results/robust_v28/2020-04-07/scenario_00/v27_library_price25.json,1353,36b0e36ed55591e032ecf4daff72b00144d0c7c8878f8f34f872fb427961541d
data/reference/results/robust_v28/2020-04-07/scenario_00/v27_library_price25.npz,72876,290b466f36fc0b4e0079aabb8dccf69fe6c5d6e8918bfc1a731aeffa322c2528
data/reference/results/robust_v28/2020-04-07/scenario_00/v27_pattern0_carbon.json,1276,d9c0b018c6110620e77b58599eb8d69c9d2b3e6fa6c65882bac5683f37a567ce
data/reference/results/robust_v28/2020-04-07/scenario_00/v27_pattern0_carbon.npz,72765,f1a3afc27f21aaf3be4c9ac95302a9fa4454c688d8c5ff238fc029be7634a853
data/reference/results/robust_v28/2020-04-07/scenario_00/v27_pattern0_cost.json,1274,9d51b5e5c1c57da9ab5a410985cf4a30601c2669c783e7850a51306dce21522e
data/reference/results/robust_v28/2020-04-07/scenario_00/v27_pattern0_cost.npz,72047,d92a16267dbf0180808f072c5afc796e9bc9dd0a533ea5d3486a6ef2722e0958
data/reference/results/robust_v28/2020-04-07/scenario_00/v27_pattern0_curtailment.json,1316,9d679d42969e264bf4f47e426eae76ea8cb92d8a44a6026c2dfcf25323d21110
data/reference/results/robust_v28/2020-04-07/scenario_00/v27_pattern0_curtailment.npz,72797,f91a76bc0f0c73b641c22b1ad6db4fdba75ad9c40eda2056ea211e428db68ba5
data/reference/results/robust_v28/2020-04-07/scenario_00/v27_pattern0_price25.json,1277,1aec5241de54cb024f98ab8f85508325827fd25e41ad46ab987115467ed846d1
data/reference/results/robust_v28/2020-04-07/scenario_00/v27_pattern0_price25.npz,72745,201586aecb1d5ca7b4708afce34157f4e5eb70ce0e938855f43f969f71fa5f2a
data/reference/results/robust_v28/2020-04-07/scenario_00/v27_pattern1_carbon.json,1273,f2c9ce8bcfea95e0ce9f2ae81d453a8f29f1140dadd4d39ea37c17732dc8fa58
data/reference/results/robust_v28/2020-04-07/scenario_00/v27_pattern1_carbon.npz,72736,4b40c3258a9c1dff1ae09aaf3b3fc9ca5e4516999d5c5644c866543d70248831
data/reference/results/robust_v28/2020-04-07/scenario_00/v27_pattern1_cost.json,1273,8ea0986c72ca9ce876b6baf2c70bd632d6f6c00f1e1f028f11331d1739f8bd3b
data/reference/results/robust_v28/2020-04-07/scenario_00/v27_pattern1_cost.npz,71988,865dea8ae1b04346c6e00e36e26197199c5f20ae18dbe28d846baefb9b3bbd27
data/reference/results/robust_v28/2020-04-07/scenario_00/v27_pattern1_curtailment.json,1282,71560852d60ca4c3a863482eb9c053cf3f418bd7f0e87a0dcf632d65a0e20ce7
data/reference/results/robust_v28/2020-04-07/scenario_00/v27_pattern1_curtailment.npz,72682,34bed0845a89698bab2522aa2209dbfefdb5e6f7fc841a8914d331828e42bc47
data/reference/results/robust_v28/2020-04-07/scenario_00/v27_pattern1_price25.json,1276,14f4a375be7b3863cb7d7c143931ddb9a141db46155028017b945f805c903408
data/reference/results/robust_v28/2020-04-07/scenario_00/v27_pattern1_price25.npz,72746,36b95b07cb59bf9d54b10dfd36247c02763ac85ba4aa1bd679101db33f58e41b
data/reference/results/robust_v28/2020-04-07/scenario_00/v27_pattern2_carbon.json,1292,73fb519340230374314f89663b99515a0d4a763df75843a91315d609fdb6f634
data/reference/results/robust_v28/2020-04-07/scenario_00/v27_pattern2_carbon.npz,72827,67c1d82e3f18d3ade04984091f74ff70dbf391d06a7d34b3ad690958107d0ff6
data/reference/results/robust_v28/2020-04-07/scenario_00/v27_pattern2_cost.json,1288,6c82229123de0df26fc76efcca7f4dc5b89fd365b658eea1d60ac7090716b67a
data/reference/results/robust_v28/2020-04-07/scenario_00/v27_pattern2_cost.npz,72003,388476db66e56f9aa6471b7f6c783d344481ba35e5a31f18c538eed6ccc3ce67
data/reference/results/robust_v28/2020-04-07/scenario_00/v27_pattern2_curtailment.json,1330,462b9ee7b31a859a151b9f6d0c888a1672adb15e7afb03deddaa69e285dcea0e
data/reference/results/robust_v28/2020-04-07/scenario_00/v27_pattern2_curtailment.npz,72732,6be63046abd700b6f579dcb6fb5e13b9d290d4731255d3348584f7605074db51
data/reference/results/robust_v28/2020-04-07/scenario_00/v27_pattern2_price25.json,1292,2ca49a84a025daed117de889ea8e46d66af678d23bbc3eed9a18f9473f20da31
data/reference/results/robust_v28/2020-04-07/scenario_00/v27_pattern2_price25.npz,72738,78eac54da1770ae05c7af70e990c04a4d0389e3b3388c99ff1612189f8f74787
data/reference/results/robust_v28/2020-04-07/scenario_00/v27_pattern3_carbon.json,1274,9659875f6931b0bc32127388febc7ceb71588c9b87da3dac68dd29fc804748ec
data/reference/results/robust_v28/2020-04-07/scenario_00/v27_pattern3_carbon.npz,72664,53e58ef89f96b26a5160bc17b62322a404ef2f014c4687ba1a5eec1138715bd6
data/reference/results/robust_v28/2020-04-07/scenario_00/v27_pattern3_cost.json,1274,fa319df22b9c7b22f7658882e92c7cfea73f4aa2377d347d721d68666dd4854a
data/reference/results/robust_v28/2020-04-07/scenario_00/v27_pattern3_cost.npz,72016,342ab1cf30c32089068334013509ffc8ae47b43aafd31088285640c07dba5332
data/reference/results/robust_v28/2020-04-07/scenario_00/v27_pattern3_curtailment.json,1298,16e00d6e0a4c8e9148feb346f77f2ad935b47f256a5743ef1db785fe195a5aa4
data/reference/results/robust_v28/2020-04-07/scenario_00/v27_pattern3_curtailment.npz,72593,ba1749b0b289821ebf05aea5406481e7dde70d626e3ff9933d3daabcc7b084ef
data/reference/results/robust_v28/2020-04-07/scenario_00/v27_pattern3_price25.json,1276,46a1bf3d17b00d8f5b01e9aec581c0080bf3e24dc53a9369a04c9bb3b5e653ea
data/reference/results/robust_v28/2020-04-07/scenario_00/v27_pattern3_price25.npz,72670,932be54527a5d793a0b073d77de79e5f65c7c31edd062fdf9394ba819cde9b29
data/reference/results/robust_v28/2020-04-07/scenario_00/v28_library_balanced.json,1331,66d7a6f99f6045ec4a67436213579cb5243e0e0cb82df3f3f54138b7aec163d4
data/reference/results/robust_v28/2020-04-07/scenario_00/v28_library_balanced.npz,73036,d5427608d541b13dbdfdd47e82b76f3a7d5227784c77fceb2990dc1afa459e2f
data/reference/results/robust_v28/2020-04-07/scenario_00/v28_library_carbon.json,1332,e8476b00109130784b9a007e22ff69abeaca60ab41cc21d750f9dd2c202dc2ef
data/reference/results/robust_v28/2020-04-07/scenario_00/v28_library_carbon.npz,72753,08a0526bb13694ecce814273a65c5fcde820ae7c6293d11459c0b9b1bf219d71
data/reference/results/robust_v28/2020-04-07/scenario_00/v28_library_cost.json,1331,6b1c558e2ee52c350c6fbf5c7b5dd7de6e1aa38d8d5c7ddb7cc10f1a124e82d4
data/reference/results/robust_v28/2020-04-07/scenario_00/v28_library_cost.npz,72517,3fc08efd56e13919061fa13289606fa83d5e244e9e4ed221db340b4fa20fcf01
data/reference/results/robust_v28/2020-04-07/scenario_00/v28_library_curtailment.json,1361,833434ff1e5f3f08c347bb1c3950c28a81308c4b642e73960c98a900283456a3
data/reference/results/robust_v28/2020-04-07/scenario_00/v28_library_curtailment.npz,72447,42de222efcf05fc0e34ca048776f60e9723b55ebed78042b091ea2761ed2f7e6
data/reference/results/robust_v28/2020-04-07/scenario_00/v28_library_price25.json,1353,cb13926ec7ea7e2b259aa3f588be0065c06978fa57c85c3ad6dd5294b8477d69
data/reference/results/robust_v28/2020-04-07/scenario_00/v28_library_price25.npz,73102,7c76fd0ca66823d38bf33be07f6cf7615150de45f3a7764470ed7a2a80d5e9bb
data/reference/results/robust_v28/2020-04-07/scenario_00/v28_pattern0_balanced.json,1276,d5cd4e710dcfbe7eace4df03b75e628f3c3749564cd7b30aaf528df81bfcd9e6
data/reference/results/robust_v28/2020-04-07/scenario_00/v28_pattern0_balanced.npz,72831,1118988b8b7ea3b24198522e920d7475cb29604e4b008184fdc484fd2b63b701
data/reference/results/robust_v28/2020-04-07/scenario_00/v28_pattern0_carbon.json,1276,d48bdd939bc71381add8d4fab38e8c6701f3ee0a28422a50c95bc27394c5b307
data/reference/results/robust_v28/2020-04-07/scenario_00/v28_pattern0_carbon.npz,72675,9a312122ef15d5e521ef94e10b29ab6d0738ddeb6884ef5da0a698258af4c54b
data/reference/results/robust_v28/2020-04-07/scenario_00/v28_pattern0_cost.json,1274,4b844386ee8f690c131fe626fcd95342f3f24767aa46c38eaeac5a9329ab3f7e
data/reference/results/robust_v28/2020-04-07/scenario_00/v28_pattern0_cost.npz,71979,166edb6bad838790fd5880e0b53b62c51af0563145fa9bf52388cc3e09b13f9f
data/reference/results/robust_v28/2020-04-07/scenario_00/v28_pattern0_curtailment.json,1317,d0499c358fc1c6a871b3523745134e9c268cf5d837847dc18b71ea5b52e990d6
data/reference/results/robust_v28/2020-04-07/scenario_00/v28_pattern0_curtailment.npz,72731,c3b4c79a03689789cb8fd6910c733a820e80697b69b48c9f4b6af6f1aa3f9f12
data/reference/results/robust_v28/2020-04-07/scenario_00/v28_pattern0_price25.json,1277,646e615cc2e379c1662f6bb9003ba7d7b109826987f99d752c0123c7bcd2469f
data/reference/results/robust_v28/2020-04-07/scenario_00/v28_pattern0_price25.npz,72696,c1937808348b4111e659771cc629f234bf9c9a929e82cbd86facdd2be8691662
data/reference/results/robust_v28/2020-04-07/scenario_00/v28_pattern1_balanced.json,1278,26e01d2e3f5a75be207da53e975d8872b2c656d48b3cc018cfa40304ac3a8e33
data/reference/results/robust_v28/2020-04-07/scenario_00/v28_pattern1_balanced.npz,72757,215e18c7f97ae4cf9cad72c26a59deab602ae7d29de46247e0a3802e9587f4c3
data/reference/results/robust_v28/2020-04-07/scenario_00/v28_pattern1_carbon.json,1274,5fc290718c7a258d7e3ccbddd91c2e8cc578a5b8fec66d942a5bacc4ef44b3de
data/reference/results/robust_v28/2020-04-07/scenario_00/v28_pattern1_carbon.npz,72671,258a19c5d753a0eaac8c7ff3b50470018a75e1cecc729a2b83ca6e654f5eae72
data/reference/results/robust_v28/2020-04-07/scenario_00/v28_pattern1_cost.json,1275,e70f9760ae99d33ff069cd296d84ee92a922924dbe07e506dbbd445a9e44dd46
data/reference/results/robust_v28/2020-04-07/scenario_00/v28_pattern1_cost.npz,71956,5ab995294d9a350ea5021bd13856a1365dba265edda66679d45ba02da75b580b
data/reference/results/robust_v28/2020-04-07/scenario_00/v28_pattern1_curtailment.json,1335,2099725d2febd81fbd6daa8216f6d51063527b12aa65c3200b0157ed3daf2490
data/reference/results/robust_v28/2020-04-07/scenario_00/v28_pattern1_curtailment.npz,72673,cc6d26cd22826dda05ba086b8a011d126d2fcff1b9063f30c03406d15a709900
data/reference/results/robust_v28/2020-04-07/scenario_00/v28_pattern1_price25.json,1278,bbfeab249f264a00ffbee08175a60e0060848625e63033e7ee510a773d86569e
data/reference/results/robust_v28/2020-04-07/scenario_00/v28_pattern1_price25.npz,72692,8e8f078f5a171d81c628ff922df5c4564e8156c4ac898accfef73de229b9d475
data/reference/results/robust_v28/2020-04-07/scenario_00/v28_pattern2_balanced.json,1279,c244bdc30d95d49a5d1923272c3d8963ab29287b24cf0d972aa2cfd268eb05a0
data/reference/results/robust_v28/2020-04-07/scenario_00/v28_pattern2_balanced.npz,72360,eece76ef9abd05f288a81f28c809a6444689f9f9d91d413ec26b9b62ddaa04cd
data/reference/results/robust_v28/2020-04-07/scenario_00/v28_pattern2_carbon.json,1275,8a524cce043a7c2f67f1490e481684670c2219529445e33de9ec158dc14e1e67
data/reference/results/robust_v28/2020-04-07/scenario_00/v28_pattern2_carbon.npz,72284,4242a61c93d7333c9c46219cc47d4cab23d8869592ea8edb3cc6fc82e67f81f2
data/reference/results/robust_v28/2020-04-07/scenario_00/v28_pattern2_cost.json,1274,5fce3e54e5938da94bd5d046f003bccf7737ea5d01cfde96505d223280d7565a
data/reference/results/robust_v28/2020-04-07/scenario_00/v28_pattern2_cost.npz,71507,bffda10beac1a993419092e456e64d9a0a15a7288bee3c80885ca939c1d2b1d6
data/reference/results/robust_v28/2020-04-07/scenario_00/v28_pattern2_curtailment.json,1302,3ba856be7b436dcedaa3166dc9e843ea0aef9d202cfccb4812e5ac89ec3e8866
data/reference/results/robust_v28/2020-04-07/scenario_00/v28_pattern2_curtailment.npz,72175,cec819d3097349a1a76f762176ba62fda1aa143c7fc6988d5251abfd47d62f14
data/reference/results/robust_v28/2020-04-07/scenario_00/v28_pattern2_price25.json,1276,ecdbfed2036fddae921eaa7c9170285a2126be2101419baeeaa43575088eb057
data/reference/results/robust_v28/2020-04-07/scenario_00/v28_pattern2_price25.npz,72247,5f4517602d10cf863ca87910b7956dc5f49cc84f1690bdfe06c3bc2d5b3d5cd7
data/reference/results/robust_v28/2020-04-07/scenario_01/M1_constant.json,2547,c09f05c36f2363df165e3aab71f3fabcb426178a4f7ff22460a547a748d4b765
data/reference/results/robust_v28/2020-04-07/scenario_01/M1_constant.npz,71627,b2f34a1006e6652e22d2ebb9d908ac1d992afce9d667047e773a2723541d1d65
data/reference/results/robust_v28/2020-04-07/scenario_01/M1_constant_execution.json,1236,fdc573faf4f7806d3d5c66eade85682a71ba7f2eee6ee2ae4aa135e0712ecf8e
data/reference/results/robust_v28/2020-04-07/scenario_01/M1_constant_execution.npz,9413,e86a32fb2a1e8662c7bf3f0d171005cd0bf64c42edde282a0c5c2675da9d8009
data/reference/results/robust_v28/2020-04-07/scenario_01/M4_proposed.json,2573,c079c87d6a90527e59a6b4e58e105e1eff81fdd0bb28d65c4b93e4c4764f7df7
data/reference/results/robust_v28/2020-04-07/scenario_01/M4_proposed.npz,75041,6060bb3db3932d30b734b8a5750ce28f8ca827345edec07b7285bdd122254a80
data/reference/results/robust_v28/2020-04-07/scenario_01/M4_proposed_execution.json,1814,93f17f7348f07ca13589942ba34cadf8d697d0acfa339b10274e1029aae99598
data/reference/results/robust_v28/2020-04-07/scenario_01/M4_proposed_execution.npz,1382674,8741191f04509e665b81b84a7d63cb85805924cc9cc6eacf512d3788222f1a74
data/reference/results/robust_v28/2020-04-07/scenario_01/balanced_full_library.json,1336,405a51ffe4febff9aef797e1ae01363c812be926da1c4c6838e47962db75c63d
data/reference/results/robust_v28/2020-04-07/scenario_01/balanced_full_library.npz,74424,b30cd30e000a890953f3f30e56b903b5e26ac5a527bed38af1a7004b923ee96f
data/reference/results/robust_v28/2020-04-07/scenario_01/cells.json,245078,f9eabb21dc38d03e2f8721f781100f804d7049a3e704ef8ee5536b723eed06cf
data/reference/results/robust_v28/2020-04-07/scenario_01/constant_carbon.json,1289,cb2ab135ee09a8a7edfdb4b2c779442a4d2aa74afdf423245c1223b86c54cb43
data/reference/results/robust_v28/2020-04-07/scenario_01/constant_carbon.npz,70766,39a560f7f96d99fa1ba6549a3aa83eaa687f709ea69d9e106acbe927fdbb755d
data/reference/results/robust_v28/2020-04-07/scenario_01/constant_cost.json,1287,b1461fcf36c9395ed882598a9d64147c04aa765f8188faf0dac434b03ab68e0b
data/reference/results/robust_v28/2020-04-07/scenario_01/constant_cost.npz,69944,0b583053e8de164e4dbd22978ef64b0ba57d7d407e17d6784bb6fc9a1d8979d6
data/reference/results/robust_v28/2020-04-07/scenario_01/constant_curtailment.json,1313,98ebd4e11ee7b626ebf00344491ad9fbe06160930a5daf438b4dea2eda05fb73
data/reference/results/robust_v28/2020-04-07/scenario_01/constant_curtailment.npz,70829,de072b25a965ba5f38c8011d2a6684c5f55d9ae422a1246fd063f079b2128c73
data/reference/results/robust_v28/2020-04-07/scenario_01/constant_price25.json,1309,de0698971518ef8b13b900d06e39041180fb65fe67228ec86589ebe102501830
data/reference/results/robust_v28/2020-04-07/scenario_01/constant_price25.npz,70731,f70163983f70555755a6887b30b8c86f575a714310e3543048148dca6d68f3e3
data/reference/results/robust_v28/2020-04-07/scenario_01/empty_cells_before_completion.json,397,1271262bf9e0953a5ff0705952cb707df258d36af1ddd4d5a76b00282b8b40bc
data/reference/results/robust_v28/2020-04-07/scenario_01/prior_realized_reference/balanced_full_library.json,1355,09fe0852f6b2f6d97a19e210bd8bdbe4ce9c97ba93303c6e17b03b1ef7834a33
data/reference/results/robust_v28/2020-04-07/scenario_01/prior_realized_reference/balanced_full_library.npz,74343,c8bae6d0686159f373e80eb57f29afc3cf3db347dea031b539e4dcfbf3ca0a8b
data/reference/results/robust_v28/2020-04-07/scenario_01/prior_realized_reference/cells.json,311938,0f4430a91969b490daca98b90ef9bb5924f2eb05376dad81a449bef1521c75d4
data/reference/results/robust_v28/2020-04-07/scenario_01/prior_realized_reference/scenario_adaptive_carbon.json,1293,bb4b40a1bdd9dce56886aa113266b77ebf3bf89d129fef54962fff9db9749e11
data/reference/results/robust_v28/2020-04-07/scenario_01/prior_realized_reference/scenario_adaptive_carbon.npz,74008,dacedf134ed07f6195bd7e2009b9d193487f60d0b7a467b53f3cc9f52fec31c7
data/reference/results/robust_v28/2020-04-07/scenario_01/prior_realized_reference/scenario_adaptive_cost.json,1291,37109fb634fdf83b4e07180e8b70d657eea4c34890b8ce35a065b978fb57b590
data/reference/results/robust_v28/2020-04-07/scenario_01/prior_realized_reference/scenario_adaptive_cost.npz,73285,67eb7f4f56074ffd1abb33423219485bceed05f809adc2c765c2258866654a7f
data/reference/results/robust_v28/2020-04-07/scenario_01/prior_realized_reference/scenario_adaptive_curtailment.json,1334,8807dd0d676e1518ad8de2e1269f5e89992c51f661045f826ac5ab46a59405b6
data/reference/results/robust_v28/2020-04-07/scenario_01/prior_realized_reference/scenario_adaptive_curtailment.npz,74054,9801b2809f849548e16cd554b3ae32d3f43273b25112645b84a592bf714788ef
data/reference/results/robust_v28/2020-04-07/scenario_01/prior_realized_reference/scenario_adaptive_price25.json,1315,49a98879f8b67ba5af137d36bf05f005825ae57d192fa6cbf4944a7aee3440e8
data/reference/results/robust_v28/2020-04-07/scenario_01/prior_realized_reference/scenario_adaptive_price25.npz,74118,9206ec419220e799e5e652ade698f96bcdcac88115f1f5df00935c609d84e8ef
data/reference/results/robust_v28/2020-04-07/scenario_01/recovery_v20_carbon.json,1309,8f5d0b75350f4cad47be66e982f80f853d50ec16238be0a859aebc95a499a6ef
data/reference/results/robust_v28/2020-04-07/scenario_01/recovery_v20_carbon.npz,74095,3d42e671c99a071a8d16411aa4f9f88f5f92df22d95fb8ddd9b2a4070bbee424
data/reference/results/robust_v28/2020-04-07/scenario_01/recovery_v20_cost.json,1289,05ec1bc5e01ec683c6f23a8935295ba1513fb91613bceed7057843f2fe1bb560
data/reference/results/robust_v28/2020-04-07/scenario_01/recovery_v20_cost.npz,73262,09c62d450aa25e7ebfa9157286b6907d98ccbd46a4579267658d9ba9aef12a47
data/reference/results/robust_v28/2020-04-07/scenario_01/recovery_v20_curtailment.json,1351,7e587d5d74d738c199ea79240e59900d4f00d32c94acde7f4e3463c0c8f8b1aa
data/reference/results/robust_v28/2020-04-07/scenario_01/recovery_v20_curtailment.npz,74040,ab9f5fcb252132f09451a5c797739e764704ee6d21589583c584f978368ff11b
data/reference/results/robust_v28/2020-04-07/scenario_01/recovery_v20_price25.json,1309,7bbb65130e1ce6f33befa079d4b73f5d51fbde6d8f5bb15a0fa3d4d9b1bce708
data/reference/results/robust_v28/2020-04-07/scenario_01/recovery_v20_price25.npz,74104,dbe439826ca84797973516283d04bbcbc71435d433a08a179da8aea117af3195
data/reference/results/robust_v28/2020-04-07/scenario_01/recovery_v21_carbon.json,1309,12612a14d62f69b74b66b6caf4b1d97a9492fd5e77bdc5ccf340a2ca6b251ce5
data/reference/results/robust_v28/2020-04-07/scenario_01/recovery_v21_carbon.npz,74137,354bab2b8ac4a4633cd1fe212b77ad6b99bf6f647190f4227cfd7b9fb376f532
data/reference/results/robust_v28/2020-04-07/scenario_01/recovery_v21_cost.json,1289,c51eec3fcaf84ea0987a5cc687b5fb757516d9458dd0f24ce029a63c7162808e
data/reference/results/robust_v28/2020-04-07/scenario_01/recovery_v21_cost.npz,73361,47ae8bfa7665c62daa6cacef409bccee200f3faeb916eb6521c521c500c7a234
data/reference/results/robust_v28/2020-04-07/scenario_01/recovery_v21_curtailment.json,1331,9d5fefd552b4c84a23a87b4bfd5e9efadd593c9293768503ec21a71984e64549
data/reference/results/robust_v28/2020-04-07/scenario_01/recovery_v21_curtailment.npz,74119,e30000f261dad4eccc1c3922d1140b613d3a54b3568b1775912b77af8b18e21f
data/reference/results/robust_v28/2020-04-07/scenario_01/recovery_v21_price25.json,1307,3a79b85d4bfff2a038810674308367f1edd1b60504254659b780a12c6f9e4bb6
data/reference/results/robust_v28/2020-04-07/scenario_01/recovery_v21_price25.npz,74222,abb90cec3bb858485a3b2e2b209a421362787911d94e73653094bb0face091d6
data/reference/results/robust_v28/2020-04-07/scenario_01/scenario_adaptive_carbon.json,1294,4aa43222c6924443a68a4c39a7a58402bdae40b4debff26fb90a523590eb4bf4
data/reference/results/robust_v28/2020-04-07/scenario_01/scenario_adaptive_carbon.npz,74008,dacedf134ed07f6195bd7e2009b9d193487f60d0b7a467b53f3cc9f52fec31c7
data/reference/results/robust_v28/2020-04-07/scenario_01/scenario_adaptive_cost.json,1292,39cad6017f94d38c0539ed8d9bfd92c0eb083ff035dfe788fb30293a782480dd
data/reference/results/robust_v28/2020-04-07/scenario_01/scenario_adaptive_cost.npz,73285,67eb7f4f56074ffd1abb33423219485bceed05f809adc2c765c2258866654a7f
data/reference/results/robust_v28/2020-04-07/scenario_01/scenario_adaptive_curtailment.json,1335,5747d6032eb5828c210599359b767fbbd53c1c26e16eb61513adb820b38f3d37
data/reference/results/robust_v28/2020-04-07/scenario_01/scenario_adaptive_curtailment.npz,74054,9801b2809f849548e16cd554b3ae32d3f43273b25112645b84a592bf714788ef
data/reference/results/robust_v28/2020-04-07/scenario_01/scenario_adaptive_price25.json,1315,fb7f1a66558674a1ba9091a50b1b29fd5a8f188702f8f64063077e2d372debe0
data/reference/results/robust_v28/2020-04-07/scenario_01/scenario_adaptive_price25.npz,74118,9206ec419220e799e5e652ade698f96bcdcac88115f1f5df00935c609d84e8ef
data/reference/results/robust_v28/2020-04-07/scenario_01/v27_library_carbon.json,1343,d0cb26359483e62fda93313fed16683dff0370ac53bc712ecde37e756bcde9de
data/reference/results/robust_v28/2020-04-07/scenario_01/v27_library_carbon.npz,74242,5afae41328996cda323b2e439edcf4d3458e6f27dbf383a2582db28fbd78a5de
data/reference/results/robust_v28/2020-04-07/scenario_01/v27_library_cost.json,1331,b67dd34988d57828e17ef1dbd27774771078c23906377c4e039c0a355f5e4648
data/reference/results/robust_v28/2020-04-07/scenario_01/v27_library_cost.npz,72956,3f4e19d9aabf17babeadc38031cdbbd359434911661858cfb736f2994d32b896
data/reference/results/robust_v28/2020-04-07/scenario_01/v27_library_curtailment.json,1360,49c3cdc069951c5b83b8e44c60bfa18816003c3e58870100c67e6811fbd6ea8a
data/reference/results/robust_v28/2020-04-07/scenario_01/v27_library_curtailment.npz,73172,f27f5766b48f24b9016019d2648ef3bb5604d2c873f5e844fecacac4178c0e17
data/reference/results/robust_v28/2020-04-07/scenario_01/v27_library_price25.json,1353,da3cbfd9e5fe2d725865c410019d3bee92caa088da676d9af5466a9bf6894157
data/reference/results/robust_v28/2020-04-07/scenario_01/v27_library_price25.npz,74390,a7f12d4930c7b4d72ede292525554084ee879cda28acbe5e8ab3232a834608e3
data/reference/results/robust_v28/2020-04-07/scenario_01/v27_pattern0_carbon.json,1294,a6766752350c9d36fba611aa24d0b5f7f78614c0480fe29d16b59568ad07f7e9
data/reference/results/robust_v28/2020-04-07/scenario_01/v27_pattern0_carbon.npz,73646,c2bd1c5890239ae950b3fe66f8a054cd69849e134e062b0dcaa8524534d0662a
data/reference/results/robust_v28/2020-04-07/scenario_01/v27_pattern0_cost.json,1293,9528876604820eeb972cce0017a55aec585b04443861126d70a1edf93103e481
data/reference/results/robust_v28/2020-04-07/scenario_01/v27_pattern0_cost.npz,72804,7d889f2c4031e2be6afba8c88af572b46816129fd06fc30996b7247412c347c6
data/reference/results/robust_v28/2020-04-07/scenario_01/v27_pattern0_curtailment.json,1316,0aff351fe4f8773f43ea02f3d1b24630d9683ecdb67931fcb3dbadc44b330ab8
data/reference/results/robust_v28/2020-04-07/scenario_01/v27_pattern0_curtailment.npz,73675,b9b97527c3a05dedbe5ca103fc42ba081b10b623cd3c632e4d5427840cfbb3c0
data/reference/results/robust_v28/2020-04-07/scenario_01/v27_pattern0_price25.json,1311,31a40bb21cc40733aa61ad6482f8e596b6281ee5311043328aa4b16a6bf910ab
data/reference/results/robust_v28/2020-04-07/scenario_01/v27_pattern0_price25.npz,73680,32f83638112cf31935c12a75091d14ac1f0f55d8e24dbf7dcf6ff15093d59b1d
data/reference/results/robust_v28/2020-04-07/scenario_01/v27_pattern1_carbon.json,1293,e476eddbaef954c8bdb2876d42b87cac631879bd955e3d323f020aa2ceca4274
data/reference/results/robust_v28/2020-04-07/scenario_01/v27_pattern1_carbon.npz,74008,dacedf134ed07f6195bd7e2009b9d193487f60d0b7a467b53f3cc9f52fec31c7
data/reference/results/robust_v28/2020-04-07/scenario_01/v27_pattern1_cost.json,1291,346b29f9c8c208c468718074d148d46ca914e415accce5a00acf121d4b2a0da2
data/reference/results/robust_v28/2020-04-07/scenario_01/v27_pattern1_cost.npz,73285,67eb7f4f56074ffd1abb33423219485bceed05f809adc2c765c2258866654a7f
data/reference/results/robust_v28/2020-04-07/scenario_01/v27_pattern1_curtailment.json,1334,7754760f563ffe19805d6b922eba70a8e3d67ceb1652ed640d4374c299c228b1
data/reference/results/robust_v28/2020-04-07/scenario_01/v27_pattern1_curtailment.npz,74054,9801b2809f849548e16cd554b3ae32d3f43273b25112645b84a592bf714788ef
data/reference/results/robust_v28/2020-04-07/scenario_01/v27_pattern1_price25.json,1314,58e23a927ff51569c11b7591899299ed16df2b5c61ff7f595e7adbc7420aaa53
data/reference/results/robust_v28/2020-04-07/scenario_01/v27_pattern1_price25.npz,74118,9206ec419220e799e5e652ade698f96bcdcac88115f1f5df00935c609d84e8ef
data/reference/results/robust_v28/2020-04-07/scenario_01/v27_pattern2_carbon.json,1309,a1bddff1e73c6a6737ab34fa68d762e68c68fb6d9b11a286ccb11117e38c6177
data/reference/results/robust_v28/2020-04-07/scenario_01/v27_pattern2_carbon.npz,74156,03bc8cbfa6ad555829575fc077d6639715857652213a8edf52b6410b61f3c520
data/reference/results/robust_v28/2020-04-07/scenario_01/v27_pattern2_cost.json,1289,970eb3f9e820dff7569cedd8eaade0d270794d5698fab417126f12089d6645a2
data/reference/results/robust_v28/2020-04-07/scenario_01/v27_pattern2_cost.npz,73364,e18e4c6fa00e07c70055914575a71dadf9f15ae11288710554c0d9a451b9fdf2
data/reference/results/robust_v28/2020-04-07/scenario_01/v27_pattern2_curtailment.json,1313,f5f5047df7abce8130f433a7abdcfeeb8e2193e1eac433cc559ad4e3c93655ec
data/reference/results/robust_v28/2020-04-07/scenario_01/v27_pattern2_curtailment.npz,74114,0a590209c0a93c5a70ae49b99a08583c1e8e8ca7cabc53ea63e7c365373808bc
data/reference/results/robust_v28/2020-04-07/scenario_01/v27_pattern2_price25.json,1311,5aee2a111ce02efafab73f19d9d05206e985a79a83c16786e128d55e35a481fe
data/reference/results/robust_v28/2020-04-07/scenario_01/v27_pattern2_price25.npz,74193,7b127f13db7309dcb88b744dc48f3e8084182f9ca1aa9aec97e1df44b3a0180f
data/reference/results/robust_v28/2020-04-07/scenario_01/v27_pattern3_carbon.json,1291,69fd8700c715c45486b51be993cc44ba2b5e5e45137fe3ca722dfd89c0dd24aa
data/reference/results/robust_v28/2020-04-07/scenario_01/v27_pattern3_carbon.npz,73248,2484edfbce5dde0c3d50bc90941e08bae5d408030e40b1b06988bdc94afc828e
data/reference/results/robust_v28/2020-04-07/scenario_01/v27_pattern3_cost.json,1293,eae798af520bb54f04a0d5abb72ce316edc975fc602b2e2ee32ed825453106e0
data/reference/results/robust_v28/2020-04-07/scenario_01/v27_pattern3_cost.npz,72394,55e33a7f0e11046b65cf59074501702c74376f9ac5c165de4acd98868489c252
data/reference/results/robust_v28/2020-04-07/scenario_01/v27_pattern3_curtailment.json,1336,b1ada64e183173cf7869eb2be1ffdd25475f0afb0b6d460fc34eb815103db05a
data/reference/results/robust_v28/2020-04-07/scenario_01/v27_pattern3_curtailment.npz,73191,12d1b318230da8e39dbfbce3f5ce0d2ae6bb2470ab9dd597455a816fe6e49bc4
data/reference/results/robust_v28/2020-04-07/scenario_01/v27_pattern3_price25.json,1313,9c620cf5046a2f0cfa32796fe58cfbabe1513f072eac3802ad9ea8423c5f9ab9
data/reference/results/robust_v28/2020-04-07/scenario_01/v27_pattern3_price25.npz,73223,7fc7a05522f03c3bf61e28f06bdfb474fdbf5f77ddfa854696008d9c2ad3dd9c
data/reference/results/robust_v28/2020-04-07/scenario_01/v28_library_balanced.json,1353,18588650eb3d7f7d3ec01f1a6bfae54f6c3af0f06f37029db87fc8fcb4d98c80
data/reference/results/robust_v28/2020-04-07/scenario_01/v28_library_balanced.npz,74527,a1255851897bebeea5b47508d77431f398f1b4995367a6ed3cb9d0c622dd2ded
data/reference/results/robust_v28/2020-04-07/scenario_01/v28_library_carbon.json,1370,86513d561bb839479af42bf6f0e74462c0af1c154315786b3118b57eb87aa244
data/reference/results/robust_v28/2020-04-07/scenario_01/v28_library_carbon.npz,74200,d09c374fe3293fa9fa337757c618b18bccfec97042d4952961b23844966aa129
data/reference/results/robust_v28/2020-04-07/scenario_01/v28_library_cost.json,1332,3d0d7fbda78d71d2521cd5c3be8db952d97c2db749049747fc5ba1a22c6ad52e
data/reference/results/robust_v28/2020-04-07/scenario_01/v28_library_cost.npz,73700,717f83ad9c7c0d3041dde67acb39a6c865cc50d582f51bfd8d35f10eb1b28955
data/reference/results/robust_v28/2020-04-07/scenario_01/v28_library_curtailment.json,1361,58c2f5eee009a304e5d2cbeeed334959a64a81a1b3040a2dd4eb7494eab23d40
data/reference/results/robust_v28/2020-04-07/scenario_01/v28_library_curtailment.npz,74162,5c40efe41eb905eec5343a365289f399739f6cd5c029f16bebf42a173e710db8
data/reference/results/robust_v28/2020-04-07/scenario_01/v28_library_price25.json,1351,17bb2bd1b5c529abbe849e582bc7df34d252214454b6cea06d338c18ce45b29a
data/reference/results/robust_v28/2020-04-07/scenario_01/v28_library_price25.npz,74405,ae02a406625eb209543f5f863caf6ad26a34f339be1df434746140c4b165edd8
data/reference/results/robust_v28/2020-04-07/scenario_01/v28_pattern0_balanced.json,1313,52ec2177baf1320691840b9d8fd623b949ac2ed4d6d4e600d87de74f90d61eeb
data/reference/results/robust_v28/2020-04-07/scenario_01/v28_pattern0_balanced.npz,74068,0986659e3d9951fd38f866f8ae926529b48cd9486e8d812bc2058e6ad1328cbe
data/reference/results/robust_v28/2020-04-07/scenario_01/v28_pattern0_carbon.json,1294,deed08f06dfca117c334646aae07180ced8ae60e3f0bb97c4a93536a1c273611
data/reference/results/robust_v28/2020-04-07/scenario_01/v28_pattern0_carbon.npz,74068,e4e130ca471d6c8f654b6d00b3ca52472377ad2a4ab83df883000a6e4ea2857c
data/reference/results/robust_v28/2020-04-07/scenario_01/v28_pattern0_cost.json,1293,ce920d93b561d29d89d8e0eb1108ce474c234ffa41cbf69c1869a7f977c01d39
data/reference/results/robust_v28/2020-04-07/scenario_01/v28_pattern0_cost.npz,73325,6108972ad9173fec01a9597773c15d0de3c537590a37c5924ba1be046cafa6b0
data/reference/results/robust_v28/2020-04-07/scenario_01/v28_pattern0_curtailment.json,1336,97b7368096789814fe70f3e2ff4d25f94847db22660e1d6c227369f8fcf8d30e
data/reference/results/robust_v28/2020-04-07/scenario_01/v28_pattern0_curtailment.npz,74006,9468f9edd520eb3d8109b59e4baf1de0dc940a440751741de012273f5f2cb46d
data/reference/results/robust_v28/2020-04-07/scenario_01/v28_pattern0_price25.json,1312,2731af4514abcaf975080c4b3849f88b4ee783827688e92af48ab3c804cce825
data/reference/results/robust_v28/2020-04-07/scenario_01/v28_pattern0_price25.npz,73954,035702c9f072c887b3ec3ca89e5c50907d6dd2ff7b54ec395d04384e773fd845
data/reference/results/robust_v28/2020-04-07/scenario_01/v28_pattern1_balanced.json,1316,442e6cddf79c552f9517d81777628ad67440c64c4c63ecdaa7569a648bcb304f
data/reference/results/robust_v28/2020-04-07/scenario_01/v28_pattern1_balanced.npz,74155,35a3bbcad0fdda62f963389a2b5ff8c02e2a130adb398ec688c991ea4cefefd0
data/reference/results/robust_v28/2020-04-07/scenario_01/v28_pattern1_carbon.json,1313,24ef6080210d2c54d1a1e61f49e7e73a199d280a6cbfaea0654cb7372e9aa349
data/reference/results/robust_v28/2020-04-07/scenario_01/v28_pattern1_carbon.npz,74159,c78a1da5342ea2beca5e5f2dda54606f7275c638206909b519567947eb254abb
data/reference/results/robust_v28/2020-04-07/scenario_01/v28_pattern1_cost.json,1293,3a20212d021644a3abc2d74bc9009e643246735ffa41bfa5afef51ccba4065ee
data/reference/results/robust_v28/2020-04-07/scenario_01/v28_pattern1_cost.npz,73250,d22c846a507aed8174c208b9509d32ab10cb7ff0cd65d98774a633262670b72b
data/reference/results/robust_v28/2020-04-07/scenario_01/v28_pattern1_curtailment.json,1352,f5ef82c6571b4f64a5ad8d221d4728d37ab6a9776715204e6dd87ba13fbbf2f6
data/reference/results/robust_v28/2020-04-07/scenario_01/v28_pattern1_curtailment.npz,74026,ff4aee80c8cf62c5853f8a640b4575c9e9b136f407df70b12d2ea04da16f8b47
data/reference/results/robust_v28/2020-04-07/scenario_01/v28_pattern1_price25.json,1312,dd62051919fdadc42f694acc5e4d3d5a1dacfacf3ad0729d67a93aaf3cde50f9
data/reference/results/robust_v28/2020-04-07/scenario_01/v28_pattern1_price25.npz,74105,e7e87bf05bab09843304926cf8134bcbf93b40c0c3cbb1e9cca4e34381e0679b
data/reference/results/robust_v28/2020-04-07/scenario_01/v28_pattern2_balanced.json,1315,2c7bbf252ba270ee714ee575f7925449b1bf12ad286d3df773725d7e7b0b362e
data/reference/results/robust_v28/2020-04-07/scenario_01/v28_pattern2_balanced.npz,74132,70e23ede33fd376b06164602e76bf3f0eb106ff80b242dedf52cc9c2f7158463
data/reference/results/robust_v28/2020-04-07/scenario_01/v28_pattern2_carbon.json,1310,2c3766aaff524ba36f6b9908fd25f036d4536120a15cfe519f17ebbc09d1246d
data/reference/results/robust_v28/2020-04-07/scenario_01/v28_pattern2_carbon.npz,74133,0070c90d3384ce38f6da2fc2f504b7f50517f29a53278d3852386660310f87b1
data/reference/results/robust_v28/2020-04-07/scenario_01/v28_pattern2_cost.json,1292,9af4a82eeaf6bbc619e3d8f2c89b1d1b618a2a0aae99df587bdcc53415990c43
data/reference/results/robust_v28/2020-04-07/scenario_01/v28_pattern2_cost.npz,73303,45f7c63ab1d9548925e5723b95f48e9b170211544f4fc6069230504f6f28785b
data/reference/results/robust_v28/2020-04-07/scenario_01/v28_pattern2_curtailment.json,1373,4cd07ac0c1f44ca9612702cb18e4e0514c1e64680f7c87ae0f34450fddb47cdc
data/reference/results/robust_v28/2020-04-07/scenario_01/v28_pattern2_curtailment.npz,74105,223b3122a4a37459a3db27b36d6e576b7e4135133184c94c14d7d6537d022edf
data/reference/results/robust_v28/2020-04-07/scenario_01/v28_pattern2_price25.json,1311,fbffd9fe87e5233d3205dac7cc652596a11c0b673b9df75d1593f06c51a3ec1c
data/reference/results/robust_v28/2020-04-07/scenario_01/v28_pattern2_price25.npz,74026,c11bb7e1b8336bb321dcd09b47a8c7bc6f857277450af2ccb2fda950f46ac36e
data/reference/results/robust_v28/2020-04-07/scenario_02/M1_constant.json,2501,ecd3a8e69320b772308b2e213f969fd1187ef8af85adb9e3e2a79f3ece0e1939
data/reference/results/robust_v28/2020-04-07/scenario_02/M1_constant.npz,72372,649360cd4cd44ae946bedfe7f70a6b7e460197b19392423f2e217077aafda6a2
data/reference/results/robust_v28/2020-04-07/scenario_02/M1_constant_execution.json,1236,fdc573faf4f7806d3d5c66eade85682a71ba7f2eee6ee2ae4aa135e0712ecf8e
data/reference/results/robust_v28/2020-04-07/scenario_02/M1_constant_execution.npz,9413,e86a32fb2a1e8662c7bf3f0d171005cd0bf64c42edde282a0c5c2675da9d8009
data/reference/results/robust_v28/2020-04-07/scenario_02/M4_proposed.json,2402,69c1fcc6b92dad90370c4297dbf0eae2d25972e9b266c405cfcafd905e0b7333
data/reference/results/robust_v28/2020-04-07/scenario_02/M4_proposed.npz,74770,173f6ae42010fac4034feb5e8b011c258ced614ad828feb31aaafdb5661c86ab
data/reference/results/robust_v28/2020-04-07/scenario_02/M4_proposed_execution.json,1903,c49ffb04da899e1a1637764e8a4089bbf0d25e935f573cfcd1c5372a4417f277
data/reference/results/robust_v28/2020-04-07/scenario_02/M4_proposed_execution.npz,1401864,8733886654dd01e280db37f93d7a430dc13e00ee02f2dbe91d4c7a79d0b6c90b
data/reference/results/robust_v28/2020-04-07/scenario_02/balanced_full_library.json,1353,0a77341c0b75ec6f1a29e3ddc801cb83c5dc417267ec7789582d8a63c728d2d1
data/reference/results/robust_v28/2020-04-07/scenario_02/balanced_full_library.npz,74631,422bdf5273e1623a456ed506b25d1150fd56988bc4a18d1242204acbc6edf4ee
data/reference/results/robust_v28/2020-04-07/scenario_02/cells.json,529506,227db4bf6ae89df9f433e147598e8009ee187897f655b99d45b24831990140b6
data/reference/results/robust_v28/2020-04-07/scenario_02/constant_carbon.json,1292,2be2632d5d81b0b1362aa4f099bc2016a04280d61df66c400805636b42b3a4a2
data/reference/results/robust_v28/2020-04-07/scenario_02/constant_carbon.npz,71281,561e5f3d832d420fb10069e6553d5d924d79471a0eee0d0146d7aa8d84aaaa94
data/reference/results/robust_v28/2020-04-07/scenario_02/constant_cost.json,1273,40559329b48f48ddbe4e043a9a0ba012e9446c1851f9cd9066b146abf9d40427
data/reference/results/robust_v28/2020-04-07/scenario_02/constant_cost.npz,70525,e17b35809ba145acd99b2cf509f6092d6fc3424ae4a376e65de5a2fa7c54b9f6
data/reference/results/robust_v28/2020-04-07/scenario_02/constant_curtailment.json,1297,660221868f6b42904416f96a5ffdf959db82858f3fcc0f0e0bbbd4437b3bfff8
data/reference/results/robust_v28/2020-04-07/scenario_02/constant_curtailment.npz,71366,beb03de8fc611e74919be34841907433fdc36ec77e4ec1bb50a5d6249d115adc
data/reference/results/robust_v28/2020-04-07/scenario_02/constant_price25.json,1294,5ed4df3f7e88ad2be2f6b67c4be82ed0192ca698cdd13d941f25b1f2d90a8d98
data/reference/results/robust_v28/2020-04-07/scenario_02/constant_price25.npz,71340,7f1a96daf95c48a2cf37b571ddb9ced600bd49c525c3d0f4f2c65d4823c9b3be
data/reference/results/robust_v28/2020-04-07/scenario_02/prior_realized_reference/balanced_full_library.json,1351,c699783216aa0fa80fa55a4a71f4ddc8b5a707bf5b94f16d8a58d09913644270
data/reference/results/robust_v28/2020-04-07/scenario_02/prior_realized_reference/balanced_full_library.npz,74641,0ca45da9df72a7f55b523a22901b4370a4351a75d412db449ffbb9fe305d4615
data/reference/results/robust_v28/2020-04-07/scenario_02/prior_realized_reference/cells.json,561352,6de2b92fed2dd7d5fb233ef5c333517820b52a9444d26befa9d10506e389fe69
data/reference/results/robust_v28/2020-04-07/scenario_02/prior_realized_reference/scenario_adaptive_carbon.json,1293,f055ae2b3cd06721a1d9059442938c55d90f0d339dc26f446bf00ed1a0e12123
data/reference/results/robust_v28/2020-04-07/scenario_02/prior_realized_reference/scenario_adaptive_carbon.npz,74357,d1ba35580a40aab5edd2330be8ef3c62b91b49edbfcccec722251f4ec3011d79
data/reference/results/robust_v28/2020-04-07/scenario_02/prior_realized_reference/scenario_adaptive_cost.json,1273,b551b1b18d64986b74d3374ced0bb6bcb480b2ac31f5087108ee498684f61aba
data/reference/results/robust_v28/2020-04-07/scenario_02/prior_realized_reference/scenario_adaptive_cost.npz,73700,f6e4fc118f15c60bd4385679e2adfa98abbf223c197559105c0b2ccf3b95951b
data/reference/results/robust_v28/2020-04-07/scenario_02/prior_realized_reference/scenario_adaptive_curtailment.json,1332,24671cdfe472b572bc5c5a42dbc46a9472851aade5422b448f522ab59b789c8e
data/reference/results/robust_v28/2020-04-07/scenario_02/prior_realized_reference/scenario_adaptive_curtailment.npz,74511,5068bbdb4bf405c7d66737a93558f0e6b68a633d44f7f262419f5e093841ad5e
data/reference/results/robust_v28/2020-04-07/scenario_02/prior_realized_reference/scenario_adaptive_price25.json,1294,50a3f8280e50e519080cf1bc011755476ddf385f4fda546593ae4706a79261e5
data/reference/results/robust_v28/2020-04-07/scenario_02/prior_realized_reference/scenario_adaptive_price25.npz,74496,dc926b57d529349f9846f00ee4fa31d86b35d69ac4c198dc0b975a69ade9188f
data/reference/results/robust_v28/2020-04-07/scenario_02/recovery_v20_carbon.json,1293,1294b6b23e89a3cdf960b254d6c1fb7b02be87063d36db19376f6b5493716852
data/reference/results/robust_v28/2020-04-07/scenario_02/recovery_v20_carbon.npz,74353,fbdb4861da56208bda8dd394279f8c0c054104a867019459c7dcd552c6ec142f
data/reference/results/robust_v28/2020-04-07/scenario_02/recovery_v20_cost.json,1272,8860a00a4767f2efb05c93edef966ba1bc928fb71dc6664d3d5e3a531c2a04d5
data/reference/results/robust_v28/2020-04-07/scenario_02/recovery_v20_cost.npz,73700,a58a003cd564384a90c698739b41b2cf7da5e27cfa863220010672b5e6dadf9a
data/reference/results/robust_v28/2020-04-07/scenario_02/recovery_v20_curtailment.json,1339,288666561ff47b1c1314fc4a5cc3314c3f56e40612d40f6f73a0b3076339ab59
data/reference/results/robust_v28/2020-04-07/scenario_02/recovery_v20_curtailment.npz,74449,4fc06455110a729db2e1635877698fdff8bf7ab18d1ae2cd9e4faa1312c4267d
data/reference/results/robust_v28/2020-04-07/scenario_02/recovery_v20_price25.json,1296,ecad95dffb24acc3707baf064db60535981870c020317f0803a2e47c0cf1cff1
data/reference/results/robust_v28/2020-04-07/scenario_02/recovery_v20_price25.npz,74470,ee90ea76253f503e038717f1a9d73e1163d7edb523eaebb4d309b5ad0d5f10d4
data/reference/results/robust_v28/2020-04-07/scenario_02/recovery_v21_carbon.json,1294,7e3715b3b04d141bd593962c1c43d990606dd460ccea334a9ae5aa54621012c2
data/reference/results/robust_v28/2020-04-07/scenario_02/recovery_v21_carbon.npz,74414,665084913c6e2407e7f2334c9e9cf8c2b02218746f0c11fb1fff80cd6941bb18
data/reference/results/robust_v28/2020-04-07/scenario_02/recovery_v21_cost.json,1274,df897ce64689aae823aebb6393eef5b943733e393fcf9a56150be39efe8c90dd
data/reference/results/robust_v28/2020-04-07/scenario_02/recovery_v21_cost.npz,73736,c800876b703e87a56706b58fe735157517b6ee62b732db1c829bb096ce31de35
data/reference/results/robust_v28/2020-04-07/scenario_02/recovery_v21_curtailment.json,1317,ff0eb8b9748d137dfa41615eb128e9ce6ab2dbc915c0db54bb9db980bd8994b3
data/reference/results/robust_v28/2020-04-07/scenario_02/recovery_v21_curtailment.npz,74619,30ceba3a6e7eb03db2799ccfc19281973b710efa48764900f2e54e52878407f5
data/reference/results/robust_v28/2020-04-07/scenario_02/recovery_v21_price25.json,1296,848c367eeb4efcd90c496f1c8cf3526bf1972dd18de31493a19c4fdb3b9ee287
data/reference/results/robust_v28/2020-04-07/scenario_02/recovery_v21_price25.npz,74539,fa38f37285b06a4b3a11b05aa0b3e1774afc2a3f3c810642e22f94584a444c39
data/reference/results/robust_v28/2020-04-07/scenario_02/scenario_adaptive_carbon.json,1294,95b7c72dc0b6d258a57a8539c1762895494b4cd6e1aa3203cecafe8a5de3f7bd
data/reference/results/robust_v28/2020-04-07/scenario_02/scenario_adaptive_carbon.npz,74500,849da2716d9729a67f981e486a30ad4211cfc01a2eea6a09af0a8f7e08de837f
data/reference/results/robust_v28/2020-04-07/scenario_02/scenario_adaptive_cost.json,1275,312ac56d7bca57fa526297197efaf3f19d70def0ace3fa67429de2b0f12ac73a
data/reference/results/robust_v28/2020-04-07/scenario_02/scenario_adaptive_cost.npz,73663,2a142f7c8e6eff6272989b835f8c9aaee4258aa5a4a73941a0e99bd1253bf74e
data/reference/results/robust_v28/2020-04-07/scenario_02/scenario_adaptive_curtailment.json,1316,cb3cddcbde1697b20c10b6b98e99274f9b2a29bb4476e104c7ac1a624b03544d
data/reference/results/robust_v28/2020-04-07/scenario_02/scenario_adaptive_curtailment.npz,74415,db956fc2c419b4209535a072aeeefaf40cedca9923b149d876544836cc060fa6
data/reference/results/robust_v28/2020-04-07/scenario_02/scenario_adaptive_price25.json,1295,d9858c5a99afb794cdbaba8793074312f2bcb6ee332e7aa791b4ccfe01b7649a
data/reference/results/robust_v28/2020-04-07/scenario_02/scenario_adaptive_price25.npz,74472,fcabaaadf49de7a2fddc2cec2d133b650a250fbb06b9693c9cbe233fad95bdfb
data/reference/results/robust_v28/2020-04-07/scenario_02/v27_library_carbon.json,1369,d2312d09c89816f14725af6d10fab6c0d95b4e438a1fe06f301a0c91af494814
data/reference/results/robust_v28/2020-04-07/scenario_02/v27_library_carbon.npz,74595,930db834eee83dc991b11471abb09ca7837615229f72808b2eacc333a248bd64
data/reference/results/robust_v28/2020-04-07/scenario_02/v27_library_cost.json,1328,3a0c8f0cac1f5e3f8d24e80daf87202581d4862447ef8d459a1de064fb19c797
data/reference/results/robust_v28/2020-04-07/scenario_02/v27_library_cost.npz,74254,95bd82b3e03eeaf8969809e18f73a0ce753b142f0b9d108c3be4a02df5666d91
data/reference/results/robust_v28/2020-04-07/scenario_02/v27_library_curtailment.json,1377,867d65015b29af3b6ed3c25029c5db5410095e6e959bcd703ef08382784f009b
data/reference/results/robust_v28/2020-04-07/scenario_02/v27_library_curtailment.npz,74297,9a0d9a21f57c0bfb6e55dd80833e363d6dafbf663232f6b740aa6a8f33db7bf1
data/reference/results/robust_v28/2020-04-07/scenario_02/v27_library_price25.json,1351,95b980acc9abe962dd53735cca1106963a668b3c7e34bc8c165a48c0240d2619
data/reference/results/robust_v28/2020-04-07/scenario_02/v27_library_price25.npz,74556,1d3b616bf94a90cf1a13a6656d2188ed7b6c1cece016fa059ff27b3edae635dc
data/reference/results/robust_v28/2020-04-07/scenario_02/v27_pattern0_carbon.json,1294,9fa099c996a1243e545238d4c002bb8ef0227c18c88431fb8d88b575c4b20c01
data/reference/results/robust_v28/2020-04-07/scenario_02/v27_pattern0_carbon.npz,74461,edb7bf7852389d927bde41f2cd026ba9a99c8a9f5c50c04b71fd38ddfcd15063
data/reference/results/robust_v28/2020-04-07/scenario_02/v27_pattern0_cost.json,1275,d8959b3cdfc3dada3991879eb097e6feef162a2c85af43926e65263fe21eb42f
data/reference/results/robust_v28/2020-04-07/scenario_02/v27_pattern0_cost.npz,73660,ff5054fedd2f5471de26506fcef62995bf40242a3c22098f7c3dc78fc85a8d01
data/reference/results/robust_v28/2020-04-07/scenario_02/v27_pattern0_curtailment.json,1315,294ad263bfeb0765961e8df1a583b7f94bd3856c0804654116f4473e26a0911c
data/reference/results/robust_v28/2020-04-07/scenario_02/v27_pattern0_curtailment.npz,74594,2b55de1b6599aaf9a9c1a4826f24e195c487889837a8644e40b4fb5a5f2ad023
data/reference/results/robust_v28/2020-04-07/scenario_02/v27_pattern0_price25.json,1296,e51f6f90b3ee5e59a662585e6c75117147d5cb712c651ebaf8005999bff5d9a4
data/reference/results/robust_v28/2020-04-07/scenario_02/v27_pattern0_price25.npz,74469,c1a6e589ead629ab0f5ebad1ffb9b32110f89ef06bad685bb3cc43ff6537b622
data/reference/results/robust_v28/2020-04-07/scenario_02/v27_pattern1_carbon.json,1293,ec6055011dc19ba8f6f366a1757db71797db6980671372d4657634c6a1cba603
data/reference/results/robust_v28/2020-04-07/scenario_02/v27_pattern1_carbon.npz,74419,1c7713384a39b231b9839cb0a55a475fe783472257044fc2a3f714bde02e3854
data/reference/results/robust_v28/2020-04-07/scenario_02/v27_pattern1_cost.json,1274,00f3f0db23dbc6974765fe17a08e4d2f00ba341f7c25eb6aeb6692f46f2bb269
data/reference/results/robust_v28/2020-04-07/scenario_02/v27_pattern1_cost.npz,73741,6646e5fc159760cfea872c9cd366322e1e4cc8baa00840313c91669e806ae9e1
data/reference/results/robust_v28/2020-04-07/scenario_02/v27_pattern1_curtailment.json,1316,58a9066e46ee10dd9e0bf86e05240d4ea8448f0d198c440d66a78b1818114a7d
data/reference/results/robust_v28/2020-04-07/scenario_02/v27_pattern1_curtailment.npz,74579,4690294047ae81fd8f53e5c16bcfe1858081f78c6cd3fc4d634ce950bf21bf37
data/reference/results/robust_v28/2020-04-07/scenario_02/v27_pattern1_price25.json,1294,bf23064fe3ce179a8a299a78359cd5e7747cb2e6aa842d94ccd0d7e96030e0d7
data/reference/results/robust_v28/2020-04-07/scenario_02/v27_pattern1_price25.npz,74503,2be9de9b864bd34972a7e5577fc97db32ce306df6e7529ba56a67c6c15af2524
data/reference/results/robust_v28/2020-04-07/scenario_02/v27_pattern2_carbon.json,1294,73175016728bdc4e96528256cf693c9a9e8ed8ce0082ad3080e4323c0b1cfb05
data/reference/results/robust_v28/2020-04-07/scenario_02/v27_pattern2_carbon.npz,74484,eff660fb2eed725833dea4e791a0ea47009e9e969d7491390c3f79bdd769c294
data/reference/results/robust_v28/2020-04-07/scenario_02/v27_pattern2_cost.json,1274,0876a8fa9538062417abce27621f8fb77739a4e2856707fa67475277a54e6205
data/reference/results/robust_v28/2020-04-07/scenario_02/v27_pattern2_cost.npz,73685,a3ac2865f80b0bc0fecac9fbaafcabf81bbc386066a531f13e4ac08a8399670a
data/reference/results/robust_v28/2020-04-07/scenario_02/v27_pattern2_curtailment.json,1335,31c8cdbd04345ddd08b7216126eb56135cb4b5487428e006136db1000d76d014
data/reference/results/robust_v28/2020-04-07/scenario_02/v27_pattern2_curtailment.npz,74603,f8e66a02b14502824ce66366574e4049756228a6b80f2f8edbba8fa43c4252cb
data/reference/results/robust_v28/2020-04-07/scenario_02/v27_pattern2_price25.json,1295,51361e6158eb9d420b4fc867a59349aa5a31fc1d7fa071ffd3b41b8adde2bff0
data/reference/results/robust_v28/2020-04-07/scenario_02/v27_pattern2_price25.npz,74506,369d6ec212f05ed795337af3cf6dd6c0bdbf92d35dbb50212d596058a1818aca
data/reference/results/robust_v28/2020-04-07/scenario_02/v27_pattern3_carbon.json,1292,2099ef7a66134379812fb071c7b77500b5789efa752fcc128cd08f567058798e
data/reference/results/robust_v28/2020-04-07/scenario_02/v27_pattern3_carbon.npz,73943,7cd84fff2c61d7f584b595f0e6459e10bf9612473459a8e1bc0d0c449f2ae2bf
data/reference/results/robust_v28/2020-04-07/scenario_02/v27_pattern3_cost.json,1273,03986323432e2da709f7a36444b16f6b9569142f58019fdd53926c958ae4ee21
data/reference/results/robust_v28/2020-04-07/scenario_02/v27_pattern3_cost.npz,73256,6c35c8cc291283ae9003e975dc3a7e152d3eb0eceba13a79c8b91e433ca6c8b9
data/reference/results/robust_v28/2020-04-07/scenario_02/v27_pattern3_curtailment.json,1297,fe76a341cbc9987096e7b78209f22b40d8d700d2d992133238cd91dcc2923b35
data/reference/results/robust_v28/2020-04-07/scenario_02/v27_pattern3_curtailment.npz,74105,ebcd9350f8a4acf0eaadc40c621d81591232a930177540273229866a1ef9627c
data/reference/results/robust_v28/2020-04-07/scenario_02/v27_pattern3_price25.json,1294,cefeeb215297dcbcd6ab5f8d412e8a5a3eba9f408550c2dd6b87a063d7e0dc97
data/reference/results/robust_v28/2020-04-07/scenario_02/v27_pattern3_price25.npz,74061,b7383e034fecf94a4b89533fa3910fe135f7fb0da76173949ac94e1c946ed33a
data/reference/results/robust_v28/2020-04-07/scenario_02/v28_library_balanced.json,1352,c2489a0193f99414b8abaf941983e45b8d533477b7b8dcc3d5ccfb95a1755c1b
data/reference/results/robust_v28/2020-04-07/scenario_02/v28_library_balanced.npz,74638,f9a2311eb5a85e77de0ff0eabac58b706a8c729720b27c4fe22adee018d6972b
data/reference/results/robust_v28/2020-04-07/scenario_02/v28_library_carbon.json,1350,22390ede50af9591b6e9917b4a7ab7ea101888dd7c58cafd068324fd019d247d
data/reference/results/robust_v28/2020-04-07/scenario_02/v28_library_carbon.npz,74522,07120037ef851cd3d7b09b050b3381bcb7f886b0e337ba4a0153345b2ba11355
data/reference/results/robust_v28/2020-04-07/scenario_02/v28_library_cost.json,1330,7d541bf38cda29aacd258e572ae2cd7224e0b641893dad2cd72e50e4ac0e285b
data/reference/results/robust_v28/2020-04-07/scenario_02/v28_library_cost.npz,73832,b28ed57fad29bb5d8a691dc33bee7b5ed5806524b1247d71be3484ee2e333fce
data/reference/results/robust_v28/2020-04-07/scenario_02/v28_library_curtailment.json,1360,6e749e398d22461e01357af9151d338fbd9bc5f2e3f9c1c619dcc61b19b5ad5d
data/reference/results/robust_v28/2020-04-07/scenario_02/v28_library_curtailment.npz,74282,9564fd50ae3542beb965db6914ec8fc28546e63603fbfd9e78bfda9ad86eb6af
data/reference/results/robust_v28/2020-04-07/scenario_02/v28_library_price25.json,1351,4ae11bfe77e35f765f14ef8d86d0d42386d339bfb1aa6cb115776d4843c76382
data/reference/results/robust_v28/2020-04-07/scenario_02/v28_library_price25.npz,74563,9edfa7387a340aac18c06af95a701d061727f6523c74dccbeafc20e04d054cd5
data/reference/results/robust_v28/2020-04-07/scenario_02/v28_pattern0_balanced.json,1297,6ef6924ebc17324c84a1acd04cecc4e2ddc73ff33bc556ade26d4540641db103
data/reference/results/robust_v28/2020-04-07/scenario_02/v28_pattern0_balanced.npz,74495,cd05a5fbd1760be4beb87dbed82cad409e84874e45b1beca94489bc4f69e2f42
data/reference/results/robust_v28/2020-04-07/scenario_02/v28_pattern0_carbon.json,1293,1ca34f5fb50c75f74acf9c70faf99ec2d60efcc3976afdcff21191b10e405eb4
data/reference/results/robust_v28/2020-04-07/scenario_02/v28_pattern0_carbon.npz,74389,a6eb4c65f4a3fbb1df856edacfffce7dd503c40a59ded26e73cb1a1eb4b1feb6
data/reference/results/robust_v28/2020-04-07/scenario_02/v28_pattern0_cost.json,1274,a7863f8142145fb9ed68929c5bd41bb56778e697f3419d0df08f389f215a8862
data/reference/results/robust_v28/2020-04-07/scenario_02/v28_pattern0_cost.npz,73672,0400993c5c2714d6e1d224ac1ad7a85c3b19f0e82a4e1465b5b92b1610ff00af
data/reference/results/robust_v28/2020-04-07/scenario_02/v28_pattern0_curtailment.json,1301,1d29f99147302600574beea53e17415ffc4a74d724e880b3248e11fcc3f1b9c8
data/reference/results/robust_v28/2020-04-07/scenario_02/v28_pattern0_curtailment.npz,74612,77551f4fa0f3900214ff81089cfc74b367ce7b63d8e1df7a95d84dc544c8db1b
data/reference/results/robust_v28/2020-04-07/scenario_02/v28_pattern0_price25.json,1291,04526e4b2be2bfb6b3399e921b67a72a52258bebe4781df7b57db5c42dfc289e
data/reference/results/robust_v28/2020-04-07/scenario_02/v28_pattern0_price25.npz,74430,6d11623c2106c11597c5d29ed36a7541acf3366e8a6f628989d0572236d7a24a
data/reference/results/robust_v28/2020-04-07/scenario_02/v28_pattern1_balanced.json,1296,d0eae91f4e987592c3491920a8ea82586aa825c302472a1056779a32e835313f
data/reference/results/robust_v28/2020-04-07/scenario_02/v28_pattern1_balanced.npz,74488,fdc78c4194e17f68262f9c8dfdfb183d8cedfc18ab14d2a7a95f502bdaef0a9b
data/reference/results/robust_v28/2020-04-07/scenario_02/v28_pattern1_carbon.json,1293,03ae0121ae6f89fce1732f7ecd3359acd533e1ada60f3dc48b4f983718664c1f
data/reference/results/robust_v28/2020-04-07/scenario_02/v28_pattern1_carbon.npz,74410,148ce1069c6d11ef975a1ce1e4748571eebdffe1c96f525c34b63f31c859025a
data/reference/results/robust_v28/2020-04-07/scenario_02/v28_pattern1_cost.json,1274,eb443d0d0d0370c15a085e4c71320d32d375fda0bb459d459df2c36723948b5c
data/reference/results/robust_v28/2020-04-07/scenario_02/v28_pattern1_cost.npz,73651,abeda33ab114233981d4fe302f9feab5bec6e9eaa1ecf667d52a6fd6c90fc152
data/reference/results/robust_v28/2020-04-07/scenario_02/v28_pattern1_curtailment.json,1321,df91133fbf8cae5a57206dc0a45f555e6cc8615578e98f1514fadb6aac229de5
data/reference/results/robust_v28/2020-04-07/scenario_02/v28_pattern1_curtailment.npz,74552,a31d811889517a7c46358b9f6e11eed5e482afa90a0e0b8648a891dc241bf808
data/reference/results/robust_v28/2020-04-07/scenario_02/v28_pattern1_price25.json,1293,f56a418fc29cf5f95cab9a4774c629e66b2ab46fc0ae2a36bdfd5f1c541d707d
data/reference/results/robust_v28/2020-04-07/scenario_02/v28_pattern1_price25.npz,74400,a8b639875fca4f392d478e75e3d4d7d20ed788793edb601d10b4d908b23f52db
data/reference/results/robust_v28/2020-04-07/scenario_02/v28_pattern2_balanced.json,1297,484d0843b1728330b69a2a482f5a7d12a82408bfa6d451790a55f97610340922
data/reference/results/robust_v28/2020-04-07/scenario_02/v28_pattern2_balanced.npz,74508,4cd02045057d41d6f450b3f8faaa871e944203598cd9e17f664822e20e6c38ea
data/reference/results/robust_v28/2020-04-07/scenario_02/v28_pattern2_carbon.json,1292,8d6d1492dfce0ca7dc7e796affec92e638204f717cf6789f3ca4038f66f9ca23
data/reference/results/robust_v28/2020-04-07/scenario_02/v28_pattern2_carbon.npz,74484,eff660fb2eed725833dea4e791a0ea47009e9e969d7491390c3f79bdd769c294
data/reference/results/robust_v28/2020-04-07/scenario_02/v28_pattern2_cost.json,1274,0fc795f234f5670b4a04cde79b5e9efd7a81f22f3e90bff8c13371fbf9d3d7cf
data/reference/results/robust_v28/2020-04-07/scenario_02/v28_pattern2_cost.npz,73685,a3ac2865f80b0bc0fecac9fbaafcabf81bbc386066a531f13e4ac08a8399670a
data/reference/results/robust_v28/2020-04-07/scenario_02/v28_pattern2_curtailment.json,1336,fc45ad4e495008198b46f36baae83ec1fde4fc135aec771c7a5b169d1a8d730e
data/reference/results/robust_v28/2020-04-07/scenario_02/v28_pattern2_curtailment.npz,74603,f8e66a02b14502824ce66366574e4049756228a6b80f2f8edbba8fa43c4252cb
data/reference/results/robust_v28/2020-04-07/scenario_02/v28_pattern2_price25.json,1297,b5c138bd70d799fc167e83ba5394a8f4f8fb0c5f76cf0afee20a9b9c87c8101d
data/reference/results/robust_v28/2020-04-07/scenario_02/v28_pattern2_price25.npz,74506,369d6ec212f05ed795337af3cf6dd6c0bdbf92d35dbb50212d596058a1818aca
data/reference/results/robust_v28/2020-04-07/scenario_02/v28_pattern3_balanced.json,1296,5de402d4a5f192c6809465a7b2dcfec95a8292ade3a2b0f26499769f5fc88961
data/reference/results/robust_v28/2020-04-07/scenario_02/v28_pattern3_balanced.npz,74067,889bba2b506567f448bc471457984becfbcedd0b5ede34a761a1f2c9df311dc5
data/reference/results/robust_v28/2020-04-07/scenario_02/v28_pattern3_carbon.json,1293,b35523aa9f4523ef3f29870b5106ad9edddf8229becb6d16cd5872595a421473
data/reference/results/robust_v28/2020-04-07/scenario_02/v28_pattern3_carbon.npz,73981,78d864d8c847452222f0fabd727a5f4e53824715ce4b4efa5980d9f63ff31d20
data/reference/results/robust_v28/2020-04-07/scenario_02/v28_pattern3_cost.json,1271,cc7d137d605b9e82a70c404b8415cfad461d68de5ec2ac205f3376d81117199c
data/reference/results/robust_v28/2020-04-07/scenario_02/v28_pattern3_cost.npz,73280,60d9c08886a45ac8991c273c5575a8de59e966a16ba9ba92d2802e4f30856464
data/reference/results/robust_v28/2020-04-07/scenario_02/v28_pattern3_curtailment.json,1319,f81454617fdb929cdbaa6b2795d65724410507bcad7fe0fde361e6a0039a7978
data/reference/results/robust_v28/2020-04-07/scenario_02/v28_pattern3_curtailment.npz,74243,2466b22bbdea427199e02e5faf13e8b99410e972cd7f88b321eda2ac45be6f22
data/reference/results/robust_v28/2020-04-07/scenario_02/v28_pattern3_price25.json,1296,23d4c83ece1da659960188d8cf156ff8926cb466af82cc01bebed1247fb15af8
data/reference/results/robust_v28/2020-04-07/scenario_02/v28_pattern3_price25.npz,74056,b7b01349286d9d2fa27397bdddb82317a86b87ca155d85a2384f34387ac382dd
data/reference/results/robust_v28/2020-04-07/scenario_03/M1_constant.json,2507,bd97c451c8de8889bb7ce0f806529165194da56475753b9ba634d282d2a39472
data/reference/results/robust_v28/2020-04-07/scenario_03/M1_constant.npz,72380,d09eb56af85a6224c39c4cdb3613b42d6dd7d03962c422dc514dc0e684e08198
data/reference/results/robust_v28/2020-04-07/scenario_03/M1_constant_execution.json,1236,fdc573faf4f7806d3d5c66eade85682a71ba7f2eee6ee2ae4aa135e0712ecf8e
data/reference/results/robust_v28/2020-04-07/scenario_03/M1_constant_execution.npz,9413,e86a32fb2a1e8662c7bf3f0d171005cd0bf64c42edde282a0c5c2675da9d8009
data/reference/results/robust_v28/2020-04-07/scenario_03/M4_proposed.json,2498,d9cc40cbfe2dd2536d51a14327615591e3c8d8d2510e489178ea39098be93883
data/reference/results/robust_v28/2020-04-07/scenario_03/M4_proposed.npz,75504,3677eccccfff16d52c6fb8183883d9f16e933f8ac37ef512f82e671b7b6b7d21
data/reference/results/robust_v28/2020-04-07/scenario_03/M4_proposed_execution.json,1938,e9170f75623ad9a8f4dcdd0ee6db821003a92c3edc4989144c73ee20b4f71ffb
data/reference/results/robust_v28/2020-04-07/scenario_03/M4_proposed_execution.npz,1403213,7fb7f91e8597be7126dc101a869520a046fc224e46bfad9d37bb8264a0e35424
data/reference/results/robust_v28/2020-04-07/scenario_03/balanced_full_library.json,1350,d9e70bb8a358d45210f8a7c050364778db5a4247aa063a355990badd752463ae
data/reference/results/robust_v28/2020-04-07/scenario_03/balanced_full_library.npz,74819,f55bf1a0d177e1094d0750d7e7aff4c7642b72e9c774a0d3bfb7c070ff2dc927
data/reference/results/robust_v28/2020-04-07/scenario_03/cells.json,586143,5b944bd2e2badebb5be753b11b2318c4b64c6569968527e8683d452cef080ef6
data/reference/results/robust_v28/2020-04-07/scenario_03/constant_carbon.json,1295,01efc8ea120342bffc4cd0a44b5dd54041746dcd0cae161e0b2583a3aa8701cb
data/reference/results/robust_v28/2020-04-07/scenario_03/constant_carbon.npz,71498,ded9102e87b0e25dfc252a022fb4c8dad1ae465447df25ecf77b490d6485ccfa
data/reference/results/robust_v28/2020-04-07/scenario_03/constant_cost.json,1275,595c67a5ec4169b8c90b1f1077ab4aad0ce95a0d3e76b4a563a613709ec16c24
data/reference/results/robust_v28/2020-04-07/scenario_03/constant_cost.npz,70888,d2650b9a40e64aeaa25947739ae4f651f543c1af065d995db7f03f45e6eb239a
data/reference/results/robust_v28/2020-04-07/scenario_03/constant_curtailment.json,1316,211be4f6ea83bc04cd95f561725c107e809efde729949a26eb69ac32919db070
data/reference/results/robust_v28/2020-04-07/scenario_03/constant_curtailment.npz,71651,c1ec5927cb3790ea4664f674c356c1b9d852c378bb297a094a73b79a0d1b9dd9
data/reference/results/robust_v28/2020-04-07/scenario_03/constant_price25.json,1295,e3f26ff48bdecb59e0338210f004a16a58b04e2ea4ac8ab2e3492c6e8112471b
data/reference/results/robust_v28/2020-04-07/scenario_03/constant_price25.npz,71532,ff6f3d634dc08d2a2f7e76f93707332d1ffc7fd61332cb5e167df6921fd7d941
data/reference/results/robust_v28/2020-04-07/scenario_03/prior_realized_reference/balanced_full_library.json,1350,4b3e3e8d7e2aa01338c732b6d350761cc2df154e7ee5eeeb7af298e5917f44bd
data/reference/results/robust_v28/2020-04-07/scenario_03/prior_realized_reference/balanced_full_library.npz,74828,e42192c34d8984bff9ca8b6c2ca70c28d130920a942433a05cb3bec0e62646a9
data/reference/results/robust_v28/2020-04-07/scenario_03/prior_realized_reference/cells.json,463431,5c09f051f41e28a1dce0a579402deadf3e3ce2a8095e0c54d3cb683c2f55bbe9
data/reference/results/robust_v28/2020-04-07/scenario_03/prior_realized_reference/scenario_adaptive_carbon.json,1294,c0962e46ead2b163dfa41b29ae9c56c1ad0709e7c1de3c7c7684784a47ab4577
data/reference/results/robust_v28/2020-04-07/scenario_03/prior_realized_reference/scenario_adaptive_carbon.npz,74482,1a9699e2d80cceed4959371ec7a329a46b2477de70a56bf06054f048be02c050
data/reference/results/robust_v28/2020-04-07/scenario_03/prior_realized_reference/scenario_adaptive_cost.json,1272,ea448a8b68872c645a166de2bd0efab601455dd9f6e3fd3ab54dbcbac414d612
data/reference/results/robust_v28/2020-04-07/scenario_03/prior_realized_reference/scenario_adaptive_cost.npz,73924,793e9e13fd98cfe04c81db7462e16cffbab4c50b86f13c9f1f4248053d3716ee
data/reference/results/robust_v28/2020-04-07/scenario_03/prior_realized_reference/scenario_adaptive_curtailment.json,1318,b1dd56b43d3406c307f847d492d70e03281a3908c87e526ee8527fde1eb38b6e
data/reference/results/robust_v28/2020-04-07/scenario_03/prior_realized_reference/scenario_adaptive_curtailment.npz,74592,125361e4e61bb407085a84f0fe53a5a9451d1b5b44b97cf8577bcb269faa812e
data/reference/results/robust_v28/2020-04-07/scenario_03/prior_realized_reference/scenario_adaptive_price25.json,1293,0774b299bf38a070c9f81c78cb2c4dabcc81d412eacf53843ca417ca90e33094
data/reference/results/robust_v28/2020-04-07/scenario_03/prior_realized_reference/scenario_adaptive_price25.npz,74489,6de30baf2027d486f07b0eff127be65826fc28d7815908a46d38843364d9f7df
data/reference/results/robust_v28/2020-04-07/scenario_03/recovery_v20_carbon.json,1295,33741e7fc56ee3ab0b4fc03d65662407925e0da733eba7ff9d1d5b46ac448848
data/reference/results/robust_v28/2020-04-07/scenario_03/recovery_v20_carbon.npz,74546,5426c3aa2dcd93f9d882b48eb3b26c0c65421dd2451cd670ba67dec484f560ae
data/reference/results/robust_v28/2020-04-07/scenario_03/recovery_v20_cost.json,1275,26cc8152dd967b5aadd433ee2d75c85e44463c4922fda8a7684907902fbce731
data/reference/results/robust_v28/2020-04-07/scenario_03/recovery_v20_cost.npz,73936,2cdf88ff6bd960fa586ed931565691044d22cf85190ac3a604baa965d867f298
data/reference/results/robust_v28/2020-04-07/scenario_03/recovery_v20_curtailment.json,1297,52803a3214974a9eeee61cd78a7cf32a1da2b28c45b2cd50c38e7f307fd401f6
data/reference/results/robust_v28/2020-04-07/scenario_03/recovery_v20_curtailment.npz,74766,b0868b3564c5fc47b0377f553779cefbf79d3b1cea118363e6861e1acefd3d9b
data/reference/results/robust_v28/2020-04-07/scenario_03/recovery_v20_price25.json,1294,aceb4425f79593770b9950a912d0b71da12c4b71b74ec91c5bb5126e919fbc2b
data/reference/results/robust_v28/2020-04-07/scenario_03/recovery_v20_price25.npz,74596,9424f90fe129bd47825b0c5e8041f949435640683ad7c5b47017f8df1ca9cf03
data/reference/results/robust_v28/2020-04-07/scenario_03/recovery_v21_carbon.json,1294,37b70912c833f2822dd97ab782e921717613ccc18555b0ae5940acf028e264b6
data/reference/results/robust_v28/2020-04-07/scenario_03/recovery_v21_carbon.npz,74694,2d33ed2cbfc081e43b3c4022597951b53352c4ec363b1264d52dedd34b29bd84
data/reference/results/robust_v28/2020-04-07/scenario_03/recovery_v21_cost.json,1273,88a287804dcd2cd03a97dc3e48a8e0b6e9217f7a4ba1f24c7429f1158364820b
data/reference/results/robust_v28/2020-04-07/scenario_03/recovery_v21_cost.npz,73928,146dc4a148a6c55b164a318c4be153baedaff366bfd03b6205279fd33cc1dc11
data/reference/results/robust_v28/2020-04-07/scenario_03/recovery_v21_curtailment.json,1335,244b2c107f180557a7522db6a644428c27d7b4625e068d36276d9b4e7e85d8d1
data/reference/results/robust_v28/2020-04-07/scenario_03/recovery_v21_curtailment.npz,74751,875b6cc1268e1036071e28d7b1dc708f3191f8ba22011aaf8f81933d1edc2e46
data/reference/results/robust_v28/2020-04-07/scenario_03/recovery_v21_price25.json,1295,f24e686632fbb0232777e52dae96451f1873ab402a51622319e601aae6243b03
data/reference/results/robust_v28/2020-04-07/scenario_03/recovery_v21_price25.npz,74688,1aaa8f59fa6bdee7bd6c979a32dbd39765212067cbbf04da4730fcf0cdbb8d09
data/reference/results/robust_v28/2020-04-07/scenario_03/scenario_adaptive_carbon.json,1295,5a5a51c900520d8b53cff98bbd01adf870f269e42c5ed4d366900e53c090ab4e
data/reference/results/robust_v28/2020-04-07/scenario_03/scenario_adaptive_carbon.npz,74463,fa5209701f3c04b25f5365f363b0d7f12bc7ef95ccc1bdb5836b2d8a5791db44
data/reference/results/robust_v28/2020-04-07/scenario_03/scenario_adaptive_cost.json,1275,be856c02deb1af2976427731b9f73465df3c06febda9b04b77679e9caed1de9c
data/reference/results/robust_v28/2020-04-07/scenario_03/scenario_adaptive_cost.npz,73932,5bfca08de53c053cba442f8feacd77d90ced7aa340d7386cc1b08c227bf299c0
data/reference/results/robust_v28/2020-04-07/scenario_03/scenario_adaptive_curtailment.json,1317,9df93648cc6c0a12a620f9726689458e51816d54636076bcc894a30196268f66
data/reference/results/robust_v28/2020-04-07/scenario_03/scenario_adaptive_curtailment.npz,74606,1b1dc7622c004699e209cf6b57219256a4f32c01c3f3a1f053cc4215751a7113
data/reference/results/robust_v28/2020-04-07/scenario_03/scenario_adaptive_price25.json,1294,d9b0361a080a168e67a55a7e19207fe3b47dbca8ed8bbabfe6c20ecd5636876f
data/reference/results/robust_v28/2020-04-07/scenario_03/scenario_adaptive_price25.npz,74554,5fd57bab00d5728c80a0af6f907f6f4fdddb9976aaa81ecf66028693f4c70079
data/reference/results/robust_v28/2020-04-07/scenario_03/v27_library_carbon.json,1371,4943225aefdf43eb514458cbeb048a1cf9d62d2a3dd794de6905628d25ff0af7
data/reference/results/robust_v28/2020-04-07/scenario_03/v27_library_carbon.npz,75139,8c09bed84f976ade07af58c297704ed0d9259ac6493ff7656ddcb3419ad4652e
data/reference/results/robust_v28/2020-04-07/scenario_03/v27_library_cost.json,1331,980fb3455a8abfa10431fe8bf50f8057881458102d59d565a3f2add83ea26ecd
data/reference/results/robust_v28/2020-04-07/scenario_03/v27_library_cost.npz,74225,455624a01cac83f09fac6f8c9b583bda3fd0c272cfdf568042bd4b9c69f9c60d
data/reference/results/robust_v28/2020-04-07/scenario_03/v27_library_curtailment.json,1335,e32e86bafcd4373859de8ae104672ca37748aa6caccfdc0ab3c35d70f0d766b8
data/reference/results/robust_v28/2020-04-07/scenario_03/v27_library_curtailment.npz,74714,ff1a96701e3dcb9b0b97bc8a59c9139a8606777eed98727f767fa620635e8de9
data/reference/results/robust_v28/2020-04-07/scenario_03/v27_library_price25.json,1350,56b8f61a3e7a2fc1f0e1c297587fa474386197aa8c192ca7dab8bceb57aee984
data/reference/results/robust_v28/2020-04-07/scenario_03/v27_library_price25.npz,74799,e9abf7b4e1ac7dafab3f31eb42801b8dad1f7845c8dd56a0fb9cad837fb9f752
data/reference/results/robust_v28/2020-04-07/scenario_03/v27_pattern0_carbon.json,1295,40d9b6016d68b6c155bd9dbfc3b34d6cd50f53bae4785fa757bb31831378a19b
data/reference/results/robust_v28/2020-04-07/scenario_03/v27_pattern0_carbon.npz,74614,896ee9afba74d82305c449bbb6e1764d1407653aaaef594455436fac935bffc9
data/reference/results/robust_v28/2020-04-07/scenario_03/v27_pattern0_cost.json,1272,72761f55ae9ff0633f82176f506ea65e40b77b2d701ebf8fe21747770913bb23
data/reference/results/robust_v28/2020-04-07/scenario_03/v27_pattern0_cost.npz,73898,e287dfee455cb25928745bfe1ff881e27da0ae171f9bf0aeb6efa8270a9e13a8
data/reference/results/robust_v28/2020-04-07/scenario_03/v27_pattern0_curtailment.json,1317,997dcdaa39c0f0fd21c51b506be55bbd6f4fcb4f44423684a094622fdd373bfc
data/reference/results/robust_v28/2020-04-07/scenario_03/v27_pattern0_curtailment.npz,74702,a2daa5dc5038ae121dac2f7b0b8c46e3eb7bbaf46c5bd6090dde3a33d0f0fba6
data/reference/results/robust_v28/2020-04-07/scenario_03/v27_pattern0_price25.json,1297,fe192cc8c9a218619a487bb5f23b4d91147e569ea99b69ef2ddc502d4bca77e9
data/reference/results/robust_v28/2020-04-07/scenario_03/v27_pattern0_price25.npz,74648,773cfb8f419c3fe56f94a699cc3aadc2ad2f68bbc600c6a25f88a8fb594c9076
data/reference/results/robust_v28/2020-04-07/scenario_03/v27_pattern1_carbon.json,1292,ff874134cd6b5d559eb714669af0b86f5ed7372395d2a8ab4331c16398250f15
data/reference/results/robust_v28/2020-04-07/scenario_03/v27_pattern1_carbon.npz,74484,c122835af6a877b6d00e221844b2308e855193505325f8da48e2c55c2ca69169
data/reference/results/robust_v28/2020-04-07/scenario_03/v27_pattern1_cost.json,1275,5b311273370a80f46ac3ea250ce97c2c6ddc76e628bc6067c658f2b8abae08d9
data/reference/results/robust_v28/2020-04-07/scenario_03/v27_pattern1_cost.npz,73953,94f21ccd1213ee3954e426d6c68007927cdb34babc0390db8a6ac3ef9e7972e2
data/reference/results/robust_v28/2020-04-07/scenario_03/v27_pattern1_curtailment.json,1337,de58f5798a416c76a37ec3183632979f9817649aa1b25db1d6bd2d94e83b4743
data/reference/results/robust_v28/2020-04-07/scenario_03/v27_pattern1_curtailment.npz,74702,06b75fc7e3b0be7d6f87a7795f39f827d4c164454c611eb2d525d32472f0b1bd
data/reference/results/robust_v28/2020-04-07/scenario_03/v27_pattern1_price25.json,1295,244aa99a4f11d319bab832c12056a5ba7d1fb8166b701832c4a3c9996050cb1d
data/reference/results/robust_v28/2020-04-07/scenario_03/v27_pattern1_price25.npz,74611,fa727d8a3333ee9e850de98588f3a38404d52b37555d473cd7c2f4edc409d958
data/reference/results/robust_v28/2020-04-07/scenario_03/v27_pattern2_carbon.json,1297,dadebd79f1d32fcf4776c3e8692399f7123677e8b153124d99d6995ee2be508c
data/reference/results/robust_v28/2020-04-07/scenario_03/v27_pattern2_carbon.npz,74704,c92e18f5c834567852030bfb0009921fa6c870b3c322f056888702bdfcb37184
data/reference/results/robust_v28/2020-04-07/scenario_03/v27_pattern2_cost.json,1275,89378a8410ddd6d47c11ff13e75501543c0c18c3c6a15a45223f5c8694d01d14
data/reference/results/robust_v28/2020-04-07/scenario_03/v27_pattern2_cost.npz,73975,879d5acacc3591e8a8d0e443aed11f4b5a1ecca7044987131a62cadd5d091557
data/reference/results/robust_v28/2020-04-07/scenario_03/v27_pattern2_curtailment.json,1318,0bb150431c34c91e9549e4979862392d2350f0edcdc158734dc1ada93c29c924
data/reference/results/robust_v28/2020-04-07/scenario_03/v27_pattern2_curtailment.npz,74662,27218134779efa3f79727bf4963025aae5bad3e0727d92133f6b472712a37d30
data/reference/results/robust_v28/2020-04-07/scenario_03/v27_pattern2_price25.json,1294,b0ec8a8a3407718a63f9145b4f5bc76ee869d82366afdfdf2dce460cf2d623a0
data/reference/results/robust_v28/2020-04-07/scenario_03/v27_pattern2_price25.npz,74690,77e349658262cfd4e21d07aec525d4d5d4bb38f715b2bc30f9631bb45ed88963
data/reference/results/robust_v28/2020-04-07/scenario_03/v27_pattern3_carbon.json,1296,034aeaee2acb8ecd48122e432be57e6834f411478c05068fb14d76ea00daa1cf
data/reference/results/robust_v28/2020-04-07/scenario_03/v27_pattern3_carbon.npz,74534,81ba6cca850d81ce3b7dfb9a7f86bfc49e8584d458c6a3f459265ec712e75878
data/reference/results/robust_v28/2020-04-07/scenario_03/v27_pattern3_cost.json,1274,accd9a9e1b5355d0dc45a349eae709783184c48ae409d03c02c3ae30d06baeff
data/reference/results/robust_v28/2020-04-07/scenario_03/v27_pattern3_cost.npz,74037,6eb94e69053293bd2885b19ac6933f5f3f6727b26937e189781f42e0410c4402
data/reference/results/robust_v28/2020-04-07/scenario_03/v27_pattern3_curtailment.json,1338,6ed108dc58468de881aa9ed01dd5218893f2b2ade3fd575c9f4ce53a98a5d069
data/reference/results/robust_v28/2020-04-07/scenario_03/v27_pattern3_curtailment.npz,74713,a8580c754892144aa25f49527e55b609cb896bb179cea7a8ea0061c290d0cd25
data/reference/results/robust_v28/2020-04-07/scenario_03/v27_pattern3_price25.json,1297,4684577f9f2ce3bf0921b1fb19c22659598cd88cc92f8bc1051e1728e35524cf
data/reference/results/robust_v28/2020-04-07/scenario_03/v27_pattern3_price25.npz,74560,39defbd08978b535c3a52ea5bd00d75deb049844a6a4a1aceef04ec8bfe44b3f
data/reference/results/robust_v28/2020-04-07/scenario_03/v28_library_balanced.json,1333,87a3a5e50b3834de4a44904a692843ca8b138a0ef343d23d922549ff4c93b32c
data/reference/results/robust_v28/2020-04-07/scenario_03/v28_library_balanced.npz,74793,09a5f834848b29c498b3654e47f97e86f6d1be2a141fbeaab352491bee1696d6
data/reference/results/robust_v28/2020-04-07/scenario_03/v28_library_carbon.json,1349,1c5ac90224581809857bd8130a192890cb279e9c71bb6996b81f1513a2692fcc
data/reference/results/robust_v28/2020-04-07/scenario_03/v28_library_carbon.npz,74699,94c5b811c27f5db5b92da057cb3184e8bae93c6ec8d08a8151f93d514ee54ad7
data/reference/results/robust_v28/2020-04-07/scenario_03/v28_library_cost.json,1328,42640de251fbce70196fd9e8f36c7e999b77e392764ddf64a911f61221594337
data/reference/results/robust_v28/2020-04-07/scenario_03/v28_library_cost.npz,74150,fdf9378a43bd50ca43d5da009e36e94b8c433d68c45b6fd4b261fbcac7ee47c5
data/reference/results/robust_v28/2020-04-07/scenario_03/v28_library_curtailment.json,1359,c71de4172a9f4813935158fd952a624cd049f4a03eb22db376c8de3d1819385c
data/reference/results/robust_v28/2020-04-07/scenario_03/v28_library_curtailment.npz,74784,e9db143068bf5ec5775643c887c5b1b036d6c6442d6c71ca68df8bbfa2bd35da
data/reference/results/robust_v28/2020-04-07/scenario_03/v28_library_price25.json,1350,6aa19e7756014a0e5637b2377d2d4769e29278d3e17422d811ee7b47cc5d476f
data/reference/results/robust_v28/2020-04-07/scenario_03/v28_library_price25.npz,74746,3e290414011413f67c389879e65deea6157be22ee13c04e758dfd095bf438d43
data/reference/results/robust_v28/2020-04-07/scenario_03/v28_pattern0_balanced.json,1296,7e530a563242acdab87f058e440e751f3666bdd18f6d5bbce183dc94508ad09d
data/reference/results/robust_v28/2020-04-07/scenario_03/v28_pattern0_balanced.npz,74533,285852304a119a06b4ef74fb779fe63bf416503438b5378f18b1939f4b0587a3
data/reference/results/robust_v28/2020-04-07/scenario_03/v28_pattern0_carbon.json,1292,80622f27611b410f3ba067f20414d7bfda9924a6d316e19f4f115622a4547a86
data/reference/results/robust_v28/2020-04-07/scenario_03/v28_pattern0_carbon.npz,74532,adf17d210da93f39801d5e1059de7e5a0b9dc0267d596c8cc434413ca20fd0dd
data/reference/results/robust_v28/2020-04-07/scenario_03/v28_pattern0_cost.json,1273,4b672b2d18c624a9f2c94f30744183dd6fce41ed3ad8dbcac051e1dff9c0297d
data/reference/results/robust_v28/2020-04-07/scenario_03/v28_pattern0_cost.npz,74016,3053cd87e632925a32cfe914ce66c1d1716f95d413c669a6d212fa2e3ef7b8c1
data/reference/results/robust_v28/2020-04-07/scenario_03/v28_pattern0_curtailment.json,1317,ffc89615699563fa9c75eda0a70e272efa81ef3a32ffb1dbe2e6f7fbd3b04a81
data/reference/results/robust_v28/2020-04-07/scenario_03/v28_pattern0_curtailment.npz,74727,91b1db6232305332a446d1ea820ec5061ca77847cda00d401ee4facf9fd21c3c
data/reference/results/robust_v28/2020-04-07/scenario_03/v28_pattern0_price25.json,1296,4cb5e24f6b1a05a2d15e14c22d2cbb33c802ed7746703ad7c2002bf16d2c1890
data/reference/results/robust_v28/2020-04-07/scenario_03/v28_pattern0_price25.npz,74683,670010b38b1225e0f10c0a4c5af3973b687b6e5071296a430494a1df1821c3a3
data/reference/results/robust_v28/2020-04-07/scenario_03/v28_pattern1_balanced.json,1297,1550496283a850f57c8af5635c5c339148665df20cac25d2c89b39f18d0a5682
data/reference/results/robust_v28/2020-04-07/scenario_03/v28_pattern1_balanced.npz,74644,ed0c24d6437229f455e7f3256d65e7892c53ec6361d5d6dbda6ee1d9b94591be
data/reference/results/robust_v28/2020-04-07/scenario_03/v28_pattern1_carbon.json,1294,bcbf7833451b282b8333216ff565d63553774e3f1bb4a9d05661e1261f911e5a
data/reference/results/robust_v28/2020-04-07/scenario_03/v28_pattern1_carbon.npz,74559,68bfd232814cfb8b2039a2210db73827fef5232beac90de974505376ddc28a36
data/reference/results/robust_v28/2020-04-07/scenario_03/v28_pattern1_cost.json,1275,aa7c53c7d02e083e019adb79c73f663102532902426fb1eb113ac122b08bbae2
data/reference/results/robust_v28/2020-04-07/scenario_03/v28_pattern1_cost.npz,73979,18a6a623b88b032bde05b0231df9ebc13c9ad517bc2e5db20e335adf38fb1a16
data/reference/results/robust_v28/2020-04-07/scenario_03/v28_pattern1_curtailment.json,1338,8fe022792898be5cc518627e4f39add237ac1392232fe8f4098bbed9ef4214d0
data/reference/results/robust_v28/2020-04-07/scenario_03/v28_pattern1_curtailment.npz,74675,133af1eea7864671b7cf1e1136a137ec86662a04bc5a08c289fb2530a25de82b
data/reference/results/robust_v28/2020-04-07/scenario_03/v28_pattern1_price25.json,1295,232fe449fd1d32db86071ab9b4a0ae8cad68e34ffd8ed0fec7d9d4c4c297a5e1
data/reference/results/robust_v28/2020-04-07/scenario_03/v28_pattern1_price25.npz,74653,5c7f2d56f7fb5e376f0ae28bcd2475043a090d097a8b056c9f90d1e161599bae
data/reference/results/robust_v28/2020-04-07/scenario_03/v28_pattern2_balanced.json,1295,4420dbd9f2089d7be22862bea359dca8ff1e2e935eeca208c49313b215555b7b
data/reference/results/robust_v28/2020-04-07/scenario_03/v28_pattern2_balanced.npz,74598,3eb8ff78447e4f77efef6d2cb875817c0c4c169c7c9717ebd1643a5c2d6154d2
data/reference/results/robust_v28/2020-04-07/scenario_03/v28_pattern2_carbon.json,1296,5e33d046c147f8401b2ec60763f7df4ee6e3edb615a0b899cf64b905e219857d
data/reference/results/robust_v28/2020-04-07/scenario_03/v28_pattern2_carbon.npz,74540,38818851e76732862174a0fdfe290bdf85cdeb7404ae3dab6b7844ed8740d700
data/reference/results/robust_v28/2020-04-07/scenario_03/v28_pattern2_cost.json,1274,6e02dd548f6dd8e4910fb12641726876745ae41d046f38e76e88a1ea5314bb53
data/reference/results/robust_v28/2020-04-07/scenario_03/v28_pattern2_cost.npz,74049,32abd77791f5446324ae7d1ac2489dd76386c5dfd3867aa53f28d61b30e3027b
data/reference/results/robust_v28/2020-04-07/scenario_03/v28_pattern2_curtailment.json,1315,f13931c74fbd25ca9c032dc4a5e7916070d301339f7d60ac70169385f3aa3b55
data/reference/results/robust_v28/2020-04-07/scenario_03/v28_pattern2_curtailment.npz,74620,8775837c43bf85eef236baaa4e3c2e758a82b0fc115ee80b4220b739bf3c86fd
data/reference/results/robust_v28/2020-04-07/scenario_03/v28_pattern2_price25.json,1295,7ba6e33ea3562468cc2249a981b884b90b4be2c4dde68872b60e1a91bad843a6
data/reference/results/robust_v28/2020-04-07/scenario_03/v28_pattern2_price25.npz,74685,2e3c970bd1b9312c25626aca9027416da5b26255512c21e97dc8593b76c3b540
data/reference/results/robust_v28/2020-04-07/scenario_03/v28_pattern3_balanced.json,1296,0e2735e0722d552682888becaa047986b8a9d5a32667deb9dd091f16755acbf3
data/reference/results/robust_v28/2020-04-07/scenario_03/v28_pattern3_balanced.npz,74676,6854862510403b521876d45f2eed7c02f7bc545f976bb3bcbd0777e0cadfe523
data/reference/results/robust_v28/2020-04-07/scenario_03/v28_pattern3_carbon.json,1295,67546c358181fd272be15ec517f3a4bfacb63b55a9b33b50018993b4cf290ca7
data/reference/results/robust_v28/2020-04-07/scenario_03/v28_pattern3_carbon.npz,74603,d6471002ea9a23ac82a84ac056ddcebd36e955634ef3ba765137370b94aeab44
data/reference/results/robust_v28/2020-04-07/scenario_03/v28_pattern3_cost.json,1274,5f57dfebf1efde549090a1fc210d66305f802f4aa04e0aa6beeca9fe6639e5f3
data/reference/results/robust_v28/2020-04-07/scenario_03/v28_pattern3_cost.npz,73995,ef891c42136d14836b154f99c414b3f2d0d468478e3f18c9e3648e219587c8ee
data/reference/results/robust_v28/2020-04-07/scenario_03/v28_pattern3_curtailment.json,1318,beb8319a5fa36c96d04a56e24f9782b18a7fa3262d5cbfb4ea115f659510637a
data/reference/results/robust_v28/2020-04-07/scenario_03/v28_pattern3_curtailment.npz,74758,6b65752572707a255a8067d6a222fde8e52c6e4b81a6836050593f01a1589f5f
data/reference/results/robust_v28/2020-04-07/scenario_03/v28_pattern3_price25.json,1294,25a66870a54ae2515b1458053267a4a378f33d8b12e84785bfbc518c00463982
data/reference/results/robust_v28/2020-04-07/scenario_03/v28_pattern3_price25.npz,74647,b1dde6c0ee899be590af2a9a579bb34aa7a3fba3ff6fe5fc60327a91758b4b9e
data/reference/results/robust_v28/2020-04-07/scenario_03/v28_pattern4_balanced.json,1296,d72092e59047bc8a9f63fb8baeebb333d8bfef1c675b1d742e1f5220b1246cf5
data/reference/results/robust_v28/2020-04-07/scenario_03/v28_pattern4_balanced.npz,74589,62800551a6a40768c790bf39071c381b422f371b05e2907c0d08304bfa4a8f81
data/reference/results/robust_v28/2020-04-07/scenario_03/v28_pattern4_carbon.json,1294,5eda6ac70061e917c1d801b79877bde17404222eb45dafe93e1ee29f29b79708
data/reference/results/robust_v28/2020-04-07/scenario_03/v28_pattern4_carbon.npz,74537,9981c7d9be5501de8b4222f6a5bb46b0a61d1217459fc2c219e37371028eb63c
data/reference/results/robust_v28/2020-04-07/scenario_03/v28_pattern4_cost.json,1274,06bab34af8ad3397fff7c0e6e2dff851f874df0240ce1516aeeaad8078db1207
data/reference/results/robust_v28/2020-04-07/scenario_03/v28_pattern4_cost.npz,74015,4caeca1313b56210284d7768a446320e3492ad71ed1cd26b3cb63d1740d8f6c4
data/reference/results/robust_v28/2020-04-07/scenario_03/v28_pattern4_curtailment.json,1318,064eb3f53928b896ad1d8aff5640d21f6243aafa64f7f2b634b38247bf702804
data/reference/results/robust_v28/2020-04-07/scenario_03/v28_pattern4_curtailment.npz,74819,3034a78d28eba536e8eb3c817cf6473a53842ab66fdce481e05866631d80e346
data/reference/results/robust_v28/2020-04-07/scenario_03/v28_pattern4_price25.json,1296,fab739f9500b8a1a6f7a21fb33160b47f68c6029977eff9a71d278a559c0cd65
data/reference/results/robust_v28/2020-04-07/scenario_03/v28_pattern4_price25.npz,74599,5bee91a80fa9291284c3d00881c35e9e45ed885abe8ea61b03c45cdd3cfc68d6
data/reference/results/robust_v28/2020-04-07/scenario_04/M1_constant.json,2558,60de51cf3954c396bd060004bceeb872f8553c275932d40a2758c541f9883efd
data/reference/results/robust_v28/2020-04-07/scenario_04/M1_constant.npz,72877,d30d230e332c0af378c440d20ccf18b1560302a91f017374c6e5ace0105be6e5
data/reference/results/robust_v28/2020-04-07/scenario_04/M1_constant_execution.json,1236,fdc573faf4f7806d3d5c66eade85682a71ba7f2eee6ee2ae4aa135e0712ecf8e
data/reference/results/robust_v28/2020-04-07/scenario_04/M1_constant_execution.npz,9413,e86a32fb2a1e8662c7bf3f0d171005cd0bf64c42edde282a0c5c2675da9d8009
data/reference/results/robust_v28/2020-04-07/scenario_04/M4_proposed.json,2431,736f99bc1700e31d1630d7d36102c38de3eb387ed122b0b5a41247a2715e9cf6
data/reference/results/robust_v28/2020-04-07/scenario_04/M4_proposed.npz,75435,732e4379afe26a85780532a421e29844b698ca5cf89d70a5e449ad8c15170663
data/reference/results/robust_v28/2020-04-07/scenario_04/M4_proposed_execution.json,1884,a3de76355ff22eb6c061dc5163bb606552aab2d63d815020262757d70676f214
data/reference/results/robust_v28/2020-04-07/scenario_04/M4_proposed_execution.npz,1401599,c6d36f7615019a10a994ee9bbce04fd19210e6bc2c3c2542fe8c95b65c7b0b79
data/reference/results/robust_v28/2020-04-07/scenario_04/balanced_full_library.json,1333,f8ec5e561903cf76411a37e048bab88f94e2596cc350d26e9ba825e6e835501b
data/reference/results/robust_v28/2020-04-07/scenario_04/balanced_full_library.npz,75100,c6e3710194cb897db6fd2693a99f6175f4631e2827996493aff6417f602dbd35
data/reference/results/robust_v28/2020-04-07/scenario_04/cells.json,1401420,183d5b07193c53e474ccfa91694f862a86a255dc7e26a9f5aa5c7bd9dc9a0a83
data/reference/results/robust_v28/2020-04-07/scenario_04/constant_carbon.json,1294,71ba0ebf0444a63e1f1a1b0d6313d491adf2b1ee1599741b4e745e0587b1c2e8
data/reference/results/robust_v28/2020-04-07/scenario_04/constant_carbon.npz,71890,d8acf02b8ded31324a2bc542fb9b567ac64b372128c9b587bd13a8bdc1e84238
data/reference/results/robust_v28/2020-04-07/scenario_04/constant_cost.json,1291,76cd0e8b1189a298a26fa59c2886d40437ffbdb9509744d3f033cbf220dde863
data/reference/results/robust_v28/2020-04-07/scenario_04/constant_cost.npz,71169,973530c596aa30ad476e2e518c8574ad4243d634409ca5fe9a8ad295822b19dc
data/reference/results/robust_v28/2020-04-07/scenario_04/constant_curtailment.json,1354,031e17bbfd32b467bc059f189c3d33dcaf70be558aa0a369f7f478d4b05297df
data/reference/results/robust_v28/2020-04-07/scenario_04/constant_curtailment.npz,71895,350a699d408b2b751731f807e1451889e900bad277ad5bc76646d82decd8b8cd
data/reference/results/robust_v28/2020-04-07/scenario_04/constant_price25.json,1296,b4a0731e143bde84a72dfc23dbc78463faeff661ce6feed214e8bc935e0cebe2
data/reference/results/robust_v28/2020-04-07/scenario_04/constant_price25.npz,71809,6f512673e998d13810c0935c8ca81fb0f54c7b5dba198521e8c44625b7206f66
data/reference/results/robust_v28/2020-04-07/scenario_04/prior_realized_reference/balanced_full_library.json,1353,1fe226a0325f30c2986839ad8cdc054ee5cd7025a5aa18003e733799372a627c
data/reference/results/robust_v28/2020-04-07/scenario_04/prior_realized_reference/balanced_full_library.npz,75154,489fd46c1d95ca2196b244176d2bec2dc9b640b78261ebfc69b730c2ae2c6386
data/reference/results/robust_v28/2020-04-07/scenario_04/prior_realized_reference/cells.json,529420,af87fb7b38c6c8ede7ebf9aeec3672e6f31747d74343c892f4236891a8afb0ed
data/reference/results/robust_v28/2020-04-07/scenario_04/prior_realized_reference/scenario_adaptive_carbon.json,1314,0099460c0088e006ea34e8929dde6447858c4eba19b262cbe8f21ff15729a25c
data/reference/results/robust_v28/2020-04-07/scenario_04/prior_realized_reference/scenario_adaptive_carbon.npz,74999,097ad6d38a2fed3fc6b10fa74a51e2f026d7c48d84a864c98dcd49e1d5ecb1e4
data/reference/results/robust_v28/2020-04-07/scenario_04/prior_realized_reference/scenario_adaptive_cost.json,1293,cb5866b8fef0ded87d3e6f93b094de22fc156be481f18adb7944f01674260e02
data/reference/results/robust_v28/2020-04-07/scenario_04/prior_realized_reference/scenario_adaptive_cost.npz,74324,0884f3e768bdcb4b98237ae5a75415fda42c76777eadb826dcab34b62f3eb4af
data/reference/results/robust_v28/2020-04-07/scenario_04/prior_realized_reference/scenario_adaptive_curtailment.json,1318,07cb65fca14724148dae9bf03b17f4cdc43422eda49a024cc198ef84a9f9fb0d
data/reference/results/robust_v28/2020-04-07/scenario_04/prior_realized_reference/scenario_adaptive_curtailment.npz,75030,acdfc34a3583a73251be66c9947b87116b5417cee9bb3bbda920eb2f7b5afd0f
data/reference/results/robust_v28/2020-04-07/scenario_04/prior_realized_reference/scenario_adaptive_price25.json,1312,aed1524db216d82cc52790f39ccfc9761171fc17eb9effb96b64ca1794cfc2ac
data/reference/results/robust_v28/2020-04-07/scenario_04/prior_realized_reference/scenario_adaptive_price25.npz,75042,996269ea4f489c371b5a32826103facd00db49d05d14f4618ce447570a5d9602
data/reference/results/robust_v28/2020-04-07/scenario_04/recovery_v20_carbon.json,1293,523fc160f64b44953c88081c372b3cdfff3401b988e4fe229d0ee5b1c73db7d3
data/reference/results/robust_v28/2020-04-07/scenario_04/recovery_v20_carbon.npz,74985,5d5a18b5901f1b00f391d14ce3c3d1b4d48924371d5a8c645f3c9822dc7dc716
data/reference/results/robust_v28/2020-04-07/scenario_04/recovery_v20_cost.json,1291,16840940df69b720fe0aa1e28d1f562f29a60f029a3fdc21595d9353625471d4
data/reference/results/robust_v28/2020-04-07/scenario_04/recovery_v20_cost.npz,74311,68b4a578f355edf355cda29e1fe0c88cf1ce54443370643a612d7a3dedf15aac
data/reference/results/robust_v28/2020-04-07/scenario_04/recovery_v20_curtailment.json,1338,c935175b91ab72b761e824ffe5ac235010cdd2169b7bc042422071df5403812f
data/reference/results/robust_v28/2020-04-07/scenario_04/recovery_v20_curtailment.npz,74827,27defca16160592008ced415e1cbda16999183f2db509a2eff59de9aa2af4420
data/reference/results/robust_v28/2020-04-07/scenario_04/recovery_v20_price25.json,1294,68df0d7bf8115db1844d95ed08a759bf1d5236031c09b5094812b3dfcd96d4e5
data/reference/results/robust_v28/2020-04-07/scenario_04/recovery_v20_price25.npz,74935,1472b982db05f706e2a27814be57a255c5ed4f77766b1b3348aa43ae6a51e0ba
data/reference/results/robust_v28/2020-04-07/scenario_04/recovery_v21_carbon.json,1314,57e10e1bba2f3c7f24ff13f0ae54a1c12937c1cf0ae72aa6be34ce04a7cd4dcf
data/reference/results/robust_v28/2020-04-07/scenario_04/recovery_v21_carbon.npz,75029,c8b86921b2c7c022cad198403055c9b20d05ed315a3ce39748857a6859a3553d
data/reference/results/robust_v28/2020-04-07/scenario_04/recovery_v21_cost.json,1294,6b041a68d816841df84d149ae061b3947b0baea04f36ebf9fe6bfaff6479321b
data/reference/results/robust_v28/2020-04-07/scenario_04/recovery_v21_cost.npz,74209,bfe14cead09ecd60fbfde110c60d9a603d051331dc6414a0bac3a63126745414
data/reference/results/robust_v28/2020-04-07/scenario_04/recovery_v21_curtailment.json,1340,03a3da1eaee77bd121fca0b481d06d64baef94435a5e22b4ccba7bfc99e3f498
data/reference/results/robust_v28/2020-04-07/scenario_04/recovery_v21_curtailment.npz,75054,9b5cdb7e2444cb3166e34fda1ccf8302327ffdb79c1c5d03a1b3653995390f4e
data/reference/results/robust_v28/2020-04-07/scenario_04/recovery_v21_price25.json,1314,ddcc703d4dcf7a1c660b0a3af3bb6e356bf755dfc0cb4bd8035bc27b03da2226
data/reference/results/robust_v28/2020-04-07/scenario_04/recovery_v21_price25.npz,75020,bfe2a8c56d37a727ddfb4c8542a4709a1ff948831bef124ad36a694e526a0391
data/reference/results/robust_v28/2020-04-07/scenario_04/scenario_adaptive_carbon.json,1315,e0adfdf86326088645353c76866170c99580b1c9f103c2397f5ba051658828eb
data/reference/results/robust_v28/2020-04-07/scenario_04/scenario_adaptive_carbon.npz,74999,097ad6d38a2fed3fc6b10fa74a51e2f026d7c48d84a864c98dcd49e1d5ecb1e4
data/reference/results/robust_v28/2020-04-07/scenario_04/scenario_adaptive_cost.json,1293,4c256ee1417a8a3fb1b5fd049ac422bfcd0b5ef178fe7a6f7e11d31767bc784d
data/reference/results/robust_v28/2020-04-07/scenario_04/scenario_adaptive_cost.npz,74324,0884f3e768bdcb4b98237ae5a75415fda42c76777eadb826dcab34b62f3eb4af
data/reference/results/robust_v28/2020-04-07/scenario_04/scenario_adaptive_curtailment.json,1319,9cd11a5091311766c8eea7e570b370686086240e4ca5da08f8d6aa586daa3980
data/reference/results/robust_v28/2020-04-07/scenario_04/scenario_adaptive_curtailment.npz,75030,acdfc34a3583a73251be66c9947b87116b5417cee9bb3bbda920eb2f7b5afd0f
data/reference/results/robust_v28/2020-04-07/scenario_04/scenario_adaptive_price25.json,1312,12644a9c686d0e1c0266f5a1bebdf3742023cb81a94b0dc5678b8930e6a94ed1
data/reference/results/robust_v28/2020-04-07/scenario_04/scenario_adaptive_price25.npz,75042,996269ea4f489c371b5a32826103facd00db49d05d14f4618ce447570a5d9602
data/reference/results/robust_v28/2020-04-07/scenario_04/v27_library_carbon.json,1369,ad15f81f45ef7f9f5244b248bdf33994694ecbced20afe78e2b1a58b218f1da3
data/reference/results/robust_v28/2020-04-07/scenario_04/v27_library_carbon.npz,75111,aa884cb052e93698c9a2750415a69d1cefe11a7e098754f4b100f96070aa0b37
data/reference/results/robust_v28/2020-04-07/scenario_04/v27_library_cost.json,1331,385b316d28ef8fe4fe8de22581d3d4bf590e4762abf0c418e368654a93cbcd09
data/reference/results/robust_v28/2020-04-07/scenario_04/v27_library_cost.npz,74687,1c015efd401f491968f1b97b9ee4ccf0360d7750620bd0decba603e58834be72
data/reference/results/robust_v28/2020-04-07/scenario_04/v27_library_curtailment.json,1338,a193dedde4a2be42544431491bd958d400b6268705e1c2229a17b54e8916d537
data/reference/results/robust_v28/2020-04-07/scenario_04/v27_library_curtailment.npz,74975,ebf6d464eb17339f61f7e4ede2f05602c663d64550fe37d1e253989ee8a3b8b5
data/reference/results/robust_v28/2020-04-07/scenario_04/v27_library_price25.json,1353,ef4ee07958810263273df436a451b8708f8c508e0737fd555b59667c4b5f0cf6
data/reference/results/robust_v28/2020-04-07/scenario_04/v27_library_price25.npz,75142,41e9a35ea71822c08157c4987a83d8f4701336dc19240a9b4a250a93fc64fe92
data/reference/results/robust_v28/2020-04-07/scenario_04/v27_pattern0_carbon.json,1315,f9a584b640add794c3b041a519df3d8970224e8bece704d9bffc2b9d11bea2a1
data/reference/results/robust_v28/2020-04-07/scenario_04/v27_pattern0_carbon.npz,74968,5e61281b5f78a807013933dbed88a026d4c72e8aaad85d0a52be8d1905eba449
data/reference/results/robust_v28/2020-04-07/scenario_04/v27_pattern0_cost.json,1294,db583878000388027517d58506b66a834e5effc27b2ffb0e2839311facb7bdfe
data/reference/results/robust_v28/2020-04-07/scenario_04/v27_pattern0_cost.npz,74229,d0a04f96389b33ceb65b3fd800318c24612a5259480dc560d6fa97e491e2bd2e
data/reference/results/robust_v28/2020-04-07/scenario_04/v27_pattern0_curtailment.json,1322,0e347925e86efe64f8460177d877501ac314a781e35bb58da24bc1c24a95c579
data/reference/results/robust_v28/2020-04-07/scenario_04/v27_pattern0_curtailment.npz,74987,e13886c7e3365485e12cfa162c90d82c0613bc455e9b4cbd107e44fac02760b7
data/reference/results/robust_v28/2020-04-07/scenario_04/v27_pattern0_price25.json,1315,0eb33745518ceaba93906bf22eb4bc157458c80ecbaf8bcefe711d71874ba179
data/reference/results/robust_v28/2020-04-07/scenario_04/v27_pattern0_price25.npz,74990,d90461435c8c21a96155fa2b02a44b9ceaf6cfd159cfb0b0578886e4e830fcee
data/reference/results/robust_v28/2020-04-07/scenario_04/v27_pattern1_carbon.json,1314,e4a09eb5a2d2b75a0b25cb169fab7307247b433429d25b912b41cbb141c47bf5
data/reference/results/robust_v28/2020-04-07/scenario_04/v27_pattern1_carbon.npz,74999,097ad6d38a2fed3fc6b10fa74a51e2f026d7c48d84a864c98dcd49e1d5ecb1e4
data/reference/results/robust_v28/2020-04-07/scenario_04/v27_pattern1_cost.json,1293,255d769a6571aac48d4e3d0faacf69f8ffb2a1ecf126c7171f87bf78b07e7039
data/reference/results/robust_v28/2020-04-07/scenario_04/v27_pattern1_cost.npz,74324,0884f3e768bdcb4b98237ae5a75415fda42c76777eadb826dcab34b62f3eb4af
data/reference/results/robust_v28/2020-04-07/scenario_04/v27_pattern1_curtailment.json,1318,ccc236908806db8797f0da235e03ab04b2bdff8cb8c68c737d128f2009ab281f
data/reference/results/robust_v28/2020-04-07/scenario_04/v27_pattern1_curtailment.npz,75030,acdfc34a3583a73251be66c9947b87116b5417cee9bb3bbda920eb2f7b5afd0f
data/reference/results/robust_v28/2020-04-07/scenario_04/v27_pattern1_price25.json,1313,1d6b35831f5ba06c368872530aaf25682d5f359e9bf0ef25c97191b4c58ef1cc
data/reference/results/robust_v28/2020-04-07/scenario_04/v27_pattern1_price25.npz,75042,996269ea4f489c371b5a32826103facd00db49d05d14f4618ce447570a5d9602
data/reference/results/robust_v28/2020-04-07/scenario_04/v27_pattern2_carbon.json,1314,9602156166bfdfd4a77ebc9448f60753e664fe1ef088c629c30f2b15c020aa54
data/reference/results/robust_v28/2020-04-07/scenario_04/v27_pattern2_carbon.npz,75033,46e76783e7794b668c213e6bd5551d08ab121375668c4163ffc7a063f71b8bac
data/reference/results/robust_v28/2020-04-07/scenario_04/v27_pattern2_cost.json,1294,b0706b66f8877b9a8479070d67380e400e67cd27d65b8d50501a00fce4053782
data/reference/results/robust_v28/2020-04-07/scenario_04/v27_pattern2_cost.npz,74121,dbcdb976892ec543515f9d964229080c3a9fbd262d5897f19203c06471b67d6b
data/reference/results/robust_v28/2020-04-07/scenario_04/v27_pattern2_curtailment.json,1358,89018309c25477ecedd72b6b6f13c20b1ac901e27ba93e38259db421b1df88ba
data/reference/results/robust_v28/2020-04-07/scenario_04/v27_pattern2_curtailment.npz,74937,2f8ae7e314a0b44db7ed3ff31b3eb4db21e2c7b2aa94f740f0e30c8dac571751
data/reference/results/robust_v28/2020-04-07/scenario_04/v27_pattern2_price25.json,1313,680c377fabd667afb8cd8bb5bde17e5986f4511080c7dac4b78909d6a556ea5b
data/reference/results/robust_v28/2020-04-07/scenario_04/v27_pattern2_price25.npz,75005,981acce00ceed4eb8ebce833034db1b548e7cc88bed11b82f6bf4c98dd6f694d
data/reference/results/robust_v28/2020-04-07/scenario_04/v27_pattern3_carbon.json,1314,d243201b6129dd0ce3c094cbacfb5d0ff836ef8ebbc80a781845b911302672d8
data/reference/results/robust_v28/2020-04-07/scenario_04/v27_pattern3_carbon.npz,74889,8a2cc01cdae68b2cec8404060bbe7d6e447c6898e0852b26275b7796028e0932
data/reference/results/robust_v28/2020-04-07/scenario_04/v27_pattern3_cost.json,1294,e708cddd1174e18c742d660f2c042b1ba655ce798c540c69e65a15cbb0de680f
data/reference/results/robust_v28/2020-04-07/scenario_04/v27_pattern3_cost.npz,74229,16f77752f4f452c152f3dccb3d253193736d8289b9b4220c91e4eb468c1affe6
data/reference/results/robust_v28/2020-04-07/scenario_04/v27_pattern3_curtailment.json,1360,e76458dd6e24f9a97356ae121ad0128df5be0c2bfd8f9ca5ba698d2bfde726e6
data/reference/results/robust_v28/2020-04-07/scenario_04/v27_pattern3_curtailment.npz,74938,89a8b33db7b38e534834b905fa22ace3b605507db5f79385f03eed881bdfb754
data/reference/results/robust_v28/2020-04-07/scenario_04/v27_pattern3_price25.json,1313,30a6f35ddad4e305609a1e0e60951c189a5f1c34441aa5834fcca502a895edad
data/reference/results/robust_v28/2020-04-07/scenario_04/v27_pattern3_price25.npz,75039,eff7028e555a73ff3abd10cfe54ba7571e905283c12e43d50e1d270fb5f9139a
data/reference/results/robust_v28/2020-04-07/scenario_04/v28_library_balanced.json,1354,d19cc0a57527bf77e93ccbeb787b31468b1ba6a3ffac0bfa11deb869d371bd40
data/reference/results/robust_v28/2020-04-07/scenario_04/v28_library_balanced.npz,75288,fa8d4dd0ad98b63fc542351acaa800c64d00acda1fb82e0b7d982194b9807be9
data/reference/results/robust_v28/2020-04-07/scenario_04/v28_library_carbon.json,1354,c704d631cd47a2be9da783ff860fbb7adfd7c9645176f86eb94935bf9b84d08e
data/reference/results/robust_v28/2020-04-07/scenario_04/v28_library_carbon.npz,74977,8448c80a0782fcd4814db15573285bdaddda3c188403df963d80e2d3eef5dd82
data/reference/results/robust_v28/2020-04-07/scenario_04/v28_library_cost.json,1330,b220c91f28826fe844f7d92b0dcaf0c6cc7bef0382c01feb7a1b355104070e7a
data/reference/results/robust_v28/2020-04-07/scenario_04/v28_library_cost.npz,74453,e0d7527949238ec178559ddcb92b0b17d509dd5415810eaa2ff623176e1119f9
data/reference/results/robust_v28/2020-04-07/scenario_04/v28_library_curtailment.json,1377,d0d7186bccf68bb7bb1e6b0804fe0b894d9d30772a1f9a7269f37558524d1615
data/reference/results/robust_v28/2020-04-07/scenario_04/v28_library_curtailment.npz,75110,4c5cbf4a7f97873e6d4e521daf0c9d99c8ba15c2d3e3bdee77d4d72f2f57865c
data/reference/results/robust_v28/2020-04-07/scenario_04/v28_library_price25.json,1352,85e6c9f6ba2228be73da23309046bec6455e2e99468f27983c3e5513dee052b1
data/reference/results/robust_v28/2020-04-07/scenario_04/v28_library_price25.npz,75233,98269ec23ad94a13d8e48727c2f63ca8dbf7e20bc4f86de14d162433a0142567
data/reference/results/robust_v28/2020-04-07/scenario_04/v28_pattern0_balanced.json,1294,92ac00b0449b492eed49a76df7f862801c7731702e6f87c4d42c0fc0e6b6b225
data/reference/results/robust_v28/2020-04-07/scenario_04/v28_pattern0_balanced.npz,75166,4fcf13bdf788adcc45c21b045336510dc1d96b783af1175ac75d151ba29ea703
data/reference/results/robust_v28/2020-04-07/scenario_04/v28_pattern0_carbon.json,1294,9b73b6cebf8242ff1ccb6b80eecd5a66ba5a70f61ded320b4bb834ecc350a6d0
data/reference/results/robust_v28/2020-04-07/scenario_04/v28_pattern0_carbon.npz,74941,c171db8c803d8a1a6a95cda220b41204e74e9068369054dd3d77095190ea2251
data/reference/results/robust_v28/2020-04-07/scenario_04/v28_pattern0_cost.json,1293,a032ef30f814b267c26b2aba7b0da301f3bdc04d598fd390ce8f6351cb8c2af6
data/reference/results/robust_v28/2020-04-07/scenario_04/v28_pattern0_cost.npz,74350,91d0b8380e6886486169c4e7199b82e1b1ea3afa5c9389b721fd89fa0f36f8af
data/reference/results/robust_v28/2020-04-07/scenario_04/v28_pattern0_curtailment.json,1322,0e15cdb67788809e65bc6e49807b4bba47fa09b7f05e71e5401741fb6c796d38
data/reference/results/robust_v28/2020-04-07/scenario_04/v28_pattern0_curtailment.npz,74938,724ae22bcb02175029ba15b30871aa6333eff339b5f8dd6b87742698a248aec2
data/reference/results/robust_v28/2020-04-07/scenario_04/v28_pattern0_price25.json,1312,c5b0cd3291e46e360ffa6f6ab2c04532145b30a83773fd064c221e7f9601293a
data/reference/results/robust_v28/2020-04-07/scenario_04/v28_pattern0_price25.npz,75006,66256f51b622e201707d496dbe51f40d4bcf13d2d0d7badce0bb597dad0a31a1
data/reference/results/robust_v28/2020-04-07/scenario_04/v28_pattern1_balanced.json,1314,7c97da21afccffa897c16aa82748afafdc6a67b26253884d99f4634d7a1c1d14
data/reference/results/robust_v28/2020-04-07/scenario_04/v28_pattern1_balanced.npz,75080,d29c94a9e5cb6a9e6ef09a4e45c94aee43feaa4ead3d316ddbbbba0636c63cd1
data/reference/results/robust_v28/2020-04-07/scenario_04/v28_pattern1_carbon.json,1295,8d594bc9739a7c16627c6e7b2471f5abb2413d41bbae22151355c25f2bbde7da
data/reference/results/robust_v28/2020-04-07/scenario_04/v28_pattern1_carbon.npz,75004,8cf63e6f027dd3d6ccfb3e33e72c70febf0f7c1d78550a2e69cc65f2efae4601
data/reference/results/robust_v28/2020-04-07/scenario_04/v28_pattern1_cost.json,1292,13b0f86bdb47411ed2f4ec8e16c93b420617ef7233dfb979f40443c151e55c55
data/reference/results/robust_v28/2020-04-07/scenario_04/v28_pattern1_cost.npz,74290,1abb010a9a92eabcc6a423f33b8867ede09fa4ce82f72bad1504bda4efa4305d
data/reference/results/robust_v28/2020-04-07/scenario_04/v28_pattern1_curtailment.json,1340,0a7f0780f4f694fa20c4764433dbd5cbe6dd3e6512141bb6c3846eae68303a7d
data/reference/results/robust_v28/2020-04-07/scenario_04/v28_pattern1_curtailment.npz,74946,c94e27afb60bdc3ebc7830048e527afe599fc25406fbcfcabefef8b116b4021c
data/reference/results/robust_v28/2020-04-07/scenario_04/v28_pattern1_price25.json,1315,c3f0717ff80b2896ece840036d1594d04a49e5ab7f0949652122063f327307ea
data/reference/results/robust_v28/2020-04-07/scenario_04/v28_pattern1_price25.npz,74979,632ff935f17182a87e1d9f2947f7df2e0217629ce6525aa25b6cd51051d83ffb
data/reference/results/robust_v28/2020-04-07/scenario_04/v28_pattern2_balanced.json,1296,d2152e347569fb9ddfdca09745131afbc2a2dea5fb854ecfe5cbd18341079743
data/reference/results/robust_v28/2020-04-07/scenario_04/v28_pattern2_balanced.npz,75041,a5b3599be50a441c1af446e4b87c51c0e5a788e2f0ce3d91dff11433afdc1da9
data/reference/results/robust_v28/2020-04-07/scenario_04/v28_pattern2_carbon.json,1313,d980d249c3b4a06a77c2b1738464ebbfcb76949650068be1b45668ca62844d74
data/reference/results/robust_v28/2020-04-07/scenario_04/v28_pattern2_carbon.npz,74928,412623955e96c1dc8291eba32eba3d239a8715a5129e0d03cd77a2e3901e3601
data/reference/results/robust_v28/2020-04-07/scenario_04/v28_pattern2_cost.json,1292,f9951f0a81d0879cefebedc77657d98a7c0d109f919d13456e87a75890b50430
data/reference/results/robust_v28/2020-04-07/scenario_04/v28_pattern2_cost.npz,74311,1ca1dff62852e5b19afcd63a50204abfde2bb627f856516f731b17cc6f26d122
data/reference/results/robust_v28/2020-04-07/scenario_04/v28_pattern2_curtailment.json,1356,d5a46cead4e7657b6f4f64f82352476eba17e2cfccea69f1c47b0fae76b7ae39
data/reference/results/robust_v28/2020-04-07/scenario_04/v28_pattern2_curtailment.npz,75091,b37893fcb3f1589a14b7d562270b751a66758e31c8e9a60825c70b366d851908
data/reference/results/robust_v28/2020-04-07/scenario_04/v28_pattern2_price25.json,1314,e3f185cd695e1b0541f47202a257a676b962440533ec63d3a46d5aae4b1bf2d5
data/reference/results/robust_v28/2020-04-07/scenario_04/v28_pattern2_price25.npz,74917,0df4a6cf31c10e678940d860d12e469622580b9c1bf3895ddbc00749b5d69f5b
data/reference/results/robust_v28/2020-04-07/scenario_04/v28_pattern3_balanced.json,1296,e1422af08e51e12aece0f1234781a5eeb27f2daffb9c7702145b13040bffa7f0
data/reference/results/robust_v28/2020-04-07/scenario_04/v28_pattern3_balanced.npz,75102,4d14408949aac99f1c37dff0eb2ead711661813b97868bbe43f1ac026fb36110
data/reference/results/robust_v28/2020-04-07/scenario_04/v28_pattern3_carbon.json,1291,a3e21c7ef50c821bff37b7946103c8d8b7e25717f459a66ff3c2559862c76e91
data/reference/results/robust_v28/2020-04-07/scenario_04/v28_pattern3_carbon.npz,74886,5387501c6c0d3b6b0976954c9bf36546a6bdd3a6930c3604f862b75f202d3330
data/reference/results/robust_v28/2020-04-07/scenario_04/v28_pattern3_cost.json,1293,611ba65e13a4a32ff1739ffcfae0984c176271be7a96dd69bee16a8aaba8fbfe
data/reference/results/robust_v28/2020-04-07/scenario_04/v28_pattern3_cost.npz,74360,296d14f240f5fcfce20589988a1f1c4a76e8dcf71b522dea690242ac0086154f
data/reference/results/robust_v28/2020-04-07/scenario_04/v28_pattern3_curtailment.json,1338,c62953c2103fd3cebaf9c45bdf8c0e9a7dd3d5386d66c3b614072a50d1e2996a
data/reference/results/robust_v28/2020-04-07/scenario_04/v28_pattern3_curtailment.npz,74929,bcfcaf9bfdb1b4cd9cfeb0acd7cbc1552153fbe7c2105695544a1cf2a7230a80
data/reference/results/robust_v28/2020-04-07/scenario_04/v28_pattern3_price25.json,1312,0388a5f15df7c17ee782f63dd5300ac91af40e6bb4313aa3068c2494c9f7b530
data/reference/results/robust_v28/2020-04-07/scenario_04/v28_pattern3_price25.npz,75028,61a328f39b4326bacfedfee8ef7955269ac2f602170adc873f6fbf130980d051
data/reference/results/robust_v28/2020-04-07/terminal_inner_verification.json,1206,cac7a7720e57fdd8d2d30294d9ba145a70aea03f7d76e1e1db63c5289cfe4c8b
data/reference/results/robust_v28/2020-04-07/terminal_inner_verification.npz,254,d55f9bab6b787089c5b59546f25a7ed29d6bfda23e49e0d608d1b11400ab193a
data/reference/results/robust_v28/2020-04-07/uncertainty_set_sensitivity.json,1835,43ecbbdb20cc11317f94516a60171381fd1be65c01387eafd8e590007a2d10bd
data/reference/results/robust_v28/2020-04-07/uncertainty_set_sensitivity.npz,22,8739c76e681f900923b900c9df0ef75cf421d39cabb54650c4b9ad19b6a76d85
data/reference/results/robust_v28/2020-10-17/M1_constant_independent_audit.json,2122,6143f5505ba689695952f9de2160f636503b719f3afc5c2bb8ca6d4d4f3e2967
data/reference/results/robust_v28/2020-10-17/M2_common_quota_evaluation.json,124,491318ec8d6a27e921cc4fd9539538a310166303efaf6b2cf0272787693fbc63
data/reference/results/robust_v28/2020-10-17/M2_common_quota_evaluation.npz,495,0a23b9aea37af0176f68302f3e6df81153099b3608554f3ce41c22ac7e1dcf23
data/reference/results/robust_v28/2020-10-17/M2_configuration_audit.json,1083,866ad2f47d2e8a8ee3642f0c1f14d4cae3deb9ed25a19b1eaf0ae9f657c4838b
data/reference/results/robust_v28/2020-10-17/M4_proposed_independent_audit.json,2357,01552cefd4255fc23c9de6b7d9b024d3048b4f074b6a4dc8b81b86cda5107015
data/reference/results/robust_v28/2020-10-17/NCCG.json,10104,d01811d8f3d7359a4b7c90c6038196ca63e366161ad7350a84694ca6684faf33
data/reference/results/robust_v28/2020-10-17/NCCG.npz,471,36517306302d250a5d73b16a3e8ec5758281638bfa18e1419d7fdc9358331519
data/reference/results/robust_v28/2020-10-17/NCCG_before_finite_initialization.json,9157,99cc60955a885cf391730c1f44bcccf02212319e78510062707d71352d1f88e9
data/reference/results/robust_v28/2020-10-17/NCCG_before_finite_initialization.npz,471,c6fadbbce2ce9d33b5b6a3e4dc67d886827a3549610e5bd8c7d707d63727ebfe
data/reference/results/robust_v28/2020-10-17/NCCG_before_tiebreak.json,10440,0a11799813ab9813a16f4885348d10a69fccc6ab4088a0fb76e554959b61d55e
data/reference/results/robust_v28/2020-10-17/NCCG_before_tiebreak.npz,470,4bd6da1b9c4763b41a8dc26e217b703170de98a7b5fabf7c75d129b51cb51d88
data/reference/results/robust_v28/2020-10-17/baselines/scenario_00/COPF_cost.json,1588,9b16d02814ed2cfd27f6eaa079b9d16962a625e6a33b6023c6b80db471072ca4
data/reference/results/robust_v28/2020-10-17/baselines/scenario_00/COPF_cost.npz,83365,df6cd7833fc1e90fcb1b0081f432dbb3456c8a30e2b122e9c750599220266be2
data/reference/results/robust_v28/2020-10-17/baselines/scenario_00/COPF_price25.json,1594,5e5346efd12c9bba8f580c01eee8a491d0a44d84392fd1f73adade653ec32e1c
data/reference/results/robust_v28/2020-10-17/baselines/scenario_00/COPF_price25.npz,87439,8d55d1891e9d8c734a564a79bfefb4775520b7a4c2e7291797a7f53d7d0743ea
data/reference/results/robust_v28/2020-10-17/baselines/scenario_00/Liu2025.json,4680,cc48572a111e506a1882ad0c1fee318eba00640c941655af4112eaf9eda9342e
data/reference/results/robust_v28/2020-10-17/baselines/scenario_00/Liu2025.npz,83653,576791a3d99c0b9f5c6c80c8ed582b9dbd4184ab0c790ab050f1a71e62e97302
data/reference/results/robust_v28/2020-10-17/baselines/scenario_00/Liu2025_execution.json,4704,813b6eade4cf70d7b38950a5a048e7db10d0a022568bbb9096d18212827e5c50
data/reference/results/robust_v28/2020-10-17/baselines/scenario_00/Liu2025_execution.npz,61998,640e129cf0649f9dc68f1d234b094748b8b64176116c699d3bbffea6c8f6f2ac
data/reference/results/robust_v28/2020-10-17/baselines/scenario_00/Liu2025_price25_commands12_native_terminal_free.json,6931,38d1ee365b98f3fbdbd439de9a8081a5d692a3b0445cfecd037cda5a366a2320
data/reference/results/robust_v28/2020-10-17/baselines/scenario_00/Liu2025_price25_commands12_native_terminal_free.npz,74566,a2ec70fe417be58884c1c19d0904183aac08a2acd740af250dd2c0c24a690416
data/reference/results/robust_v28/2020-10-17/baselines/scenario_00/M2_native.json,7137,5421ec92152e866f0482f2cf3e7980c0c53a2331ccbb116dd117372e8a5e4d86
data/reference/results/robust_v28/2020-10-17/baselines/scenario_00/M2_native.npz,73587,f2aa1e049cd1aff7897479b3fdb9694405e2c1cb15ce1595f1130bcfead9dbf5
data/reference/results/robust_v28/2020-10-17/baselines/scenario_00/M2_reference_commands12.json,7167,70856c623cc287a4aad233d27fdcb6c14cf4e0809b395600e846beb94019fd0c
data/reference/results/robust_v28/2020-10-17/baselines/scenario_00/M2_reference_commands12.npz,74566,a2ec70fe417be58884c1c19d0904183aac08a2acd740af250dd2c0c24a690416
data/reference/results/robust_v28/2020-10-17/baselines/scenario_00/M3_native.json,1835,99cf47782b2beed7c988422edf392cf575fe9a38e0a6961d02de8989fd85e6be
data/reference/results/robust_v28/2020-10-17/baselines/scenario_00/M3_native.npz,83365,df6cd7833fc1e90fcb1b0081f432dbb3456c8a30e2b122e9c750599220266be2
data/reference/results/robust_v28/2020-10-17/baselines/scenario_00/fixed_cost.json,1309,360b1ec752c132301bfb6bc6c5d400354d1cf2e7b080e89445411357eb520de1
data/reference/results/robust_v28/2020-10-17/baselines/scenario_00/fixed_cost.npz,67858,e9e423d4db459c4fa8a0c798bae94a654ad28bb78224c72ac109e5134a321ed3
data/reference/results/robust_v28/2020-10-17/baselines/scenario_00/fixed_price25.json,1312,ebf3dec2d91224257201f828228c52bf4436d13a59e9d258af3f640cfe9531a0
data/reference/results/robust_v28/2020-10-17/baselines/scenario_00/fixed_price25.npz,67716,5b51b80d54a511733ec8f7de81147d5ea41cc21c40a66d6065e29f8dc8f3f844
data/reference/results/robust_v28/2020-10-17/baselines/scenario_01/COPF_cost.json,1591,fc89c7a088d2d1d6ae495e3785d92dbb1fe58bf8863b35155190e45062d1acfe
data/reference/results/robust_v28/2020-10-17/baselines/scenario_01/COPF_cost.npz,83158,fdba4b974a4811e08cf2b523452c2b35f60c762cef05a87d8fa364b7103ecc6f
data/reference/results/robust_v28/2020-10-17/baselines/scenario_01/COPF_price25.json,1593,60b227d153df77f58c30c77a39a92598010c2073c38ba3ac55e482897c0a943b
data/reference/results/robust_v28/2020-10-17/baselines/scenario_01/COPF_price25.npz,84292,bcb2666d05f48620fe192f5db75bc59d816d328f73337875bbcf13eaf8874e4d
data/reference/results/robust_v28/2020-10-17/baselines/scenario_01/Liu2025.json,4689,bad7eca33fc450aea6d75e9ccdd0db42a00a81d43a2b035156864e11aefd7a89
data/reference/results/robust_v28/2020-10-17/baselines/scenario_01/Liu2025.npz,80443,8d2ebc4c15f6049f16c060bf1aa2bbbb4d040a9867840f5d7295ca4262946de1
data/reference/results/robust_v28/2020-10-17/baselines/scenario_01/Liu2025_execution.json,4699,5b7983993db24a764a2d94bff1ade6af2ec3066c2e6b404b8111a2f5c4bd159e
data/reference/results/robust_v28/2020-10-17/baselines/scenario_01/Liu2025_execution.npz,64139,5d1097ba639fd4436da354d0410e4aafcb4b664da3f57f304deb68f245bb9255
data/reference/results/robust_v28/2020-10-17/baselines/scenario_01/Liu2025_price25_commands12_native_terminal_free.json,6908,d4bab6fb99341f541cd608c7f6efdda05b7ccda2d5308d17e4530d1ff228719b
data/reference/results/robust_v28/2020-10-17/baselines/scenario_01/Liu2025_price25_commands12_native_terminal_free.npz,77054,fd6edb526902d5220731b083903a1a21acc663e3598e4b139396eb7ddb83573f
data/reference/results/robust_v28/2020-10-17/baselines/scenario_01/M2_native.json,7138,e6c96a96d7a1fa6851637068d51638365f764db71f3f24c55b782382fce50fe5
data/reference/results/robust_v28/2020-10-17/baselines/scenario_01/M2_native.npz,76166,dccd9921367bc4121bc1d9b72ad36a88920543731621200fe2bc03cc7425a1c8
data/reference/results/robust_v28/2020-10-17/baselines/scenario_01/M2_reference_commands12.json,7144,8bcaffbb24d5cd81d80ec5759ae5bf8c8db4371a16ae62155c5b00a0462c9cc7
data/reference/results/robust_v28/2020-10-17/baselines/scenario_01/M2_reference_commands12.npz,77054,fd6edb526902d5220731b083903a1a21acc663e3598e4b139396eb7ddb83573f
data/reference/results/robust_v28/2020-10-17/baselines/scenario_01/M3_native.json,1838,7c903977bdbfdfdfb8f1c720c64f7e77419d1dc4032ff84193466c1fc7e84fe9
data/reference/results/robust_v28/2020-10-17/baselines/scenario_01/M3_native.npz,83158,fdba4b974a4811e08cf2b523452c2b35f60c762cef05a87d8fa364b7103ecc6f
data/reference/results/robust_v28/2020-10-17/baselines/scenario_01/execution_log.txt,3714,296030faf4447cb56c93cbd149b6fe984132c28f7b264ae6c76b794b7a802528
data/reference/results/robust_v28/2020-10-17/baselines/scenario_01/fixed_cost.json,1308,aba2a84da09919d84e7eae4d227d8138d38f1330925637219c4ac51ab3127c89
data/reference/results/robust_v28/2020-10-17/baselines/scenario_01/fixed_cost.npz,70099,a0b9f4370cab79b857cbf9f2a64135516797912b722003c5daca5b2260518440
data/reference/results/robust_v28/2020-10-17/baselines/scenario_01/fixed_price25.json,1310,ae5c4d4ebab4ac112b20a7abe75d234293a3bbcf597ff4e54a56916811d4f179
data/reference/results/robust_v28/2020-10-17/baselines/scenario_01/fixed_price25.npz,70265,65f768587407d9b6b9d0dba1fbd439cc8ce6734323e6a1e6730cdd943fdbf0f9
data/reference/results/robust_v28/2020-10-17/baselines/scenario_02/COPF_cost.json,1590,a1293de2593f39fd6f5bfc3083047cf0e2f048fb217606ad05ffaa399c800257
data/reference/results/robust_v28/2020-10-17/baselines/scenario_02/COPF_cost.npz,85331,d57222bb58ff3a12e9861ca7b6e822f4796faa175fb0d39e6174ae21c5a0d7df
data/reference/results/robust_v28/2020-10-17/baselines/scenario_02/COPF_price25.json,1592,c2ef0588d071b407750655b55d3a5314c91b069ca3623759cf7224d0742bcae8
data/reference/results/robust_v28/2020-10-17/baselines/scenario_02/COPF_price25.npz,86727,42b1384172a2f2a30c5138128416ced7d95ff1f759cec6326b9651bfefbe0e93
data/reference/results/robust_v28/2020-10-17/baselines/scenario_02/Liu2025.json,4680,0de7bb41e078c7f45d5730566518dfe529070813e6b35b1d1677706d34be01d2
data/reference/results/robust_v28/2020-10-17/baselines/scenario_02/Liu2025.npz,82663,d133556486183284c1c45ec9242d3a1106676b5b07f4429363a3e97268735a34
data/reference/results/robust_v28/2020-10-17/baselines/scenario_02/Liu2025_execution.json,4696,4bd796a4d7d7e9b02fd381ae34f38cca0e10c75c4b71a7076d43c81c79617470
data/reference/results/robust_v28/2020-10-17/baselines/scenario_02/Liu2025_execution.npz,67941,8e37975aa45416d0e4832677905fc42cce4f47e65cd37bf5592507df3d5d6cec
data/reference/results/robust_v28/2020-10-17/baselines/scenario_02/Liu2025_price25_commands12_native_terminal_free.json,6907,3a061bd56deca05e4f057835ac9bcb37c7548a48b1f34a3942111ca4f3a35c24
data/reference/results/robust_v28/2020-10-17/baselines/scenario_02/Liu2025_price25_commands12_native_terminal_free.npz,77600,e3bf96100c3c9fbbeb9a5ebe992a9ed61fac239fafb2ce772d73743ce1a4e6c4
data/reference/results/robust_v28/2020-10-17/baselines/scenario_02/M2_native.json,7141,bf7fc0003ce8fe19d92cdb3f4791660e380b1bc60903ae5bd5120faff12a9c39
data/reference/results/robust_v28/2020-10-17/baselines/scenario_02/M2_native.npz,76979,7b1b53aa2fee2b59d2e0b5025cbdc920758bb6f98671b89734219de925533a32
data/reference/results/robust_v28/2020-10-17/baselines/scenario_02/M2_reference_commands12.json,7143,4421de1aa455e0a55fedbe2bc743a61373079d408820f4a5f9f4a2369f1b498b
data/reference/results/robust_v28/2020-10-17/baselines/scenario_02/M2_reference_commands12.npz,77600,e3bf96100c3c9fbbeb9a5ebe992a9ed61fac239fafb2ce772d73743ce1a4e6c4
data/reference/results/robust_v28/2020-10-17/baselines/scenario_02/M3_native.json,1837,a2eb6fe27f55d97be44c328a4e03b0939cc313ea2501cdfbe4c5b98e9633f122
data/reference/results/robust_v28/2020-10-17/baselines/scenario_02/M3_native.npz,85331,d57222bb58ff3a12e9861ca7b6e822f4796faa175fb0d39e6174ae21c5a0d7df
data/reference/results/robust_v28/2020-10-17/baselines/scenario_02/execution_log.txt,3705,3bcb16506ec403cab4a22c0a8126ae7c7f0f7357c0af63b1e58d982ec0c460f8
data/reference/results/robust_v28/2020-10-17/baselines/scenario_02/fixed_cost.json,1308,22a58c9db370d0de540df7bcfc3232703da6531399dd3eec0d84db9b2103c6cf
data/reference/results/robust_v28/2020-10-17/baselines/scenario_02/fixed_cost.npz,70522,5103eecd03016c76570f4f145f0d8d62a8959ad2071125dc4b2fa3bf25668486
data/reference/results/robust_v28/2020-10-17/baselines/scenario_02/fixed_price25.json,1308,74f5b99d6e824f94149246f592cdb5fd5c9f73f77bf90bf73d0a2786d25064ef
data/reference/results/robust_v28/2020-10-17/baselines/scenario_02/fixed_price25.npz,70810,f044b716afb291efb57309d177c640d015617bece14e81cef2eebce9fa42f296
data/reference/results/robust_v28/2020-10-17/baselines/scenario_03/COPF_cost.json,1564,80ba017b1777028a285db28bf36a7ae4bfe741030b36abdb941c8674684fbf32
data/reference/results/robust_v28/2020-10-17/baselines/scenario_03/COPF_cost.npz,86620,08a55402072ad9d58baa83cfcb46e3f8670af558808e946f673e7624d918303d
data/reference/results/robust_v28/2020-10-17/baselines/scenario_03/COPF_price25.json,1607,6910d9e01d23e6576f45cbdde4f9624879069fd2831074c6b502d35068e5528c
data/reference/results/robust_v28/2020-10-17/baselines/scenario_03/COPF_price25.npz,88110,dcfca3c8349be5abfaa3fef40c930cf4fb674234bcaeab92af852526f9fd8b81
data/reference/results/robust_v28/2020-10-17/baselines/scenario_03/Liu2025.json,4686,399881f47916a0fa77ebd088ba947b85cdfcd37bc139364742ea88c6b3882e5a
data/reference/results/robust_v28/2020-10-17/baselines/scenario_03/Liu2025.npz,83637,45460f70255205095ce76a14b8292a97b6bbce73c77f150806517921e2afcb5e
data/reference/results/robust_v28/2020-10-17/baselines/scenario_03/Liu2025_execution.json,4704,22b10646498036a752f6da306acaab6c2b99a1af449678f585c390acddbe0b3e
data/reference/results/robust_v28/2020-10-17/baselines/scenario_03/Liu2025_execution.npz,60336,9baed53ac75550c460d5fdd6a78c39e10aaab934bf29e0a56e43eec5f78862ad
data/reference/results/robust_v28/2020-10-17/baselines/scenario_03/Liu2025_price25_commands12_native_terminal_free.json,6914,fdee3e8d63a18c048a157e6d3538bb900626a3b53c66dd0e2fd076422daa5609
data/reference/results/robust_v28/2020-10-17/baselines/scenario_03/Liu2025_price25_commands12_native_terminal_free.npz,76870,13dc289a6d01f0d0962fbe7ae787f797ed5d043788c83b9f5a489963a6034a3e
data/reference/results/robust_v28/2020-10-17/baselines/scenario_03/M2_native.json,7142,f0bb7ac10ecd0d41afef157d7259a6b01f0e2dbedac22ce951d6e93de038b836
data/reference/results/robust_v28/2020-10-17/baselines/scenario_03/M2_native.npz,76179,ec38b70cb6534eda4b7cb9150afdc0b8dbfb8982c13b008857b6246dbcdfb815
data/reference/results/robust_v28/2020-10-17/baselines/scenario_03/M2_reference_commands12.json,7150,3edb5a7d07f49a5b648dc2c9226a482dbe2a14cd450dd137222efff65746e306
data/reference/results/robust_v28/2020-10-17/baselines/scenario_03/M2_reference_commands12.npz,76870,13dc289a6d01f0d0962fbe7ae787f797ed5d043788c83b9f5a489963a6034a3e
data/reference/results/robust_v28/2020-10-17/baselines/scenario_03/M3_native.json,1812,6bb0d5e942de1eae4e04e67ab8faec51b5c28aed4661a90d6b8b85ea95add640
data/reference/results/robust_v28/2020-10-17/baselines/scenario_03/M3_native.npz,86620,08a55402072ad9d58baa83cfcb46e3f8670af558808e946f673e7624d918303d
data/reference/results/robust_v28/2020-10-17/baselines/scenario_03/execution_log.txt,3711,647cb252667b4bec8eb0921816f90d3356a96867658d30571a101ddf8188bb9b
data/reference/results/robust_v28/2020-10-17/baselines/scenario_03/fixed_cost.json,1306,e440595b9481f7eb4fe077b35495d3f33cadf19bd2a630191d818f5b1f5257e2
data/reference/results/robust_v28/2020-10-17/baselines/scenario_03/fixed_cost.npz,70359,e818f82780ec0a28ca9becabe9bf594b682a7e3eab13604ccc47a3a17272bb23
data/reference/results/robust_v28/2020-10-17/baselines/scenario_03/fixed_price25.json,1308,3c299f36c733ee3c57763fb25201ed5ee01e5d60f6d7a59918cd982de6549254
data/reference/results/robust_v28/2020-10-17/baselines/scenario_03/fixed_price25.npz,70227,08bbb1becd816ffaf9739d30019bbcb26fd936fe7c8bb728027a73ae763ac150
data/reference/results/robust_v28/2020-10-17/baselines/scenario_04/COPF_cost.json,1595,6649b75ee48a07fbc38cfbe576399064991b8e9c6995f44588ac6df7e7288ce7
data/reference/results/robust_v28/2020-10-17/baselines/scenario_04/COPF_cost.npz,87309,613ef494085ffd82e4fe078d22c037a9394f947c5bb6c64ad74bd08304261306
data/reference/results/robust_v28/2020-10-17/baselines/scenario_04/COPF_price25.json,1592,b8e89d41fa30452f0462061564f16e1a53f76ee07c20167a5175a12210b91b4c
data/reference/results/robust_v28/2020-10-17/baselines/scenario_04/COPF_price25.npz,87635,deb90aea41efa1eb6c8e61661e68fcdd1bfbf26d9b1f31151dab76237e9dfcfc
data/reference/results/robust_v28/2020-10-17/baselines/scenario_04/Liu2025.json,4688,f670ab8b200295df2738a7e864c8b4032e76af0f4a5bcd1a86da30d01df8fa05
data/reference/results/robust_v28/2020-10-17/baselines/scenario_04/Liu2025.npz,83657,e4f2c92390ff9390e3e8fe43862df80a53ed9805528f9480375c8ac1ec98bfa9
data/reference/results/robust_v28/2020-10-17/baselines/scenario_04/Liu2025_execution.json,4705,c688c8011863f6f68d78cb35804637746c8e9a535a6ce4c282a88bcc8dca9f89
data/reference/results/robust_v28/2020-10-17/baselines/scenario_04/Liu2025_execution.npz,78573,49925e4d7bed0082adef626e874997c61ee93d574ee0c2113ff95466aa0cee5a
data/reference/results/robust_v28/2020-10-17/baselines/scenario_04/Liu2025_price25_commands12_native_terminal_free.json,6907,65eafd6014545a51dabf02bfbba16a4079da682f94cfba1ff1dad1b7400b73e6
data/reference/results/robust_v28/2020-10-17/baselines/scenario_04/Liu2025_price25_commands12_native_terminal_free.npz,76308,34afc69aa31d8fa981d0b64d1f8850b5d97d27b2cdfab60df70e781b43083c08
data/reference/results/robust_v28/2020-10-17/baselines/scenario_04/M2_native.json,7140,1314068f0705e25c31aa55a7e0212718c94e64a28b20ec97f2902038e4c81cb6
data/reference/results/robust_v28/2020-10-17/baselines/scenario_04/M2_native.npz,75453,f17988697ae8bb4169c53fdf83522ff28af2e1f7fe472a9b3758074796eecc97
data/reference/results/robust_v28/2020-10-17/baselines/scenario_04/M2_reference_commands12.json,7143,95b1a2edb971f282fcb249565403c16d00946950d7c07818b83b08ee258bf83a
data/reference/results/robust_v28/2020-10-17/baselines/scenario_04/M2_reference_commands12.npz,76308,34afc69aa31d8fa981d0b64d1f8850b5d97d27b2cdfab60df70e781b43083c08
data/reference/results/robust_v28/2020-10-17/baselines/scenario_04/M3_native.json,1843,c188c22e7d1b378246b33a42a43c66b431ffb8d640eb69bd2df340506977c637
data/reference/results/robust_v28/2020-10-17/baselines/scenario_04/M3_native.npz,87309,613ef494085ffd82e4fe078d22c037a9394f947c5bb6c64ad74bd08304261306
data/reference/results/robust_v28/2020-10-17/baselines/scenario_04/execution_log.txt,3713,989c0d8dc85d95b78b79b7e4898393cb2d90ccb928f479cba345ff77c9378edb
data/reference/results/robust_v28/2020-10-17/baselines/scenario_04/fixed_cost.json,1308,e5e3b34e553cb31ced2b2b2c8a6f1969c3f3292c079dfbec3e9284c94ac4bfb2
data/reference/results/robust_v28/2020-10-17/baselines/scenario_04/fixed_cost.npz,69507,8d0b9538cdd62c3dcb473afc89825c7e679de2ea11f716bb8c2f20f9792d8ee6
data/reference/results/robust_v28/2020-10-17/baselines/scenario_04/fixed_price25.json,1309,7396d3e08ecf0b7a32436120dc7b829f345ea4a05b25bc89fdb3ee5c549753d1
data/reference/results/robust_v28/2020-10-17/baselines/scenario_04/fixed_price25.npz,69340,655a4a629862bb9e874b85e919634b7dcf27aecdbe650d5708e7ce708051b6d7
data/reference/results/robust_v28/2020-10-17/common.json,221877,0baa7149f03c3f00320093ff6f2c1c546e423956f1ff7eae0c61403618ff12e4
data/reference/results/robust_v28/2020-10-17/common.npz,47726,4bb03716007ddee41171dc5053c7867015cee4f0fe8a135e90d6f20112071471
data/reference/results/robust_v28/2020-10-17/common_commitment_amendment.json,434,76eef4919cc053342f2ee37701285cacea5ea40f5b1a1189c87e99614174afcf
data/reference/results/robust_v28/2020-10-17/common_commitment_amendment.npz,482,bffab7d542153210c0877c1c0b53b17d9096d9d3f6152507f4a8841e1f7999d3
data/reference/results/robust_v28/2020-10-17/constant_nominal.json,958,ab048776f3dd2b832a7c7ca7090f8f4b77ad4ca51eb99e2dab69b6094475e71a
data/reference/results/robust_v28/2020-10-17/constant_nominal.npz,470,ef13ca27f96a86df608c0990fd3171ab137f9810fe42a5d3e711c619339c7c85
data/reference/results/robust_v28/2020-10-17/constant_robust.json,10296,71f1040b8c2e94484f16c073af5adfcb73157365d470e6d3236d3ce78c08f31d
data/reference/results/robust_v28/2020-10-17/constant_robust.npz,471,0c87ced1a266656d41ad45195ca05bbeaed2800de53b2bca6eb7317fa30923f4
data/reference/results/robust_v28/2020-10-17/constant_robust_before_finite_initialization.json,8648,52bec775282613127b79c7c2f51046530c4bc2ecaa2c9a2432b57690514952b8
data/reference/results/robust_v28/2020-10-17/constant_robust_before_finite_initialization.npz,471,0c87ced1a266656d41ad45195ca05bbeaed2800de53b2bca6eb7317fa30923f4
data/reference/results/robust_v28/2020-10-17/constant_robust_before_tiebreak.json,9888,8c4648d8583fad509db56f1d9da5020be9ae896509730388276943eb26a52360
data/reference/results/robust_v28/2020-10-17/constant_robust_before_tiebreak.npz,471,3f94a9e261e0d1377ca27779816a5213d16141eaee28d8d171e8da0ade0ce9d5
data/reference/results/robust_v28/2020-10-17/enrichment_report.json,556,8159bdc4fcea4b922fccaeca4f7c0445921fcdeb7ff84304f783b830f3849a6c
data/reference/results/robust_v28/2020-10-17/fixed_commitment_nominal_diagnostic.json,154,e265556e61e8d6ed132bec7b50827499512a9fb207c8c006fd87f5e2ed251430
data/reference/results/robust_v28/2020-10-17/fixed_commitment_nominal_diagnostic.npz,22,8739c76e681f900923b900c9df0ef75cf421d39cabb54650c4b9ad19b6a76d85
data/reference/results/robust_v28/2020-10-17/fixed_quota_inner_convergence.json,1777,63018e408d42c3252a651129780526b472c556d2db1a4ea229ab0283bea01065
data/reference/results/robust_v28/2020-10-17/fixed_quota_inner_convergence.npz,254,1bf5e54afc2d45e33cc99c187ccf84ef92589ba44a6aa571063abdd985d0bec6
data/reference/results/robust_v28/2020-10-17/forecast_chronology_amendment.json,724,1c7a844483afecfac1e03b321e114d6e2b4287d8ea2856df467b8b53e424c47a
data/reference/results/robust_v28/2020-10-17/forecast_common_reference.json,357,e6dbbaef3a228a4cc111d921f64d37dd5a473dcf4861d6746e02d8dfe72dc209
data/reference/results/robust_v28/2020-10-17/forecast_common_reference.npz,1648,b6bc03e2ffd7fad1390df879ca3a83865afd544948e50e755983adad507d4fd4
data/reference/results/robust_v28/2020-10-17/forecast_price_duals.json,1658,d91b9d834ad95f0cac1d55c66a7b96545b7f771cce82fe929dfe7805d7225853
data/reference/results/robust_v28/2020-10-17/forecast_price_duals.npz,71717,d4269808cd04c2b5489be25a05ae7757d8669cf410409d3688de66f54f48bac3
data/reference/results/robust_v28/2020-10-17/forecast_reference_cost.json,1309,e10032e062dd24dcba8fb61d823bddac14184142288c63287048752c6a90ca33
data/reference/results/robust_v28/2020-10-17/forecast_reference_cost.npz,67858,e9e423d4db459c4fa8a0c798bae94a654ad28bb78224c72ac109e5134a321ed3
data/reference/results/robust_v28/2020-10-17/forecast_reference_price25.json,1309,dcbab280c130a4998a7ffb90d5ddecd1270834f9563398a77f102ff840486051
data/reference/results/robust_v28/2020-10-17/forecast_reference_price25.npz,67748,29960638f5347b99fd394c58f75f6249354be5ef0cfa1d62f3dfc3aa46054545
data/reference/results/robust_v28/2020-10-17/inner_duplicate_diagnostic.json,1117,2c1c649594f4ff09f46a85546434a6974f999f7e1d8d6a9d4fa10297612b250b
data/reference/results/robust_v28/2020-10-17/prior_fixed_commitment/scenario_00/balanced_full_library.json,155,5efbc855efeec65ddee5a28a19762510b05f5e8f1cf789399479d02161668f00
data/reference/results/robust_v28/2020-10-17/prior_fixed_commitment/scenario_00/balanced_full_library.npz,22,8739c76e681f900923b900c9df0ef75cf421d39cabb54650c4b9ad19b6a76d85
data/reference/results/robust_v28/2020-10-17/protocol_amendment.json,869,5f74276e791dd9bc169fddac6e292d67e25aec37a07e98f08185915ec8cbf6c1
data/reference/results/robust_v28/2020-10-17/scenario_00/M1_constant.json,2452,db0237a16717fe7fbcfbed9cd0074f387ccba98c080177df602f52382ed14e89
data/reference/results/robust_v28/2020-10-17/scenario_00/M1_constant.npz,69027,838623f51562ded202d2a84130af5ae98643cb9e8c1627740323963ffe354e08
data/reference/results/robust_v28/2020-10-17/scenario_00/M1_constant_execution.json,1236,fdc573faf4f7806d3d5c66eade85682a71ba7f2eee6ee2ae4aa135e0712ecf8e
data/reference/results/robust_v28/2020-10-17/scenario_00/M1_constant_execution.npz,9413,e86a32fb2a1e8662c7bf3f0d171005cd0bf64c42edde282a0c5c2675da9d8009
data/reference/results/robust_v28/2020-10-17/scenario_00/M4_proposed.json,2437,a34a22578d06a0a167bd8ac0ccd9e9668e936f060fa281bbf8de967aa3588ee6
data/reference/results/robust_v28/2020-10-17/scenario_00/M4_proposed.npz,71630,d25b7355e7a191495ff80e0064c88bf77044bace56983c94364bfbfb11ceaf01
data/reference/results/robust_v28/2020-10-17/scenario_00/M4_proposed_execution.json,1913,51abb40a827a7704692bf764ee1d17e20411933c4a6ae3c7905f38e1b3cd4632
data/reference/results/robust_v28/2020-10-17/scenario_00/M4_proposed_execution.npz,1403333,028351e125e259c91c3224c8130e869904a2a093cfa5acabfd0668ae64c6d725
data/reference/results/robust_v28/2020-10-17/scenario_00/balanced_full_library.json,1362,a6d1f1c3e4a273cc8cd50cc735f98e3b033a5437d90551597c4069047d9857cf
data/reference/results/robust_v28/2020-10-17/scenario_00/balanced_full_library.npz,71685,76bc69f26c4f5b6b0b075d379b5e10d7cda5d74017c17aa44171729c7a53ab02
data/reference/results/robust_v28/2020-10-17/scenario_00/cells.json,117625,582f8863e89dcbf2551c469f778c9bf3342dc842b845515a29b1b6b8b9f00b0f
data/reference/results/robust_v28/2020-10-17/scenario_00/constant_carbon.json,1309,3448b4c61e0d9e7e79b2fc4734b259222f16b4323700fea84a7f33abb0f76275
data/reference/results/robust_v28/2020-10-17/scenario_00/constant_carbon.npz,68155,5997bfec7c052ac8dfd80c59ba465f08c179f7cd8fbd5257922734e568ff87d9
data/reference/results/robust_v28/2020-10-17/scenario_00/constant_cost.json,1309,bc0927b6161a859961df6fd06d3c39850c4bf4a3584a4ed7d15da6b0703f6e72
data/reference/results/robust_v28/2020-10-17/scenario_00/constant_cost.npz,67858,e9e423d4db459c4fa8a0c798bae94a654ad28bb78224c72ac109e5134a321ed3
data/reference/results/robust_v28/2020-10-17/scenario_00/constant_curtailment.json,1315,7ccdf8893b792df466c327bb88ed9775d900a79214afae1292f592626dffcbf9
data/reference/results/robust_v28/2020-10-17/scenario_00/constant_curtailment.npz,68786,6eebef82c24e782d65c6b0eaf596c69166a520e908c8fcaf78cdd62eaee712a7
data/reference/results/robust_v28/2020-10-17/scenario_00/constant_price25.json,1311,bf86681178832f3de9a296da2da80c86e3d0d5b75953e0fd1960ca1628a7c362
data/reference/results/robust_v28/2020-10-17/scenario_00/constant_price25.npz,67748,29960638f5347b99fd394c58f75f6249354be5ef0cfa1d62f3dfc3aa46054545
data/reference/results/robust_v28/2020-10-17/scenario_00/prior_realized_reference/balanced_full_library.json,1364,c1e4ce179b7023532513f5aeafa8b36d1269a804bcd0cf1cf81a44f5a019b9bc
data/reference/results/robust_v28/2020-10-17/scenario_00/prior_realized_reference/balanced_full_library.npz,72312,f76245a137f8ec357f178dd237c913c650c4d97eccdc602e0623c1755aaf6381
data/reference/results/robust_v28/2020-10-17/scenario_00/prior_realized_reference/cells.json,397,89be617048b8c61cf9096fb354fadf8801a11dc5f93fb516bd50bb2b68e8eb7b
data/reference/results/robust_v28/2020-10-17/scenario_00/prior_realized_reference/scenario_adaptive_carbon.json,1310,831f587d2c0994ee406e1073b979844cd31762b09d06c657ba5dc1790d7714b4
data/reference/results/robust_v28/2020-10-17/scenario_00/prior_realized_reference/scenario_adaptive_carbon.npz,71677,8e9245e894760043d6045693f408a15e63ee0698e1b39570869b65d81405516c
data/reference/results/robust_v28/2020-10-17/scenario_00/prior_realized_reference/scenario_adaptive_cost.json,1308,b4e1a8396351fe35d09503297a5cf7f4b55f83f52d158b1f32578a75974d1d12
data/reference/results/robust_v28/2020-10-17/scenario_00/prior_realized_reference/scenario_adaptive_cost.npz,71295,89648c785ffe95a8ac2bb2ad7959c521daeb8eefdd7304cce1e3804f057e811c
data/reference/results/robust_v28/2020-10-17/scenario_00/prior_realized_reference/scenario_adaptive_curtailment.json,1332,21acbf0e71358ba7d28e7023a2a6f10511244a074030ff8269001880b6dbdc2e
data/reference/results/robust_v28/2020-10-17/scenario_00/prior_realized_reference/scenario_adaptive_curtailment.npz,72144,cfc383cef74555668fd27387e9db099ea9e6a506a7134c8a37a8c30d5fd7ef55
data/reference/results/robust_v28/2020-10-17/scenario_00/prior_realized_reference/scenario_adaptive_price25.json,1310,e679621c3e3a4c5432bbf0219f5f8fa3984935f54f34f56e8f8e0ecfc43ce221
data/reference/results/robust_v28/2020-10-17/scenario_00/prior_realized_reference/scenario_adaptive_price25.npz,71393,0f131495f1e0b31aeb366b9da0ae59f7359916157d6dae07ea334e0b0826a767
data/reference/results/robust_v28/2020-10-17/scenario_00/recovery_v20_carbon.json,1311,ba81d2c67ec1a3936c5d7160180de7acf5e64c4cd5a37d6403b78fd09295a3bd
data/reference/results/robust_v28/2020-10-17/scenario_00/recovery_v20_carbon.npz,71654,765e603b353d0900bbd48c4db5c6ee673b3c25da5d108c00d20003aeae83920d
data/reference/results/robust_v28/2020-10-17/scenario_00/recovery_v20_cost.json,1308,7dc62a0ed869afad97eb8d5b0d54fc7a90a0e8727ea44ab38ddc84bc1f22a3a7
data/reference/results/robust_v28/2020-10-17/scenario_00/recovery_v20_cost.npz,71297,0ef0913e6b30d1f158b3d6169b2ec30cf2da955adaccbce810267a45b5b37ede
data/reference/results/robust_v28/2020-10-17/scenario_00/recovery_v20_curtailment.json,1315,d73655eb80229fa1965676053bec772ca0d1b1c124cbdb13f43cb1a8d32d9c41
data/reference/results/robust_v28/2020-10-17/scenario_00/recovery_v20_curtailment.npz,72106,3cf65f19a7f692bf1162636b04b71e084ace00752dcc40dc7042c7c56aba3026
data/reference/results/robust_v28/2020-10-17/scenario_00/recovery_v20_price25.json,1311,10b356784613e89591602e98ecbf844fae8f6cb639beb65fce95bc91076d827c
data/reference/results/robust_v28/2020-10-17/scenario_00/recovery_v20_price25.npz,71222,c0af4b5a7ccf7b95e33075943934965855402ecbfe20c8ba0bdbb310f9112104
data/reference/results/robust_v28/2020-10-17/scenario_00/recovery_v21_carbon.json,1306,811f33225e854ddd7a0e3042fea6640438ec9cc2cfae7d71d5d8b07b7baff0fa
data/reference/results/robust_v28/2020-10-17/scenario_00/recovery_v21_carbon.npz,71675,c02b847527dcae9f7254864c3969d883f526d28839e051be1841919ebe566dd2
data/reference/results/robust_v28/2020-10-17/scenario_00/recovery_v21_cost.json,1307,997ea40233c5f5d0c37f98bf471d0ece2a8e47cb6b62c248f2102516dc2a050a
data/reference/results/robust_v28/2020-10-17/scenario_00/recovery_v21_cost.npz,71295,489492f8f476b82d68f11467f82743244c530923fd3a5e0d30e559cb17a577a7
data/reference/results/robust_v28/2020-10-17/scenario_00/recovery_v21_curtailment.json,1334,997a9060bac617c7d46b5e96fa3cae10fe9a23a27dbeb9ae1869dc11edfd2712
data/reference/results/robust_v28/2020-10-17/scenario_00/recovery_v21_curtailment.npz,72096,f1931d3393a8ebddc411722d5d421a886435fe7b764eac0a093ebfea61477550
data/reference/results/robust_v28/2020-10-17/scenario_00/recovery_v21_price25.json,1309,f87eb129dd93137ea5f0ee4a24d69619a59a3d82d7687d512e71243ee7380489
data/reference/results/robust_v28/2020-10-17/scenario_00/recovery_v21_price25.npz,71241,59ba60b4753f83dd5fe118c8d454c758b85cd03f7e3ef6d131bcc45125a9392f
data/reference/results/robust_v28/2020-10-17/scenario_00/scenario_adaptive_carbon.json,1309,1a60d8f72cff6df0109da472701ecbdca147c658ba450bc6e5977eda8726ecf3
data/reference/results/robust_v28/2020-10-17/scenario_00/scenario_adaptive_carbon.npz,71654,335ab1580d5ca47c1c580d221e6e4945881626a5c437039301d2090908c6348b
data/reference/results/robust_v28/2020-10-17/scenario_00/scenario_adaptive_cost.json,1306,145cf4ddfc0b109dd9e215e93a927ad1ffb598102465d1345ba7f32e0c3a9814
data/reference/results/robust_v28/2020-10-17/scenario_00/scenario_adaptive_cost.npz,71316,f15efbb11cab6765fd4a695ef8fe5c1ea276e8a9656ba9ac193f274799625e5f
data/reference/results/robust_v28/2020-10-17/scenario_00/scenario_adaptive_curtailment.json,1313,9851c798b5c8ee15e9db150ae47a6ad121c8c7341b64c9e2a3d759dee1d259d3
data/reference/results/robust_v28/2020-10-17/scenario_00/scenario_adaptive_curtailment.npz,72206,1e4fb543e0793d6efadd1d63b99a425148ee53289d7717a0ede75587fa6b6a59
data/reference/results/robust_v28/2020-10-17/scenario_00/scenario_adaptive_price25.json,1309,22f1c76c320f94e02ab83e63aec28ab524b64da5803ee6db17ead6009c537e1f
data/reference/results/robust_v28/2020-10-17/scenario_00/scenario_adaptive_price25.npz,71241,866dd2f86818923591d70cb1e74b7488e6bebd3299d3fa24edb80283bd892e40
data/reference/results/robust_v28/2020-10-17/scenario_00/v27_library_carbon.json,1343,45cc48dc03cac9017e7d7b24bdb136b01564ead200bfbdfdec2ccc6baf128f12
data/reference/results/robust_v28/2020-10-17/scenario_00/v27_library_carbon.npz,71751,a97b7eb6cdf7f3f7ad33599fffa4aacfba371398c05a3abcd1028314602e6422
data/reference/results/robust_v28/2020-10-17/scenario_00/v27_library_cost.json,1343,39de86905295de9c59fa4ba4ba58a6ca748dc70a4af8f53cc71e4f98c240b134
data/reference/results/robust_v28/2020-10-17/scenario_00/v27_library_cost.npz,71444,7f8d3fa2c03bd4c284010e1c5ae503e102eef4554f3d6cf2c9ca37b2a4cc2b25
data/reference/results/robust_v28/2020-10-17/scenario_00/v27_library_curtailment.json,1367,974501d60d553555404921af85385a62c44c49982ce035d02c7dfe39273ff47f
data/reference/results/robust_v28/2020-10-17/scenario_00/v27_library_curtailment.npz,72496,0254cf245b36bda7d95cfe5ecf1cc7748b861480a1938d20253323850cf74cb4
data/reference/results/robust_v28/2020-10-17/scenario_00/v27_library_price25.json,1362,e9e8247fe21bea1df19e0ea988288792c5a2dd0cf7a0764969875b966a55c5e7
data/reference/results/robust_v28/2020-10-17/scenario_00/v27_library_price25.npz,71327,deefe426c2caade1d82b7f1304d3111e620f3fb66b31068d4b4d23562b767924
data/reference/results/robust_v28/2020-10-17/scenario_00/v27_pattern0_carbon.json,1309,5323d7d92370aaaf42ce5a830c91aa1c8b3b6239af60b6a3890c74a5a41dba02
data/reference/results/robust_v28/2020-10-17/scenario_00/v27_pattern0_carbon.npz,71580,250e04bcb5b719d0029a879bfecf8d946df251b057d7e326a094d49a2ccabe86
data/reference/results/robust_v28/2020-10-17/scenario_00/v27_pattern0_cost.json,1308,b69c6505a73aaed978bffb4143707168189d05d50614cc1db33323fbfc4d9b5c
data/reference/results/robust_v28/2020-10-17/scenario_00/v27_pattern0_cost.npz,71253,8718c91ebbf31dc3c5c235ce0078e817efff8d9f2aa71dba625b9d9684cc807f
data/reference/results/robust_v28/2020-10-17/scenario_00/v27_pattern0_curtailment.json,1315,105409309758db369206d0ce26a0be90b56e2ed798efbf138abfb0a7f241ff55
data/reference/results/robust_v28/2020-10-17/scenario_00/v27_pattern0_curtailment.npz,72143,16ba893d5de25b4e8f668fb643371a4cf0dcc19d4cae8bbc85676d33fbfc389b
data/reference/results/robust_v28/2020-10-17/scenario_00/v27_pattern0_price25.json,1311,cc5d466dad8fc7b282f962faba6416744dec5f9cdde529751a60a84fe8ae1ac2
data/reference/results/robust_v28/2020-10-17/scenario_00/v27_pattern0_price25.npz,71172,11f6ff58dd3b69c395243e5738aac6a689de2f929042db706d147f1442dd3752
data/reference/results/robust_v28/2020-10-17/scenario_00/v27_pattern1_carbon.json,1309,541f8568300010a208c2e774d9ff62743ee5447d88e881139bcc997ffe0c125c
data/reference/results/robust_v28/2020-10-17/scenario_00/v27_pattern1_carbon.npz,71654,335ab1580d5ca47c1c580d221e6e4945881626a5c437039301d2090908c6348b
data/reference/results/robust_v28/2020-10-17/scenario_00/v27_pattern1_cost.json,1307,4885e295269afdf850d102d69eb57c2deb6d647cd907b2bb780712c815defd0d
data/reference/results/robust_v28/2020-10-17/scenario_00/v27_pattern1_cost.npz,71316,f15efbb11cab6765fd4a695ef8fe5c1ea276e8a9656ba9ac193f274799625e5f
data/reference/results/robust_v28/2020-10-17/scenario_00/v27_pattern1_curtailment.json,1314,4e5e01b80a8e86213d1cd87a1b47ba2cc01b78cab4581b448b55a8e752f5617e
data/reference/results/robust_v28/2020-10-17/scenario_00/v27_pattern1_curtailment.npz,72206,1e4fb543e0793d6efadd1d63b99a425148ee53289d7717a0ede75587fa6b6a59
data/reference/results/robust_v28/2020-10-17/scenario_00/v27_pattern1_price25.json,1310,6d86b163de60a2c267f2db11a615065fe628e5cb54c315e388391b9e68bc5f48
data/reference/results/robust_v28/2020-10-17/scenario_00/v27_pattern1_price25.npz,71241,866dd2f86818923591d70cb1e74b7488e6bebd3299d3fa24edb80283bd892e40
data/reference/results/robust_v28/2020-10-17/scenario_00/v27_pattern2_carbon.json,1308,68251694cfc24fe1bd18fe3de076fd7e60455ecfb94e01968e96a771300b3a0e
data/reference/results/robust_v28/2020-10-17/scenario_00/v27_pattern2_carbon.npz,71594,cb61cdfc9af474d2e7250374e8561fb9fdf3c2926385d551cfb662977dea2dde
data/reference/results/robust_v28/2020-10-17/scenario_00/v27_pattern2_cost.json,1307,6f3655f1a18a532094234982e913cfeb74428badff7e5a30f3bd1b7293502835
data/reference/results/robust_v28/2020-10-17/scenario_00/v27_pattern2_cost.npz,71318,85f9c03bae68bc88758c60e4612ba5b956f820d21d6fb07012d3b10f9844e96c
data/reference/results/robust_v28/2020-10-17/scenario_00/v27_pattern2_curtailment.json,1316,e5080dd6ac4df2d1eb57e0f4ff5a2996718e829a425b42b2ded79d74e6601696
data/reference/results/robust_v28/2020-10-17/scenario_00/v27_pattern2_curtailment.npz,72066,32bbe56d31e1b36d52a636b3ae3c3f106b58331693420062d42ec6c0606520fe
data/reference/results/robust_v28/2020-10-17/scenario_00/v27_pattern2_price25.json,1310,ca03d592f165a2be3043e0ca54d7fbb8f84658bff70164df52cebbcfc2570556
data/reference/results/robust_v28/2020-10-17/scenario_00/v27_pattern2_price25.npz,71365,e14629dae61b5777325096435ef10a43f7fffc06b96c73c7dcfcf738da49d6bb
data/reference/results/robust_v28/2020-10-17/scenario_00/v27_pattern3_carbon.json,1311,efa0b8a95efef68060955bc9a74320b9f01f2c002ded999db5e72fcd837f5147
data/reference/results/robust_v28/2020-10-17/scenario_00/v27_pattern3_carbon.npz,71677,8e9245e894760043d6045693f408a15e63ee0698e1b39570869b65d81405516c
data/reference/results/robust_v28/2020-10-17/scenario_00/v27_pattern3_cost.json,1308,9ea264f8144c6c2dfe113f40f087124aae25e83ef47ae320ca560ac54b3aeb83
data/reference/results/robust_v28/2020-10-17/scenario_00/v27_pattern3_cost.npz,71303,6e8e55966f60225625e45bcad4c73028f88eb28a41dceec1df28e252842330ce
data/reference/results/robust_v28/2020-10-17/scenario_00/v27_pattern3_curtailment.json,1350,54b8f8b6cf0ca2b95c2cd0f820ccedc9c7cba639df3fdbd1eaf4497eb9c96922
data/reference/results/robust_v28/2020-10-17/scenario_00/v27_pattern3_curtailment.npz,72123,73399865174f220b595533b1d5c595339d7a5cf42a1dfd6cd4132616edf0512c
data/reference/results/robust_v28/2020-10-17/scenario_00/v27_pattern3_price25.json,1310,a197359beaf05aa64cad8cc081a87c9fea118adcc2bf9cd81ecb6aa89112c476
data/reference/results/robust_v28/2020-10-17/scenario_00/v27_pattern3_price25.npz,71377,932f8453b03ac14d6156136bed09cf8c64ed9519b32ae9b90a025b6829605e58
data/reference/results/robust_v28/2020-10-17/scenario_00/v28_library_balanced.json,1365,537a08c9717062dc2ebc95f966faf723d7351721b90074a3f9418815f6729235
data/reference/results/robust_v28/2020-10-17/scenario_00/v28_library_balanced.npz,71753,b9f2e2ec1dbeb78ef3028bdfe197a5704c13d11cb17197672520dd91434900d1
data/reference/results/robust_v28/2020-10-17/scenario_00/v28_library_carbon.json,1342,6e4ce9683c6ce9aea1d7ba723247b9ba19ac6dc87e5514f02182c02ac9903501
data/reference/results/robust_v28/2020-10-17/scenario_00/v28_library_carbon.npz,71751,d18b337866f1c06d16b5d9c6f860020f14b7e4fe8935ab1a645dad969ed58720
data/reference/results/robust_v28/2020-10-17/scenario_00/v28_library_cost.json,1341,4c0923f29b24a066d7ff610186a85ab960c1243ba6d07aa212edc1dbf35e0c38
data/reference/results/robust_v28/2020-10-17/scenario_00/v28_library_cost.npz,71422,7316342bc5f2b002e05f4fe10d19e5847fb3915d92ce2c2b8a990cc75dba7af2
data/reference/results/robust_v28/2020-10-17/scenario_00/v28_library_curtailment.json,1365,54036d02af4686afdf62957bad71cb36cddd660921cc9b46686d12c347f92a8d
data/reference/results/robust_v28/2020-10-17/scenario_00/v28_library_curtailment.npz,72034,8ed4102c2a7bd51e79f4811aa6cefc1b12c4c229f9adf8239cabbbfe77fd3af3
data/reference/results/robust_v28/2020-10-17/scenario_00/v28_library_price25.json,1347,c5e704c90e6b4e8ac332cecaaf3723f25aa3d009c6df10298b1ccc5b52d633ea
data/reference/results/robust_v28/2020-10-17/scenario_00/v28_library_price25.npz,71372,c94068b118109371e3a67ea3a01731721e708a86944e6bfbdcd64d39bbab4ac1
data/reference/results/robust_v28/2020-10-17/scenario_00/v28_pattern0_balanced.json,1309,f8857ce8fec96f97b6df6e1550edd6ccbd255ee8f42b2953e9031115ee467b0e
data/reference/results/robust_v28/2020-10-17/scenario_00/v28_pattern0_balanced.npz,71373,0319ffaedb1b0ecdcf7c3f6c6560d1bf3b49c8c9dca5d135a2036b0f8f03dae7
data/reference/results/robust_v28/2020-10-17/scenario_00/v28_pattern0_carbon.json,1311,3f1b62a5fe9f6ee10d9849f43f80986458773ee3c98e34f7c054fc29f876cc78
data/reference/results/robust_v28/2020-10-17/scenario_00/v28_pattern0_carbon.npz,71579,ee6c05c4a7ac005a2ccfc0563bb0738f96b0ef848eb8f190fd2a3e8d099bca75
data/reference/results/robust_v28/2020-10-17/scenario_00/v28_pattern0_cost.json,1310,7e1dc8548e3c349005f9920ad8a535423bf790602da03a39d627716805be43d1
data/reference/results/robust_v28/2020-10-17/scenario_00/v28_pattern0_cost.npz,71293,949b525f0b8ab40ec4afc1a18d10383aa95dc5684c2174ea72679b42cb52ed7c
data/reference/results/robust_v28/2020-10-17/scenario_00/v28_pattern0_curtailment.json,1332,9f03656b50f3d0d39f032c7fc5539350d22cd41bb8038cfa508a25dacb63b90d
data/reference/results/robust_v28/2020-10-17/scenario_00/v28_pattern0_curtailment.npz,71870,a79840d2c1572fb1d7a5eba17c22444fea4657e158a6347c28f4726668392a23
data/reference/results/robust_v28/2020-10-17/scenario_00/v28_pattern0_price25.json,1310,c73f16f23a9c5605fafedbad9bfc674a4ef5ec6cca86ae5d415b178f666ba1c7
data/reference/results/robust_v28/2020-10-17/scenario_00/v28_pattern0_price25.npz,71183,43888b9efff7398a75dea5302d8470136eb9eda3584700407c90160538657464
data/reference/results/robust_v28/2020-10-17/scenario_00/v28_pattern1_balanced.json,1312,4f09b4b7f3b26fc624d91653744361fcc7c7aae6df2ff6306e8eb1cdf4662fb9
data/reference/results/robust_v28/2020-10-17/scenario_00/v28_pattern1_balanced.npz,71294,6c0729fc45bea751913cb3ef6ba3aaef2b31a9c00d9c2c186624090521f74666
data/reference/results/robust_v28/2020-10-17/scenario_00/v28_pattern1_carbon.json,1309,72b387c757ac75f14baa06e3b7949aa97c394d9a2563faab4b4700b5deaaa79e
data/reference/results/robust_v28/2020-10-17/scenario_00/v28_pattern1_carbon.npz,71580,250e04bcb5b719d0029a879bfecf8d946df251b057d7e326a094d49a2ccabe86
data/reference/results/robust_v28/2020-10-17/scenario_00/v28_pattern1_cost.json,1307,a5d119df00514ab21fecaa2dc8eeb810650a8bad4d1cfd7b4d07e7146c5f621c
data/reference/results/robust_v28/2020-10-17/scenario_00/v28_pattern1_cost.npz,71253,8718c91ebbf31dc3c5c235ce0078e817efff8d9f2aa71dba625b9d9684cc807f
data/reference/results/robust_v28/2020-10-17/scenario_00/v28_pattern1_curtailment.json,1315,db63ae9edbbd63f4a63b5463931d20531d8374f3cf06704c68f8e84a0cda5d19
data/reference/results/robust_v28/2020-10-17/scenario_00/v28_pattern1_curtailment.npz,72143,16ba893d5de25b4e8f668fb643371a4cf0dcc19d4cae8bbc85676d33fbfc389b
data/reference/results/robust_v28/2020-10-17/scenario_00/v28_pattern1_price25.json,1311,a231e9d8bc1855b800140272d8cab8c376e60b01fccd3697536cc57cab29b5a6
data/reference/results/robust_v28/2020-10-17/scenario_00/v28_pattern1_price25.npz,71172,11f6ff58dd3b69c395243e5738aac6a689de2f929042db706d147f1442dd3752
data/reference/results/robust_v28/2020-10-17/scenario_00/v28_pattern2_balanced.json,1313,2d41c23dd3e33f4ac610739ba56b805d88b98d35cbced1ae08fb924c72600351
data/reference/results/robust_v28/2020-10-17/scenario_00/v28_pattern2_balanced.npz,71455,77691e37195b1037c959f04b8814433a5bbd1f07fafc3ce57dbfa96004e58295
data/reference/results/robust_v28/2020-10-17/scenario_00/v28_pattern2_carbon.json,1308,c003a2b44b62b91e3f3cc3efcdf741b189730443ebb448ee51e3a7a2883d0da7
data/reference/results/robust_v28/2020-10-17/scenario_00/v28_pattern2_carbon.npz,71594,cb61cdfc9af474d2e7250374e8561fb9fdf3c2926385d551cfb662977dea2dde
data/reference/results/robust_v28/2020-10-17/scenario_00/v28_pattern2_cost.json,1307,e86725fb25d06a28aff01459c36266ccd84cb4d4bb28214b13334bb27dd1b9d2
data/reference/results/robust_v28/2020-10-17/scenario_00/v28_pattern2_cost.npz,71318,85f9c03bae68bc88758c60e4612ba5b956f820d21d6fb07012d3b10f9844e96c
data/reference/results/robust_v28/2020-10-17/scenario_00/v28_pattern2_curtailment.json,1315,4ed43f57da16b8af7e1e0a62ad9fc196a48a0e5ca2c61383a6b5013a4fd1f145
data/reference/results/robust_v28/2020-10-17/scenario_00/v28_pattern2_curtailment.npz,72066,32bbe56d31e1b36d52a636b3ae3c3f106b58331693420062d42ec6c0606520fe
data/reference/results/robust_v28/2020-10-17/scenario_00/v28_pattern2_price25.json,1311,8b7c97d45d77e598a0a18f5c027c8f7759ace6271062f3109bc7cb795c88ee3a
data/reference/results/robust_v28/2020-10-17/scenario_00/v28_pattern2_price25.npz,71365,e14629dae61b5777325096435ef10a43f7fffc06b96c73c7dcfcf738da49d6bb
data/reference/results/robust_v28/2020-10-17/scenario_00/v28_pattern3_balanced.json,1310,0a756f30acd380b19e85094d9abee99200e50f62f7efccc27ef0e0c357a5209d
data/reference/results/robust_v28/2020-10-17/scenario_00/v28_pattern3_balanced.npz,71313,f04041c0fea19bf3501bf19513a7d9adf7994575d5d9d78db13e9971cb754190
data/reference/results/robust_v28/2020-10-17/scenario_00/v28_pattern3_carbon.json,1309,ed98dc3b6fb8199855f6d9fa20abbbd03c04f89b54bd22586f74158d2c7931fa
data/reference/results/robust_v28/2020-10-17/scenario_00/v28_pattern3_carbon.npz,71593,36992f7e007fb5d1085388e22062335750ee4c845dc511cf227ddd76d80f5d4c
data/reference/results/robust_v28/2020-10-17/scenario_00/v28_pattern3_cost.json,1309,47016eedbd2d7b57e4e1ac981b814fc7473dce47389fba66337b36e87d7d2067
data/reference/results/robust_v28/2020-10-17/scenario_00/v28_pattern3_cost.npz,71274,b349aaed33e3b3a7142fee291c0eea544899ae6a50c06deb25bba02bac3e8839
data/reference/results/robust_v28/2020-10-17/scenario_00/v28_pattern3_curtailment.json,1334,48d3a91303057171f7eb925a88494dbce7dbc25f1067aa8f6c3470171d92bdbc
data/reference/results/robust_v28/2020-10-17/scenario_00/v28_pattern3_curtailment.npz,71961,72a646cce54dbdf6f7d2ebb530ee154844b1e1a36d3849bd13e318db46b10790
data/reference/results/robust_v28/2020-10-17/scenario_00/v28_pattern3_price25.json,1312,d0e98c175560e2d777cb05d518f81f7cde0e489fcc1a4fa31046d0d237b5f8db
data/reference/results/robust_v28/2020-10-17/scenario_00/v28_pattern3_price25.npz,71240,500c7843418ea698ee1fe935d0de5cc4c82e7e549882dcbc95ee3bd112bd3893
data/reference/results/robust_v28/2020-10-17/scenario_01/M1_constant.json,2564,7021877be87314c7c114e05046334645eee7e1a2b4e07b259c1b6a4fbe36df65
data/reference/results/robust_v28/2020-10-17/scenario_01/M1_constant.npz,71508,e04ee0fd6c2a3b77d8ef1f44c658a613aa2dfe9f9ed6a5076bb6b327a63c62d7
data/reference/results/robust_v28/2020-10-17/scenario_01/M1_constant_execution.json,1236,fdc573faf4f7806d3d5c66eade85682a71ba7f2eee6ee2ae4aa135e0712ecf8e
data/reference/results/robust_v28/2020-10-17/scenario_01/M1_constant_execution.npz,9413,e86a32fb2a1e8662c7bf3f0d171005cd0bf64c42edde282a0c5c2675da9d8009
data/reference/results/robust_v28/2020-10-17/scenario_01/M4_proposed.json,2565,be2a9c8f3f6815eaa13d23c7b12386adb3de612873b46de3c1037d17f1229255
data/reference/results/robust_v28/2020-10-17/scenario_01/M4_proposed.npz,74823,29ea3ebd6736b635c5b31fffecd9372744779b5598f607caff31ecf3b5661ea4
data/reference/results/robust_v28/2020-10-17/scenario_01/M4_proposed_execution.json,1891,ff6ed7724b684a5214bec7465dbcbf628f5228face19dcda2a6dd01eaa7b4bb5
data/reference/results/robust_v28/2020-10-17/scenario_01/M4_proposed_execution.npz,1405498,ce855dc738ed2a1fec3c275dafef687ad5d06ba77b9de6becefd7f90912b2a77
data/reference/results/robust_v28/2020-10-17/scenario_01/balanced_full_library.json,1363,b8523498b4a19ef6f11de4f52adc800f2955a89d847575350b4954cb85e63c96
data/reference/results/robust_v28/2020-10-17/scenario_01/balanced_full_library.npz,74403,50a56c923cbbfba6bed59ccf3706ddca975f9706b01f1d478066142b20f2888d
data/reference/results/robust_v28/2020-10-17/scenario_01/cells.json,520612,0464d318f18919f2f039b1dd09d8e8b8cdce70729afae4d9694416f2ec6bbe67
data/reference/results/robust_v28/2020-10-17/scenario_01/constant_carbon.json,1308,4883c78a0bfad22dc4f7a6285f0030cc926e5ec80ee5f731aa3ad08db5df4132
data/reference/results/robust_v28/2020-10-17/scenario_01/constant_carbon.npz,70598,bb44b13c74795b2a76950c32b227cb02d90e005349c8f901cda8d94ea03f9fb3
data/reference/results/robust_v28/2020-10-17/scenario_01/constant_cost.json,1307,8667b6c87cef16ae98dac241745f1943e6894d3cb0287e34d3ca1a87d212a719
data/reference/results/robust_v28/2020-10-17/scenario_01/constant_cost.npz,70099,a0b9f4370cab79b857cbf9f2a64135516797912b722003c5daca5b2260518440
data/reference/results/robust_v28/2020-10-17/scenario_01/constant_curtailment.json,1352,db0b60ef5d6c5d447f282c021860cdd327bbfb2ad243db9fb636d124978f441c
data/reference/results/robust_v28/2020-10-17/scenario_01/constant_curtailment.npz,70686,9bdc8ea7d9f6cb6f9a4bdbc4555185fbbdf82e40e17b7db3453f622437462415
data/reference/results/robust_v28/2020-10-17/scenario_01/constant_price25.json,1310,279187e19575ddafba98f042c6e3ae503af97f282a90833ea1c5e1d448d18ea7
data/reference/results/robust_v28/2020-10-17/scenario_01/constant_price25.npz,70265,65f768587407d9b6b9d0dba1fbd439cc8ce6734323e6a1e6730cdd943fdbf0f9
data/reference/results/robust_v28/2020-10-17/scenario_01/recovery_v20_carbon.json,1309,3fa854e6c0f3ac0580283446acd3d63b4f97cd0269588ff56a9f67b8ca2dcb87
data/reference/results/robust_v28/2020-10-17/scenario_01/recovery_v20_carbon.npz,73689,d1a8ede5e81122098aef2be8dce8fb286d517b683898509bec758a08f43a318b
data/reference/results/robust_v28/2020-10-17/scenario_01/recovery_v20_cost.json,1307,332f5d8ada011c0cfa4cada8bb22ffaa3580cfa84643ef80c30e78516c706876
data/reference/results/robust_v28/2020-10-17/scenario_01/recovery_v20_cost.npz,73325,07e3ee647e27b28acff40fc214c3d8801f77b8559b5308ab1ad12e7e9e1d1081
data/reference/results/robust_v28/2020-10-17/scenario_01/recovery_v20_curtailment.json,1352,9dc7c51a05cca80deaa6dc14858b5c09481ced22a20f5e4df869bdeb7c8d22ef
data/reference/results/robust_v28/2020-10-17/scenario_01/recovery_v20_curtailment.npz,73946,ad61945102cf69654d6838fe6e31044e6c0757b2dab81d3061e60ccb35583ac4
data/reference/results/robust_v28/2020-10-17/scenario_01/recovery_v20_price25.json,1310,e602e2f7352cebb427ff8b84c4de3f09ec587d048f257ce9ac2ebff9a8250973
data/reference/results/robust_v28/2020-10-17/scenario_01/recovery_v20_price25.npz,73452,2e1106e9e82c64d9b3c93ae3d89c41279a42012b301e1a18facc0b44b74948fa
data/reference/results/robust_v28/2020-10-17/scenario_01/recovery_v21_carbon.json,1309,04cc3882dbe0a8b98aa9cd32ac52849271a099cc2762ff691c1e1666cbce3d0d
data/reference/results/robust_v28/2020-10-17/scenario_01/recovery_v21_carbon.npz,73726,24bdf2e3ebfad8151bd1b4453b8142b2c6467d2ce830904d0883692a86ffe225
data/reference/results/robust_v28/2020-10-17/scenario_01/recovery_v21_cost.json,1307,58ab45ae81ba6e06c116665af7385fa5ea93c6a1c5d62138092c30d28a61d7e5
data/reference/results/robust_v28/2020-10-17/scenario_01/recovery_v21_cost.npz,73347,705eee08dd14aa5a91a9eb70c6bde131ebfdaac4ec44ac68b2c41ef1c65542a6
data/reference/results/robust_v28/2020-10-17/scenario_01/recovery_v21_curtailment.json,1333,becd340f1a2e88e43f3c908350df32d8b82378d4c398a1423da3cfaa9c7e1496
data/reference/results/robust_v28/2020-10-17/scenario_01/recovery_v21_curtailment.npz,73846,3aa799991307ead2fe604c93a17c4a708cef05cbef50ae79c5830f518b1ec28c
data/reference/results/robust_v28/2020-10-17/scenario_01/recovery_v21_price25.json,1310,02bf5313055922644acb205ec790a855d2f638fc628f8c8a6c3dcb628b09a81a
data/reference/results/robust_v28/2020-10-17/scenario_01/recovery_v21_price25.npz,73372,eac1d6888c0dc482816f51d759cd7f41bd051755425a98f4a4baf183bee4414b
data/reference/results/robust_v28/2020-10-17/scenario_01/scenario_adaptive_carbon.json,1310,eb4f62d888a2b0c489d656a6c39e70a0831906a16c66f8c4753590da15bea31d
data/reference/results/robust_v28/2020-10-17/scenario_01/scenario_adaptive_carbon.npz,73882,5c7d21fca7ac067f0ba470d63bb20b1cc0f7be5536d0132588b914e0e4ed9d7b
data/reference/results/robust_v28/2020-10-17/scenario_01/scenario_adaptive_cost.json,1307,b21261ce82cfa901db7c624ec8a8b7456c8bc8413b6346daf97eeb3ee88db382
data/reference/results/robust_v28/2020-10-17/scenario_01/scenario_adaptive_cost.npz,73471,afe65037a9e0deb3a79a07474b3aed904b8011e275fe8a685768f5af9202ffba
data/reference/results/robust_v28/2020-10-17/scenario_01/scenario_adaptive_curtailment.json,1332,c37d1623687283875be23d997bec41cd411580cf82e7062241e49c005f607da5
data/reference/results/robust_v28/2020-10-17/scenario_01/scenario_adaptive_curtailment.npz,73823,ac03f37ad594daf6aff8110df95192d926fb76d9a271c044c90299d61f04c111
data/reference/results/robust_v28/2020-10-17/scenario_01/scenario_adaptive_price25.json,1309,33dcb334fef3e0908153e5a3b5f10424683be04e0d491b412f0c72c93f279954
data/reference/results/robust_v28/2020-10-17/scenario_01/scenario_adaptive_price25.npz,73587,d8f215cd895721bd6d68323124796c7678b820cabe144274694ef6fdfff7994c
data/reference/results/robust_v28/2020-10-17/scenario_01/v27_library_carbon.json,1361,b45c2811d3f7bfc344d4e7a59b436bcc06813aa4d3907a25883caaa0bc74bfe4
data/reference/results/robust_v28/2020-10-17/scenario_01/v27_library_carbon.npz,73868,060b36b00e7d35e2b23b20ae84112d3e7f2b6162b07f328f90cb39d9dc65ae55
data/reference/results/robust_v28/2020-10-17/scenario_01/v27_library_cost.json,1344,4bb3b1d4a0e649fd27a04b3e2089bc6be37e8f280f589c9b74b14f25a4e17a16
data/reference/results/robust_v28/2020-10-17/scenario_01/v27_library_cost.npz,73538,80ff285438e76dc0bd44d34c0f0e533ce4826c06ee9389e00f4d6e23f5d055ee
data/reference/results/robust_v28/2020-10-17/scenario_01/v27_library_curtailment.json,1332,610783944e239bd34ff87fb0371a0b956e316457d15943f1a7221897559b60c7
data/reference/results/robust_v28/2020-10-17/scenario_01/v27_library_curtailment.npz,74234,55ba1209e2d14195dbe3ff14d9b08fe2cac4aff5e45832bb54dfd9e0832ad4fc
data/reference/results/robust_v28/2020-10-17/scenario_01/v27_library_price25.json,1344,1971cb23141fff7c9e7c049ae5f23d322509408011494ce30317ba17548f086c
data/reference/results/robust_v28/2020-10-17/scenario_01/v27_library_price25.npz,73670,26450151d6c9a24d8e6fb093483c3e4b941db03d3e9432afc0d5b984542bef32
data/reference/results/robust_v28/2020-10-17/scenario_01/v27_pattern0_carbon.json,1309,cb43cc2313919cbc213fc2a9761eb49d508ed7cfa432eb5ef4c0723e5cc96024
data/reference/results/robust_v28/2020-10-17/scenario_01/v27_pattern0_carbon.npz,73845,d15e6a45003d99b70a163b79bebd3667c29b710c182e544247ca1b40b682bb06
data/reference/results/robust_v28/2020-10-17/scenario_01/v27_pattern0_cost.json,1305,4fa6d2e3bbb287e2acde8b8ff5efa35c77be2920685c7e4d49bb68be219c7ce9
data/reference/results/robust_v28/2020-10-17/scenario_01/v27_pattern0_cost.npz,73401,e3f0a5e9bde3e5c9ebd61c40f16a8c68f76d62c1413ccdd1105ac1d6bab76556
data/reference/results/robust_v28/2020-10-17/scenario_01/v27_pattern0_curtailment.json,1334,5369544dced37bcd5a041e911fce78fe487fa7d2595b5218dde520891184407a
data/reference/results/robust_v28/2020-10-17/scenario_01/v27_pattern0_curtailment.npz,73949,a909852d426985c6f14ea829e74d8383e13c666f332233c0087610d2e94f89e0
data/reference/results/robust_v28/2020-10-17/scenario_01/v27_pattern0_price25.json,1308,13603a52948c97b8b7e251de418a519390f9a1d2c05c8a7bbdc51fe890c04313
data/reference/results/robust_v28/2020-10-17/scenario_01/v27_pattern0_price25.npz,73486,d538509ef51090151f038569f04a88e8b9246fded4303d970f7f88c50e8207bf
data/reference/results/robust_v28/2020-10-17/scenario_01/v27_pattern1_carbon.json,1306,6a98e446d9971b1269137cc2738f11dd75d1ae6a67fb49fb786686f50d5063bf
data/reference/results/robust_v28/2020-10-17/scenario_01/v27_pattern1_carbon.npz,73667,78a6daed6d2485ed65522020b79192cf0854c5e1bc480e0c709ed5013d21caac
data/reference/results/robust_v28/2020-10-17/scenario_01/v27_pattern1_cost.json,1306,b8ded59505cdbd0ab3db25d5732b7dbaf8b5e3e3955886b2d96cd4db08bf884f
data/reference/results/robust_v28/2020-10-17/scenario_01/v27_pattern1_cost.npz,73394,d70f599fb2afb6436bcc5b2881f6ff56ba736df9bbc9bcd423269ca1b65ad0bd
data/reference/results/robust_v28/2020-10-17/scenario_01/v27_pattern1_curtailment.json,1332,7a4887360515a34c5a4f665a4777a7024916b3837e01aff9d8e3776a5ba89c29
data/reference/results/robust_v28/2020-10-17/scenario_01/v27_pattern1_curtailment.npz,73935,4bfc8927b5618226e96e8622f847476b24b89f87aaae06bf1e687a8c4ebd9bd9
data/reference/results/robust_v28/2020-10-17/scenario_01/v27_pattern1_price25.json,1309,0443807de43617e5108b0912a11b9ab1826a19df93e01d784730c457288bf4ba
data/reference/results/robust_v28/2020-10-17/scenario_01/v27_pattern1_price25.npz,73439,0eb554ffc433081f18ff9616bb7ef15a73ced26b39916402ee6f00595078e438
data/reference/results/robust_v28/2020-10-17/scenario_01/v27_pattern2_carbon.json,1310,050c3099bddf52f33472ff247fed595a6ad14bb0f31586b3cf0b478621b9049a
data/reference/results/robust_v28/2020-10-17/scenario_01/v27_pattern2_carbon.npz,73882,5c7d21fca7ac067f0ba470d63bb20b1cc0f7be5536d0132588b914e0e4ed9d7b
data/reference/results/robust_v28/2020-10-17/scenario_01/v27_pattern2_cost.json,1306,0dcc9e00615dfa68575198f103f6f5730cf883ef4b9b10c1e53c6ec5cbdcebf8
data/reference/results/robust_v28/2020-10-17/scenario_01/v27_pattern2_cost.npz,73471,afe65037a9e0deb3a79a07474b3aed904b8011e275fe8a685768f5af9202ffba
data/reference/results/robust_v28/2020-10-17/scenario_01/v27_pattern2_curtailment.json,1332,71abe9ac44af47431679083ca0aa4820bed936c5237c5723a480f0fa1d1867d6
data/reference/results/robust_v28/2020-10-17/scenario_01/v27_pattern2_curtailment.npz,73823,ac03f37ad594daf6aff8110df95192d926fb76d9a271c044c90299d61f04c111
data/reference/results/robust_v28/2020-10-17/scenario_01/v27_pattern2_price25.json,1309,3089946aa39061abb68a37e98f7e1843aa0952ae3b81e6d7c9c545bc0339bd93
data/reference/results/robust_v28/2020-10-17/scenario_01/v27_pattern2_price25.npz,73587,d8f215cd895721bd6d68323124796c7678b820cabe144274694ef6fdfff7994c
data/reference/results/robust_v28/2020-10-17/scenario_01/v28_library_balanced.json,1366,cdefec2ecff2a9d7042a2736c8858ba08eb038c47a1df7a36f1c64fee73e02c9
data/reference/results/robust_v28/2020-10-17/scenario_01/v28_library_balanced.npz,74392,9dc67d48fd51f0d08056fa464d5c9d8eb6e5d6a08267fc113b4676a22b6260a8
data/reference/results/robust_v28/2020-10-17/scenario_01/v28_library_carbon.json,1361,1d02d07fc6ef9c9f41c964e07cd4a83e2ce2ad974edb595c5f0d100c1531803e
data/reference/results/robust_v28/2020-10-17/scenario_01/v28_library_carbon.npz,73876,213cf8a9f9c7088fbe2b6230445fcb7e9390961a76d16cd1024d841fb6d3ebea
data/reference/results/robust_v28/2020-10-17/scenario_01/v28_library_cost.json,1345,8814cc98ea5e8df85a758f6fe9da1c85a24bb311fec9c14ae5f8e7880648d0ec
data/reference/results/robust_v28/2020-10-17/scenario_01/v28_library_cost.npz,73627,c21d5736396558af5f6c249fafece56ab0024af92e67f1bd07ff6f4f463062c1
data/reference/results/robust_v28/2020-10-17/scenario_01/v28_library_curtailment.json,1353,6927024cda584f080b23bb4a1e2995e31a3923b3d49e0d5fff86b151a9a91ad2
data/reference/results/robust_v28/2020-10-17/scenario_01/v28_library_curtailment.npz,74189,aa7525c8b4005decfa73ec65e59a76c4edb5d47f377599bf579aeb17758a5c7c
data/reference/results/robust_v28/2020-10-17/scenario_01/v28_library_price25.json,1346,c6ffc741aac7027e2c967d31a4cce40d9eddf800dcd1d0d75e30a6dec644dc38
data/reference/results/robust_v28/2020-10-17/scenario_01/v28_library_price25.npz,73770,cc97065a42669e128abd9f31bdbad2621ebfe7c0f732e6da9b36c8312d951990
data/reference/results/robust_v28/2020-10-17/scenario_01/v28_pattern0_balanced.json,1366,f7642c4367dcb70ba70dcad05a405475a119ac1634493f4896764ca204edd339
data/reference/results/robust_v28/2020-10-17/scenario_01/v28_pattern0_balanced.npz,74092,9af4c190cf1d4ba8036d6b2527a40b9a4d0d24883bd8462509775362a2a5b165
data/reference/results/robust_v28/2020-10-17/scenario_01/v28_pattern0_carbon.json,1310,0150df4e87682371057d0049a0e34142df4b39714dc250b073c92588d58e3731
data/reference/results/robust_v28/2020-10-17/scenario_01/v28_pattern0_carbon.npz,73882,5c7d21fca7ac067f0ba470d63bb20b1cc0f7be5536d0132588b914e0e4ed9d7b
data/reference/results/robust_v28/2020-10-17/scenario_01/v28_pattern0_cost.json,1307,f2f093a89aa59cb8a7ad23e26780410a26c55187b007ac6dc6c49cc4e5a7f52d
data/reference/results/robust_v28/2020-10-17/scenario_01/v28_pattern0_cost.npz,73471,afe65037a9e0deb3a79a07474b3aed904b8011e275fe8a685768f5af9202ffba
data/reference/results/robust_v28/2020-10-17/scenario_01/v28_pattern0_curtailment.json,1332,918624812c360c7f1b411b11bed1f4ba6e4e0cd2d99ddbd63f73442dcad11646
data/reference/results/robust_v28/2020-10-17/scenario_01/v28_pattern0_curtailment.npz,73823,ac03f37ad594daf6aff8110df95192d926fb76d9a271c044c90299d61f04c111
data/reference/results/robust_v28/2020-10-17/scenario_01/v28_pattern0_price25.json,1309,da6476d8443e04735991f7a81e4a55f587f422678d4aab56939d8b664657e7b7
data/reference/results/robust_v28/2020-10-17/scenario_01/v28_pattern0_price25.npz,73587,d8f215cd895721bd6d68323124796c7678b820cabe144274694ef6fdfff7994c
data/reference/results/robust_v28/2020-10-17/scenario_01/v28_pattern1_balanced.json,1365,8ddf88846173b14f7510cb9712290532c862af9eaf1bec863866bea381287787
data/reference/results/robust_v28/2020-10-17/scenario_01/v28_pattern1_balanced.npz,74073,49ec3dfb44805e53a1b4476f232392e9541e990870cda9383961f9afa09313a8
data/reference/results/robust_v28/2020-10-17/scenario_01/v28_pattern1_carbon.json,1309,46301cfa0c99f819d41e4d6e80c8861b185bcb12578031f4a8fb7ac5da1564fe
data/reference/results/robust_v28/2020-10-17/scenario_01/v28_pattern1_carbon.npz,73845,d15e6a45003d99b70a163b79bebd3667c29b710c182e544247ca1b40b682bb06
data/reference/results/robust_v28/2020-10-17/scenario_01/v28_pattern1_cost.json,1305,223705afc2ec28291ad091f778a8fdc57c41371b895ad079943b1e2efe8ee9b0
data/reference/results/robust_v28/2020-10-17/scenario_01/v28_pattern1_cost.npz,73401,e3f0a5e9bde3e5c9ebd61c40f16a8c68f76d62c1413ccdd1105ac1d6bab76556
data/reference/results/robust_v28/2020-10-17/scenario_01/v28_pattern1_curtailment.json,1334,7e0301353d1b3981fd3ea71dd53cb9cab799ab9ec8cdd2240df6e317708073d3
data/reference/results/robust_v28/2020-10-17/scenario_01/v28_pattern1_curtailment.npz,73949,a909852d426985c6f14ea829e74d8383e13c666f332233c0087610d2e94f89e0
data/reference/results/robust_v28/2020-10-17/scenario_01/v28_pattern1_price25.json,1307,e97e08532e04ac67fce4eaea3016a4705888e5c943ea56dc97b43f7b626c19a2
data/reference/results/robust_v28/2020-10-17/scenario_01/v28_pattern1_price25.npz,73486,d538509ef51090151f038569f04a88e8b9246fded4303d970f7f88c50e8207bf
data/reference/results/robust_v28/2020-10-17/scenario_01/v28_pattern2_balanced.json,1329,13a9ac6177da6ef42e4531923329f71b30194a2d8bd567e9937e9fdab650c8f0
data/reference/results/robust_v28/2020-10-17/scenario_01/v28_pattern2_balanced.npz,74008,450a7e73afc55da0220c760cccb86cdfaf403261858c56a447d784aaba35dc46
data/reference/results/robust_v28/2020-10-17/scenario_01/v28_pattern2_carbon.json,1306,585d4d83cce81d4977bf9a6ac04d8149af9391969f79d4b17e1ec653f90e61bb
data/reference/results/robust_v28/2020-10-17/scenario_01/v28_pattern2_carbon.npz,73667,78a6daed6d2485ed65522020b79192cf0854c5e1bc480e0c709ed5013d21caac
data/reference/results/robust_v28/2020-10-17/scenario_01/v28_pattern2_cost.json,1306,bff77e6c9ab63031895cfad4666aa3d6b903eb66440dbabce7f99fb869beacbe
data/reference/results/robust_v28/2020-10-17/scenario_01/v28_pattern2_cost.npz,73394,d70f599fb2afb6436bcc5b2881f6ff56ba736df9bbc9bcd423269ca1b65ad0bd
data/reference/results/robust_v28/2020-10-17/scenario_01/v28_pattern2_curtailment.json,1332,16656b41b0d1e3a24f3a6e6b8bfbeb283bc9a720c0b895c402abcadc7b72211a
data/reference/results/robust_v28/2020-10-17/scenario_01/v28_pattern2_curtailment.npz,73935,4bfc8927b5618226e96e8622f847476b24b89f87aaae06bf1e687a8c4ebd9bd9
data/reference/results/robust_v28/2020-10-17/scenario_01/v28_pattern2_price25.json,1309,0b344fb6f5a842c50d89efeba68c51385487bb41ea52ce1768bac43ed1e15054
data/reference/results/robust_v28/2020-10-17/scenario_01/v28_pattern2_price25.npz,73439,0eb554ffc433081f18ff9616bb7ef15a73ced26b39916402ee6f00595078e438
data/reference/results/robust_v28/2020-10-17/scenario_02/M1_constant.json,2472,1e6aa86a21f8860d6220704a993a7758cd016f12f1c45e4d175199334cf70b10
data/reference/results/robust_v28/2020-10-17/scenario_02/M1_constant.npz,70923,2e12e0d565bd4cb4bf3d41f82dae5b4f7ac7a9f577fde45cb142f79e6d550331
data/reference/results/robust_v28/2020-10-17/scenario_02/M1_constant_execution.json,1236,fdc573faf4f7806d3d5c66eade85682a71ba7f2eee6ee2ae4aa135e0712ecf8e
data/reference/results/robust_v28/2020-10-17/scenario_02/M1_constant_execution.npz,9413,e86a32fb2a1e8662c7bf3f0d171005cd0bf64c42edde282a0c5c2675da9d8009
data/reference/results/robust_v28/2020-10-17/scenario_02/M4_proposed.json,2473,66605069bdf9be7d84b71c1979ab8ae5630cbc9b61cf08dd09fbda6b58437782
data/reference/results/robust_v28/2020-10-17/scenario_02/M4_proposed.npz,74226,48e271eca5d621c8e5bbd36b53043f618e3211f803e70ea7dd914bcdece45cfd
data/reference/results/robust_v28/2020-10-17/scenario_02/M4_proposed_execution.json,1875,cb869ba8a1b1ce6da00bb16a0dddb70cabafd336b8c367fe6231ee37fe5ce12b
data/reference/results/robust_v28/2020-10-17/scenario_02/M4_proposed_execution.npz,1398116,9364b3275b4cb74a90b9677360dbfeb77f97a9ba6b5312b3ccc7aeb972899848
data/reference/results/robust_v28/2020-10-17/scenario_02/balanced_full_library.json,1351,287dfd984e153e97c8180d23c7823e9f62e4b87d0e2fd96746446783e6ff5dcd
data/reference/results/robust_v28/2020-10-17/scenario_02/balanced_full_library.npz,73931,bd656f021d5b63af1d05b9af290fe2f9e9962918745442ed740ce180e85b033d
data/reference/results/robust_v28/2020-10-17/scenario_02/cells.json,329152,94441aadb0c349525704d4fb2d6dc4160a5c0e04bfc0a2b9fcae66c826bd4b6f
data/reference/results/robust_v28/2020-10-17/scenario_02/constant_carbon.json,1308,2fc8c026ca2a29b91b150f477a48a6e539878570a444d9548a69d8d4e236dda8
data/reference/results/robust_v28/2020-10-17/scenario_02/constant_carbon.npz,70928,469292e4387a1b8dc8cf567b37947aa6333abbcb25ed45c1df40d12ed33fba20
data/reference/results/robust_v28/2020-10-17/scenario_02/constant_cost.json,1307,2c4481dd5619da9abf4179b3651d2123e452d2fe83c9e7970733480fac428220
data/reference/results/robust_v28/2020-10-17/scenario_02/constant_cost.npz,70522,5103eecd03016c76570f4f145f0d8d62a8959ad2071125dc4b2fa3bf25668486
data/reference/results/robust_v28/2020-10-17/scenario_02/constant_curtailment.json,1332,60c46a536d30ccde06e45fbaf908e9d030227cf86ee9fee75c3770f718fe210a
data/reference/results/robust_v28/2020-10-17/scenario_02/constant_curtailment.npz,70663,b7ae4e6cf66eb7fbd640a166f67b18bee990038b62afab17af838a25b0d0b6b9
data/reference/results/robust_v28/2020-10-17/scenario_02/constant_price25.json,1308,5dc4bc4aaf059310939b3f9b52a8da3b64b552b3a1737b9ee4e181c11e525195
data/reference/results/robust_v28/2020-10-17/scenario_02/constant_price25.npz,70810,f044b716afb291efb57309d177c640d015617bece14e81cef2eebce9fa42f296
data/reference/results/robust_v28/2020-10-17/scenario_02/recovery_v20_carbon.json,1311,da63304d1a2d947041924032b047658b8e5e9cf005b89fa4e673e21db14b761e
data/reference/results/robust_v28/2020-10-17/scenario_02/recovery_v20_carbon.npz,74062,48ee379455df5badc6c79a724a417e95066d0f99bdd0a08a334b547831190dc1
data/reference/results/robust_v28/2020-10-17/scenario_02/recovery_v20_cost.json,1307,5aa020afcd4b2acedf58f4d71f63ed3409eee335df42269a137bf6be6a054d59
data/reference/results/robust_v28/2020-10-17/scenario_02/recovery_v20_cost.npz,73427,042471e6358a5c59a946298a1ddfb190c394e04b7924b3334d3c44aac18365a5
data/reference/results/robust_v28/2020-10-17/scenario_02/recovery_v20_curtailment.json,1333,e88f70f0cfef4183176ceb76ddc382d6c96bf438fd468d38f50ee04400f41490
data/reference/results/robust_v28/2020-10-17/scenario_02/recovery_v20_curtailment.npz,73869,97390a2e0e3582029a0a087c9fa1c11d44f690ec66fbc1398a34b4061a761085
data/reference/results/robust_v28/2020-10-17/scenario_02/recovery_v20_price25.json,1310,2aef09af097461fdb5a21c97c789f331f8a5e5d1b30e243f422ac62de4dc4be0
data/reference/results/robust_v28/2020-10-17/scenario_02/recovery_v20_price25.npz,73956,fb071c70fbbd5fae05076de237a50b386da440159de128de6de77f0834ee03be
data/reference/results/robust_v28/2020-10-17/scenario_02/recovery_v21_carbon.json,1310,5af3f0b75b53ce504f45e20428b48f0d638caed674b23243bbb20b28f37df5b0
data/reference/results/robust_v28/2020-10-17/scenario_02/recovery_v21_carbon.npz,74030,a2895fc43bc66d0988eb24f89a41dca55493bcd5e95f99a848afea6b164ecbe5
data/reference/results/robust_v28/2020-10-17/scenario_02/recovery_v21_cost.json,1308,6defd9e4e09144c01819c89d1edece8ce0ba7fc5ae0b3f3e24d321a672de67bd
data/reference/results/robust_v28/2020-10-17/scenario_02/recovery_v21_cost.npz,73591,83fc3e9b5de312c4aa8d2b9a8792bc5a26e34252fc6d5c64c551595db022a194
data/reference/results/robust_v28/2020-10-17/scenario_02/recovery_v21_curtailment.json,1353,440ccc1ec14457a3b081eeffd4763123b53756760b9e0b9f7ac4dfbbdded05a1
data/reference/results/robust_v28/2020-10-17/scenario_02/recovery_v21_curtailment.npz,73844,2f05a31297d937ba4a6831fcd6cef62296251e82b3f8d2c2b48f8b924dda4172
data/reference/results/robust_v28/2020-10-17/scenario_02/recovery_v21_price25.json,1310,2203002629c5ced1f9f3f031c24ba66dd948908e6e724b934efa4358bdbe0ea1
data/reference/results/robust_v28/2020-10-17/scenario_02/recovery_v21_price25.npz,73921,7d039b9bf4d1fc75c4e7025d912aa90f5f4538696c230e4f505e52d5d6288a2a
data/reference/results/robust_v28/2020-10-17/scenario_02/scenario_adaptive_carbon.json,1309,5c36c2fbe74e5280b2f01889bf62d319ab6786967379cd953badd6f41e53ce35
data/reference/results/robust_v28/2020-10-17/scenario_02/scenario_adaptive_carbon.npz,74146,9f3e5664383b0c054c9acc8eadbefd73415e9f5b2eea6b0042682e63e2a4353e
data/reference/results/robust_v28/2020-10-17/scenario_02/scenario_adaptive_cost.json,1309,19d2b6587aad0bbc9f19f308e885938fee8ae1ed2ff75c6501ac53836b74300b
data/reference/results/robust_v28/2020-10-17/scenario_02/scenario_adaptive_cost.npz,73628,6aac8a1966cc63fe16ec35e74786b2c2ae662cc134e4c7b0cc733c1eb09f1e93
data/reference/results/robust_v28/2020-10-17/scenario_02/scenario_adaptive_curtailment.json,1334,64fef9ef8edc321fe562e36e5fead04ab1cf91457e4ec9013e003da80cdbdcb4
data/reference/results/robust_v28/2020-10-17/scenario_02/scenario_adaptive_curtailment.npz,73982,1246cb98bfc8b8b2f9c27105f6240f8add1fd2c4505f8997b277556e9b1e8bfc
data/reference/results/robust_v28/2020-10-17/scenario_02/scenario_adaptive_price25.json,1312,4886220b33f101ab32b939f6ae7a5c6a85fb98ff2aade6ba56d28b17334d2934
data/reference/results/robust_v28/2020-10-17/scenario_02/scenario_adaptive_price25.npz,73940,cc65a6a8ca210ac092d5ae46c89ec15251423e3c458b42db7a7b213a91ae0e19
data/reference/results/robust_v28/2020-10-17/scenario_02/v27_library_carbon.json,1345,c0c8ccfa3ea3a0e48907922b59b6224d7de448af085ac5cdd4dad43540c0d186
data/reference/results/robust_v28/2020-10-17/scenario_02/v27_library_carbon.npz,74163,2925947eb735369aa7d4a8554d0fd78c96035b00e14fea75a2b82e2ca9811417
data/reference/results/robust_v28/2020-10-17/scenario_02/v27_library_cost.json,1363,4504ae415aff8a723ac84e1a8b58cf24812b94f8366f639c6786145acaad63c6
data/reference/results/robust_v28/2020-10-17/scenario_02/v27_library_cost.npz,74099,35c8a5775b4a1d0e1b20ca2fefaa77aa1070e21c07f1fadf1e22599d0165e201
data/reference/results/robust_v28/2020-10-17/scenario_02/v27_library_curtailment.json,1373,a16359cb437767b8accc4509014cb00ab87b9e20103504e25f0a8b4e7846661b
data/reference/results/robust_v28/2020-10-17/scenario_02/v27_library_curtailment.npz,73878,250f8ea24d226754993501886968a7de61fa230154f9cfceb41108f44361eda1
data/reference/results/robust_v28/2020-10-17/scenario_02/v27_library_price25.json,1347,55ff32e7a73fe27b6a9840807820ef4cfb20ed08c15cb157ffa80343a8c142df
data/reference/results/robust_v28/2020-10-17/scenario_02/v27_library_price25.npz,74526,ef79c8ffd75e8267d5ab67ab09cb372138a38cb2a37210c3786d4e7e110a0912
data/reference/results/robust_v28/2020-10-17/scenario_02/v27_pattern0_carbon.json,1307,19215fa555dc035d70f276330fc66190a86c70466862abef052028ad4fc0e884
data/reference/results/robust_v28/2020-10-17/scenario_02/v27_pattern0_carbon.npz,74061,9ede8869cd138a5f62bff2e9c1d725a94792f98bf7358fad35404568de77b965
data/reference/results/robust_v28/2020-10-17/scenario_02/v27_pattern0_cost.json,1308,b883cbf7121cfdd4e0f3fef9c40950b6549caa6f40cef106f2eac31a978bfe94
data/reference/results/robust_v28/2020-10-17/scenario_02/v27_pattern0_cost.npz,73645,ecc25157694ce50dd78d43d72a338271322a9ae9cb999cba4ea0e83925a92883
data/reference/results/robust_v28/2020-10-17/scenario_02/v27_pattern0_curtailment.json,1368,80651b7c67c623a80bcf780702c1a9aebfad6fbe910dff8625fa8e1ce5015a38
data/reference/results/robust_v28/2020-10-17/scenario_02/v27_pattern0_curtailment.npz,73893,9b8f53bea9544ef5e7fcf8c306d7362e271205d036abb149ab46d138d5e8392f
data/reference/results/robust_v28/2020-10-17/scenario_02/v27_pattern0_price25.json,1312,28146ac875c4093e1040c8a2131d6ff887d3239c535194d8859edb5504509b40
data/reference/results/robust_v28/2020-10-17/scenario_02/v27_pattern0_price25.npz,73985,cf765fcfdf01fededed649f8968b56cc8be5393550a10fb35070bf8f5619aea1
data/reference/results/robust_v28/2020-10-17/scenario_02/v27_pattern1_carbon.json,1310,19dce4ba5dc09cc1b269d92e3bb41035021cc39c8d8e5cc726a8fd537a4b74a4
data/reference/results/robust_v28/2020-10-17/scenario_02/v27_pattern1_carbon.npz,74126,01e38d663cec5f5ae38e1035aa53683f3aa1c33e9d31c0deaa18f9590ba5b24c
data/reference/results/robust_v28/2020-10-17/scenario_02/v27_pattern1_cost.json,1306,f3fe984144099b60aa891e1f528986938f325fda9b83cc6009cfe21bafa4a6e3
data/reference/results/robust_v28/2020-10-17/scenario_02/v27_pattern1_cost.npz,73597,b3f3d68eec10458c3eb2f28618f326344d9bfc0a6cea1e0c43a2ae2fe9a17e8f
data/reference/results/robust_v28/2020-10-17/scenario_02/v27_pattern1_curtailment.json,1333,5c11f4b9f3e825aa8afb1ad2557beae4caefbdfb005dfa61cac9e02889ed69e2
data/reference/results/robust_v28/2020-10-17/scenario_02/v27_pattern1_curtailment.npz,73767,7cd59c152520a1aa833ecaee67057fc364d9d00bbd92259f7672caa0ecd6c1d1
data/reference/results/robust_v28/2020-10-17/scenario_02/v27_pattern1_price25.json,1309,f0032e67323f2ba91fe74986d1f8694214daab0850d2622820ae34faa3ca3180
data/reference/results/robust_v28/2020-10-17/scenario_02/v27_pattern1_price25.npz,73981,8495da9fd5c2f0a203e2599c23da6c7bc51695fa4b22499ed8508bad8f406247
data/reference/results/robust_v28/2020-10-17/scenario_02/v27_pattern2_carbon.json,1307,c13ed922ef44f1386b9e6450d6bb22250a7ee860a6ece2b27fbd75e929e1c4cd
data/reference/results/robust_v28/2020-10-17/scenario_02/v27_pattern2_carbon.npz,74051,718480707d27756a996f64bba5d3662749f9f35d91d477762d0875c41cd11e89
data/reference/results/robust_v28/2020-10-17/scenario_02/v27_pattern2_cost.json,1309,59035afd804ca824c5d8aee5da867c780d0e5b33c93f05de77eaad6057ca4274
data/reference/results/robust_v28/2020-10-17/scenario_02/v27_pattern2_cost.npz,73576,d7d0273fe42ea9d33d48745f241ab64b62694555fd7705338ca729ed745a07e4
data/reference/results/robust_v28/2020-10-17/scenario_02/v27_pattern2_curtailment.json,1349,b73d765e72958ac455c6ced50e1d0e1b8d4e971f43ee09441019e8a255b4d58d
data/reference/results/robust_v28/2020-10-17/scenario_02/v27_pattern2_curtailment.npz,73765,859f750847273b93135d30a0952a2c505ec4dbe5ba44f7c42d80a5c414b1a12e
data/reference/results/robust_v28/2020-10-17/scenario_02/v27_pattern2_price25.json,1311,47832b0ebc90fc5b5bdb8baf73b32c183472eabec642728c5cce2b4a4eb16109
data/reference/results/robust_v28/2020-10-17/scenario_02/v27_pattern2_price25.npz,73958,51509fb2fe558639a88909cd124db5dd00f0e75b2584db710f4ae7681625ec9b
data/reference/results/robust_v28/2020-10-17/scenario_02/v27_pattern3_carbon.json,1308,3bf5cadc7938cf6ec9e57f65026eb00f622a0ab3ebbcf944fc7c6755dd77d97b
data/reference/results/robust_v28/2020-10-17/scenario_02/v27_pattern3_carbon.npz,74146,9f3e5664383b0c054c9acc8eadbefd73415e9f5b2eea6b0042682e63e2a4353e
data/reference/results/robust_v28/2020-10-17/scenario_02/v27_pattern3_cost.json,1308,dec91523ae855ee3447fde78309ca05a83ec220233c805650c91ca3fdfa3f65d
data/reference/results/robust_v28/2020-10-17/scenario_02/v27_pattern3_cost.npz,73628,6aac8a1966cc63fe16ec35e74786b2c2ae662cc134e4c7b0cc733c1eb09f1e93
data/reference/results/robust_v28/2020-10-17/scenario_02/v27_pattern3_curtailment.json,1333,1792447a12b8a837390443adfd4c287eb14ebe8a39bedecb80af8684e9fc8a49
data/reference/results/robust_v28/2020-10-17/scenario_02/v27_pattern3_curtailment.npz,73982,1246cb98bfc8b8b2f9c27105f6240f8add1fd2c4505f8997b277556e9b1e8bfc
data/reference/results/robust_v28/2020-10-17/scenario_02/v27_pattern3_price25.json,1311,5faa30e2c894bcd8cddb01a2f50e330fbb610a75cc18fae2cdd364cc37430cb9
data/reference/results/robust_v28/2020-10-17/scenario_02/v27_pattern3_price25.npz,73940,cc65a6a8ca210ac092d5ae46c89ec15251423e3c458b42db7a7b213a91ae0e19
data/reference/results/robust_v28/2020-10-17/scenario_02/v28_library_balanced.json,1347,50870ecb780aae78111099eed48c6bacc2fdd98db599f32ef690775268c57d7f
data/reference/results/robust_v28/2020-10-17/scenario_02/v28_library_balanced.npz,73919,f3c2a6617f207c690f1df97a6ad428e91bafabcef3eb9627d14fd55f60e214ad
data/reference/results/robust_v28/2020-10-17/scenario_02/v28_library_carbon.json,1345,a9ab51ff5454aac7e6cf21d51c0dcb9a6db4d31f04ed8d14b6b89e63771327c4
data/reference/results/robust_v28/2020-10-17/scenario_02/v28_library_carbon.npz,74154,6eda0391653793049d6b5ea6cfb7738aa33bc899273829a10ff341f691e199fe
data/reference/results/robust_v28/2020-10-17/scenario_02/v28_library_cost.json,1346,a3e4cdb1fa573b0d772d82ac3ea64d2b5eee8cb4c3f0d33de13888a6ce2e9ad2
data/reference/results/robust_v28/2020-10-17/scenario_02/v28_library_cost.npz,73822,a58c3b78669d65530a15ac3c11c05bb6621cf28523d678ee059bf7dbfe0da94a
data/reference/results/robust_v28/2020-10-17/scenario_02/v28_library_curtailment.json,1351,5ae1b2fed6f5c3a377a0db215eac87e5171f604f12e7ccd351c5500fe2344eba
data/reference/results/robust_v28/2020-10-17/scenario_02/v28_library_curtailment.npz,73995,711872555376ef12f04027cd94afcd6d8c61f273ead05f1c5c21604ff810ccfe
data/reference/results/robust_v28/2020-10-17/scenario_02/v28_library_price25.json,1347,6592e33ae1d43da8f3fcd8254327cccb29ea646377c591c8c657191e61eaaabb
data/reference/results/robust_v28/2020-10-17/scenario_02/v28_library_price25.npz,74149,2311f4fac3912e9d6df7bff1f1b730a1a503dda54ad9488005c36b748e55b055
data/reference/results/robust_v28/2020-10-17/scenario_02/v28_pattern0_balanced.json,1348,acea8ab6a4cb871c099b92e986816f511660915e6ede70fa7d00b6c3b6e897c8
data/reference/results/robust_v28/2020-10-17/scenario_02/v28_pattern0_balanced.npz,74052,121a5b956189732a04fc128826388d2a84c9885bb174185e40e51925ad31ff4d
data/reference/results/robust_v28/2020-10-17/scenario_02/v28_pattern0_carbon.json,1310,1e73ef6966e993baaa08b42243d2c1a9c4897f23ecd83db8fbd2745d0cdacbed
data/reference/results/robust_v28/2020-10-17/scenario_02/v28_pattern0_carbon.npz,74168,7a9b633a825b6838447052cae29b181b2842b601304975b2bcf027ce6fb551b6
data/reference/results/robust_v28/2020-10-17/scenario_02/v28_pattern0_cost.json,1304,629d4bdefb04aad204a504a6e712111a24e1b27d61b5140bd6b4d60c374603cc
data/reference/results/robust_v28/2020-10-17/scenario_02/v28_pattern0_cost.npz,73733,59e8fa116f3c9b12b27d460032dd6ebd1f6f38109eb356df15e53e6b03250cb7
data/reference/results/robust_v28/2020-10-17/scenario_02/v28_pattern0_curtailment.json,1351,07490a27a198f632fd6920a45dfb82786bf42a4ed9225b03f980c45af5542765
data/reference/results/robust_v28/2020-10-17/scenario_02/v28_pattern0_curtailment.npz,73896,b23f4db62df374b7029e827c545af755d9fc56e6a8dc6635d1a047c62eb426c3
data/reference/results/robust_v28/2020-10-17/scenario_02/v28_pattern0_price25.json,1310,6640675c6db63a4a1c77489070494cbec139b4b38d44bd99a39801c92e426e7e
data/reference/results/robust_v28/2020-10-17/scenario_02/v28_pattern0_price25.npz,74062,0613d294dd83c21d298095131d898189947db62efe72c26f88348f13cc7f37fc
data/reference/results/robust_v28/2020-10-17/scenario_02/v28_pattern1_balanced.json,1310,d48087c4f76014d9cf03cb38b47521847cae71dba14699f39a5f0b38bc0f5da1
data/reference/results/robust_v28/2020-10-17/scenario_02/v28_pattern1_balanced.npz,73952,a9c59ee1ee7a7f8c39830c2310bf43135dc11241bc98bca0c654fc9dfd948ff4
data/reference/results/robust_v28/2020-10-17/scenario_02/v28_pattern1_carbon.json,1311,159b939475d0d52122aeeaa1dee38ec2b3036a5595068c518cb1fdabc9922db0
data/reference/results/robust_v28/2020-10-17/scenario_02/v28_pattern1_carbon.npz,74214,437cd58e00f67320608a115514e6e7c68ebe32211d5cf20f70afbf3a3ee23302
data/reference/results/robust_v28/2020-10-17/scenario_02/v28_pattern1_cost.json,1309,7ba30af00f8d71e1d13e9c53d6d267bd902423b0ddfd6898b5533a02971e66ae
data/reference/results/robust_v28/2020-10-17/scenario_02/v28_pattern1_cost.npz,73702,b13441adb6c28203ac376359800d73208c5af1073fcf86abf8c0ca33daeead67
data/reference/results/robust_v28/2020-10-17/scenario_02/v28_pattern1_curtailment.json,1333,95f31a3820b5912a086fd49a9e6163fc54b6dcd87b0f445eb5b64c2e6781e2fe
data/reference/results/robust_v28/2020-10-17/scenario_02/v28_pattern1_curtailment.npz,73788,16a3d86fc6e74bb535fc4dd2c3060dd3cf010d687203df24db06559cae50e2b4
data/reference/results/robust_v28/2020-10-17/scenario_02/v28_pattern1_price25.json,1310,4f7f3bc457c360ec6f1b5c2d39e12fc51ea0cc0ed05cbaf393fe27850cfd6d72
data/reference/results/robust_v28/2020-10-17/scenario_02/v28_pattern1_price25.npz,74066,00424434d25491d22a0f37f3369bd1668d69a18a9c4b7fa1d114818387aa9599
data/reference/results/robust_v28/2020-10-17/scenario_02/v28_pattern2_balanced.json,1328,150e0d3ba8edb25c0b9f72b394915d3d24b36e1436204981438418c2669208a7
data/reference/results/robust_v28/2020-10-17/scenario_02/v28_pattern2_balanced.npz,73807,af90e460144cc2ca48900da600f0e74b3016564c3b1f2a0351947c3aa952309d
data/reference/results/robust_v28/2020-10-17/scenario_02/v28_pattern2_carbon.json,1308,242262a54478efb830b159f4a62dd038fd894aaf875ef0159b3c9a01222c9a99
data/reference/results/robust_v28/2020-10-17/scenario_02/v28_pattern2_carbon.npz,74114,8e00024d1d6734ff65bda3aa70dde0e008e53d9447d0c9b959682a29c2b611e2
data/reference/results/robust_v28/2020-10-17/scenario_02/v28_pattern2_cost.json,1307,27aa65002f7da6d335b0f702fd0d38fc8fee8dd635fc4b591ecfc0e9f23f416e
data/reference/results/robust_v28/2020-10-17/scenario_02/v28_pattern2_cost.npz,73470,9ce65c048ecf8bc96c3fbc2dfc3a9c0b0b96b7f0796999152ed1fa1631ac4654
data/reference/results/robust_v28/2020-10-17/scenario_02/v28_pattern2_curtailment.json,1349,62c19e34ab4925ecc656671ccbf50be5f32a746d7afe502558ab9c4a7e2e7399
data/reference/results/robust_v28/2020-10-17/scenario_02/v28_pattern2_curtailment.npz,73798,47960dd85a37aaaf75228c90c68bea29d7df045de16401f4f6049d6d607f3217
data/reference/results/robust_v28/2020-10-17/scenario_02/v28_pattern2_price25.json,1308,b647812e17462b05a80b02ce0a43eaa1fdcacea26063d1b33b7133e4299e432e
data/reference/results/robust_v28/2020-10-17/scenario_02/v28_pattern2_price25.npz,73958,290048ab469e0c2935a855a901f54006e3d7e4d8c0d938317c7054354cbe0d20
data/reference/results/robust_v28/2020-10-17/scenario_02/v28_pattern3_balanced.json,1351,38cc06b65eedfe2e320f132d4a750e3a927366b0bbd53ef6440be86b68f628b4
data/reference/results/robust_v28/2020-10-17/scenario_02/v28_pattern3_balanced.npz,73932,85bf6167c54b3202b891880fcd42f3e369191d33807cdcecf9ffb4db3bb2fe3a
data/reference/results/robust_v28/2020-10-17/scenario_02/v28_pattern3_carbon.json,1308,82af316ea683f94482598081da7238db6461a9917a5cae1d3083f630abe0f2e0
data/reference/results/robust_v28/2020-10-17/scenario_02/v28_pattern3_carbon.npz,74051,718480707d27756a996f64bba5d3662749f9f35d91d477762d0875c41cd11e89
data/reference/results/robust_v28/2020-10-17/scenario_02/v28_pattern3_cost.json,1310,d4f78801dcc22b5ec7d8a68beb976f58469ddfc746eef6e34514bfd60c873408
data/reference/results/robust_v28/2020-10-17/scenario_02/v28_pattern3_cost.npz,73576,d7d0273fe42ea9d33d48745f241ab64b62694555fd7705338ca729ed745a07e4
data/reference/results/robust_v28/2020-10-17/scenario_02/v28_pattern3_curtailment.json,1350,79c2cb97607232f4d249b763ea10e18950374c05e1bdd3b7df95fb6368e0937f
data/reference/results/robust_v28/2020-10-17/scenario_02/v28_pattern3_curtailment.npz,73765,859f750847273b93135d30a0952a2c505ec4dbe5ba44f7c42d80a5c414b1a12e
data/reference/results/robust_v28/2020-10-17/scenario_02/v28_pattern3_price25.json,1312,b756ce13a8715948f44d6d0d76c5a96ca5bfa27fbc3aec5691d071178517344e
data/reference/results/robust_v28/2020-10-17/scenario_02/v28_pattern3_price25.npz,73958,51509fb2fe558639a88909cd124db5dd00f0e75b2584db710f4ae7681625ec9b
data/reference/results/robust_v28/2020-10-17/scenario_03/M1_constant.json,2557,2af2b772b873a228d43c63abc6d06fe2d559babe21785c3674390cb9f2301ac8
data/reference/results/robust_v28/2020-10-17/scenario_03/M1_constant.npz,70452,a8c2457364853329ec639de03c2ec8d1d01aca3997bfd0eee958ab8e15ca81da
data/reference/results/robust_v28/2020-10-17/scenario_03/M1_constant_execution.json,1236,fdc573faf4f7806d3d5c66eade85682a71ba7f2eee6ee2ae4aa135e0712ecf8e
data/reference/results/robust_v28/2020-10-17/scenario_03/M1_constant_execution.npz,9413,e86a32fb2a1e8662c7bf3f0d171005cd0bf64c42edde282a0c5c2675da9d8009
data/reference/results/robust_v28/2020-10-17/scenario_03/M4_proposed.json,2436,1c4a08062ff91796aba6d2b30f8b5343b8c2ab222b6ca7aab5ec7cf9b5700eb9
data/reference/results/robust_v28/2020-10-17/scenario_03/M4_proposed.npz,73798,0c0abfb422739603c73879ccbdc83dda8675a258a5b3a894edb4e1f274c2231c
data/reference/results/robust_v28/2020-10-17/scenario_03/M4_proposed_execution.json,1895,8e9e781fb40e5bf57c37499307b21e90d372ac738f2fadc4e0ac8b11fc72e892
data/reference/results/robust_v28/2020-10-17/scenario_03/M4_proposed_execution.npz,1402018,ad5060cd3e13c174d18de7f4247962dc2eccc50a7622a7ec59c33cb8ac973b22
data/reference/results/robust_v28/2020-10-17/scenario_03/balanced_full_library.json,1365,3065acf202c4422690dad3a524f3c42cf1d002e89122efe3dfb8f29c5f90227e
data/reference/results/robust_v28/2020-10-17/scenario_03/balanced_full_library.npz,73556,69cf5c113bfa65c8929895654cfcc5b0feca88e700e1c8349eddf46503371186
data/reference/results/robust_v28/2020-10-17/scenario_03/cells.json,287380,8889240fe607b4a42e90783768cc27da7f7d3a5be816a5d0d99c310179302c0d
data/reference/results/robust_v28/2020-10-17/scenario_03/constant_carbon.json,1308,b40461e19cf192097ca6650528cf7391ddb687f13106796e352fd7bdd2da337a
data/reference/results/robust_v28/2020-10-17/scenario_03/constant_carbon.npz,70568,519fd8e1921c52404042cdf9b72e63005860687ea766d9d088dc4a3015f09034
data/reference/results/robust_v28/2020-10-17/scenario_03/constant_cost.json,1307,91d03e6e61c5728ae5d8338b8e881af8ed7a4c4613300c3e45bc260239313562
data/reference/results/robust_v28/2020-10-17/scenario_03/constant_cost.npz,70359,e818f82780ec0a28ca9becabe9bf594b682a7e3eab13604ccc47a3a17272bb23
data/reference/results/robust_v28/2020-10-17/scenario_03/constant_curtailment.json,1316,846c057abd50cc12a2b388be68614e8df032ca998b31052cee920a41a7e95fb2
data/reference/results/robust_v28/2020-10-17/scenario_03/constant_curtailment.npz,70857,af6e2759e8bc4de0910f9bcffaa2e2cee914a9718e0b1bec8d6e87ff95f58eaf
data/reference/results/robust_v28/2020-10-17/scenario_03/constant_price25.json,1310,4ac4d08d7a57e44e63bb658c0ba82138c0d393c6a0636ac9d346f2001d1f22c6
data/reference/results/robust_v28/2020-10-17/scenario_03/constant_price25.npz,70227,08bbb1becd816ffaf9739d30019bbcb26fd936fe7c8bb728027a73ae763ac150
data/reference/results/robust_v28/2020-10-17/scenario_03/recovery_v20_carbon.json,1327,edf496f46112961de70ed4a821d61088925fb167f51722e5a96c1ef731906157
data/reference/results/robust_v28/2020-10-17/scenario_03/recovery_v20_carbon.npz,73690,73ecd08da2d1579a49b29e424e381f88035ffcd01b7dc5ce8ba1ef63880aa403
data/reference/results/robust_v28/2020-10-17/scenario_03/recovery_v20_cost.json,1307,cd5c4b185ec319f1ec25f54054e33b0378669d6d16ad91b1664baaddb0f8cf00
data/reference/results/robust_v28/2020-10-17/scenario_03/recovery_v20_cost.npz,73425,2dbfba1f60a162179289ce2f9371de629e56ce07c8961ab3348ed667f60eade7
data/reference/results/robust_v28/2020-10-17/scenario_03/recovery_v20_curtailment.json,1315,36195e777a4ad727f1969efa9dc4e47d17c962d9fa76cbd1b643dd3e0fc8fdfd
data/reference/results/robust_v28/2020-10-17/scenario_03/recovery_v20_curtailment.npz,74269,46d7dc05eae1c646efa8c0849f0ee727eec8e395c40c42d6eade653762d11698
data/reference/results/robust_v28/2020-10-17/scenario_03/recovery_v20_price25.json,1307,e1569206a9ffcc2e178c960c7862857badb24f47db31200fcbef54cc83926758
data/reference/results/robust_v28/2020-10-17/scenario_03/recovery_v20_price25.npz,73506,4bf0ba6653f3d214a3b89dab5107ea2b890db4311d93c2d85b94db8b95bef253
data/reference/results/robust_v28/2020-10-17/scenario_03/recovery_v21_carbon.json,1312,bc7321706cecb9b44d40b24deca1543ff60d3e310a0019641b1b8ebc39ef210e
data/reference/results/robust_v28/2020-10-17/scenario_03/recovery_v21_carbon.npz,73710,3282e259608a339f02dc63428773453d1d156710479b9bca0ffc8f7a7946bf3b
data/reference/results/robust_v28/2020-10-17/scenario_03/recovery_v21_cost.json,1309,55d9b708bce70d19bcfcf212dcc388b581861d298eb5f961caa5a7f20598cea1
data/reference/results/robust_v28/2020-10-17/scenario_03/recovery_v21_cost.npz,73442,10d116975dacbdc8c9a662d6f1f132bec539636ab43721925de7571347cd10be
data/reference/results/robust_v28/2020-10-17/scenario_03/recovery_v21_curtailment.json,1314,1424f2c49247d5998a4cf40528af228f85484fa14475a0b0a71b74cbd59f3f0d
data/reference/results/robust_v28/2020-10-17/scenario_03/recovery_v21_curtailment.npz,74151,9caa2b517af89d217987fa4e96d68322535e9141dbb1d221f9895060afc043e5
data/reference/results/robust_v28/2020-10-17/scenario_03/recovery_v21_price25.json,1311,4f5fe6e9d5ccb536f7eb34782b2e7527eee694beac62ca92a4715e9a62271898
data/reference/results/robust_v28/2020-10-17/scenario_03/recovery_v21_price25.npz,73400,af894f5e461fd85f1090eeceb5a468e98f295502d212b17f60f350ff3dd50e73
data/reference/results/robust_v28/2020-10-17/scenario_03/scenario_adaptive_carbon.json,1310,b22ad6bf207e1f8bddd438763f699cb494859bea440301b1bc4b90d9ad1c7037
data/reference/results/robust_v28/2020-10-17/scenario_03/scenario_adaptive_carbon.npz,73768,c1219d13bbdb66d092b73e59b873137bf99fab9b105414e1e088046b474aeee2
data/reference/results/robust_v28/2020-10-17/scenario_03/scenario_adaptive_cost.json,1309,b217b919c3e1cd78ca5a1a45f34b36bd146de1253f3db02d410994df4a42a9e9
data/reference/results/robust_v28/2020-10-17/scenario_03/scenario_adaptive_cost.npz,73496,445ddbf0b3f4e1b0542c1d6ccb935838cfa00f5bc1a8c55711e64dbaee04d579
data/reference/results/robust_v28/2020-10-17/scenario_03/scenario_adaptive_curtailment.json,1332,1c32bf08e2ea22c69813c96fd9ae118e82d680b6c84c15b0f2b36afe3dfb47ca
data/reference/results/robust_v28/2020-10-17/scenario_03/scenario_adaptive_curtailment.npz,74153,c3750c3e3e8372bd0e123bb363c85e62f78be46ac727e80df3e6311da00b7d1e
data/reference/results/robust_v28/2020-10-17/scenario_03/scenario_adaptive_price25.json,1310,c28128bfbdc77d5b01c7ff109d506c44a4372685b3d82af6282705e3fb04afcc
data/reference/results/robust_v28/2020-10-17/scenario_03/scenario_adaptive_price25.npz,73522,3ff9f665f6634e36a4b9c8325e440ae75e4c67d99e410e9913e3482936886499
data/reference/results/robust_v28/2020-10-17/scenario_03/v27_library_carbon.json,1343,bc6856e59926eeab18bfc5a8682337c769a24fe713b04aebcf80100daed57877
data/reference/results/robust_v28/2020-10-17/scenario_03/v27_library_carbon.npz,74036,a5c0ceb0a62156dbd5fcd5927e0b81653527fd6ec551218e1db14cffac87f91f
data/reference/results/robust_v28/2020-10-17/scenario_03/v27_library_cost.json,1344,bf2b661a4208082c2b1bd5fa8f7434dc47a924adb585dd08db282287ccc6e4e8
data/reference/results/robust_v28/2020-10-17/scenario_03/v27_library_cost.npz,73601,cdf5bd2c5f93fca431ac59fe717ee31cd832ca2b1614e301569f39e8cfd064a8
data/reference/results/robust_v28/2020-10-17/scenario_03/v27_library_curtailment.json,1373,c47dd0f67eefb424e3f2a3adfdb9fd221f0640181158ab8508399bfb44608d24
data/reference/results/robust_v28/2020-10-17/scenario_03/v27_library_curtailment.npz,74176,421fa56ab73dac91d5c571727387aec5b03ea38f11d9b62fe95bb63010fbe250
data/reference/results/robust_v28/2020-10-17/scenario_03/v27_library_price25.json,1348,257f1ccc5c641fcfdc957c6384ddb018a2e835aedacba3eca679a8279cb2becc
data/reference/results/robust_v28/2020-10-17/scenario_03/v27_library_price25.npz,74056,a2c6e660e801864dff1e04db1869f05710836649e09173c33c53f4814fa11d03
data/reference/results/robust_v28/2020-10-17/scenario_03/v27_pattern0_carbon.json,1308,01c675550894bfee0f90dbe09202285124fe706a3eb2a719b7d76319b14aafd9
data/reference/results/robust_v28/2020-10-17/scenario_03/v27_pattern0_carbon.npz,73768,c1219d13bbdb66d092b73e59b873137bf99fab9b105414e1e088046b474aeee2
data/reference/results/robust_v28/2020-10-17/scenario_03/v27_pattern0_cost.json,1308,ad50289da221c8315933eb2e9c6567424d69fc51da7871ca1c2368d0f90e1935
data/reference/results/robust_v28/2020-10-17/scenario_03/v27_pattern0_cost.npz,73496,445ddbf0b3f4e1b0542c1d6ccb935838cfa00f5bc1a8c55711e64dbaee04d579
data/reference/results/robust_v28/2020-10-17/scenario_03/v27_pattern0_curtailment.json,1331,2542375dced46562a69b03a2c3bc3142c745d4b2a3b222ed8ab2649dbc0f530d
data/reference/results/robust_v28/2020-10-17/scenario_03/v27_pattern0_curtailment.npz,74153,c3750c3e3e8372bd0e123bb363c85e62f78be46ac727e80df3e6311da00b7d1e
data/reference/results/robust_v28/2020-10-17/scenario_03/v27_pattern0_price25.json,1308,f7a5954b0ee36609c2b09cce67c0641762139944dcd6887bc25aa71e9969ab11
data/reference/results/robust_v28/2020-10-17/scenario_03/v27_pattern0_price25.npz,73522,3ff9f665f6634e36a4b9c8325e440ae75e4c67d99e410e9913e3482936886499
data/reference/results/robust_v28/2020-10-17/scenario_03/v27_pattern1_carbon.json,1308,3be300c8f622934dd3a5c0137a3ad6a264e2ff4b0535d48cfae6f62d14c275f9
data/reference/results/robust_v28/2020-10-17/scenario_03/v27_pattern1_carbon.npz,73714,9deed8065bf3a97cbe4d54c189df5633c8e97d0f01134e0e4e8325ee161791d0
data/reference/results/robust_v28/2020-10-17/scenario_03/v27_pattern1_cost.json,1309,3a2ad3e868f546631ed92936ca957b0ab4042ae1f9b5af76033d945bce54dc42
data/reference/results/robust_v28/2020-10-17/scenario_03/v27_pattern1_cost.npz,73455,cca09ef4010897c0bfbe681809192918b8632a68099f8e84510cc2a2464cc838
data/reference/results/robust_v28/2020-10-17/scenario_03/v27_pattern1_curtailment.json,1349,5f1af99de637f97386a054b0d483df4dec00caac68e5ed67845f5f922dee7f55
data/reference/results/robust_v28/2020-10-17/scenario_03/v27_pattern1_curtailment.npz,74226,20b4dafca127612cdfcfaeeec1983bba40b6015ca8b3203c396e371b4fee3a8b
data/reference/results/robust_v28/2020-10-17/scenario_03/v27_pattern1_price25.json,1310,47ba0c6c933b30a67f72928553936d3b9446caeb219b413c3061ded208027616
data/reference/results/robust_v28/2020-10-17/scenario_03/v27_pattern1_price25.npz,73558,87667fd7acc8bf808e7d81552448a24d32ffba5b10524e9778ac1fff91555138
data/reference/results/robust_v28/2020-10-17/scenario_03/v27_pattern2_carbon.json,1327,28908053530928bbf30d79e26f37a8addee1db84e3eab23ce74316359078dc5c
data/reference/results/robust_v28/2020-10-17/scenario_03/v27_pattern2_carbon.npz,73697,ccdfae89089a8b1bc186ea3b75b1b3c48d48db05d9d1c5a63875a97a70c89e08
data/reference/results/robust_v28/2020-10-17/scenario_03/v27_pattern2_cost.json,1306,f02addd4fed1d83f412a4d399c800f87163664f52b00a435eebfeb28fe0c283c
data/reference/results/robust_v28/2020-10-17/scenario_03/v27_pattern2_cost.npz,73517,82c9dac0095e0033b12f4b0094f3977183b1418eb93ce6904bffe705ba593fe8
data/reference/results/robust_v28/2020-10-17/scenario_03/v27_pattern2_curtailment.json,1348,69f0a565db256aa24d3207d3ad9e68f8333b6da086094e9995db72a2ea126ad6
data/reference/results/robust_v28/2020-10-17/scenario_03/v27_pattern2_curtailment.npz,74207,e63650ca0165325bb47de643bac0a22eb46823921996023614f515ee42ba955a
data/reference/results/robust_v28/2020-10-17/scenario_03/v27_pattern2_price25.json,1307,1d277dd707ebe6fb6b2c557aaa572a643bcab1ba7d39b7d49853b657325a70c3
data/reference/results/robust_v28/2020-10-17/scenario_03/v27_pattern2_price25.npz,73602,d1fa05cd717734a56bb5449485795adba13e6d743726a86e53d09e52b05d2e5a
data/reference/results/robust_v28/2020-10-17/scenario_03/v27_pattern3_carbon.json,1308,90c03453844faa85b0af905b14e9b6309359c4c308f8213119080e046ed2dd8d
data/reference/results/robust_v28/2020-10-17/scenario_03/v27_pattern3_carbon.npz,73878,d52ffbeb5ac6383ed11201a1d65e578062a3aba926b9202909b8a3d8bafb7a67
data/reference/results/robust_v28/2020-10-17/scenario_03/v27_pattern3_cost.json,1305,d051e08a554eaa77e83672d84d5672f0d33ccfd383667eede005f808297e6c25
data/reference/results/robust_v28/2020-10-17/scenario_03/v27_pattern3_cost.npz,73645,ac7c40e40eaeb4b1024e23e799bda7bdb7f9fee23baaa89bb6e43faa94bc43a3
data/reference/results/robust_v28/2020-10-17/scenario_03/v27_pattern3_curtailment.json,1313,748499100b445f25f64ad3a05eb72afde1b9ca8616083f84684a0ed41beb9bc1
data/reference/results/robust_v28/2020-10-17/scenario_03/v27_pattern3_curtailment.npz,74244,b49587076d918d9a3966b1e65a8f507e4a9fe7d61eb7f29e697717d51d0c4d85
data/reference/results/robust_v28/2020-10-17/scenario_03/v27_pattern3_price25.json,1308,adb0532dd8c12bbb9f8756e63cde96f4b1683886411b96a26af3eb25e5fb2316
data/reference/results/robust_v28/2020-10-17/scenario_03/v27_pattern3_price25.npz,73643,6b99bddfb2101145a02e5734f8e69303fc9f7d00009cf03a32b55455a986d2e2
data/reference/results/robust_v28/2020-10-17/scenario_03/v28_library_balanced.json,1348,fa465accf43318c713117e47a87eed52c6bc1ca80e6b83c7e0e3d519cc89267c
data/reference/results/robust_v28/2020-10-17/scenario_03/v28_library_balanced.npz,73542,a8dd80caa93cafe4213b7b7f2cdd85d0f75674923b5aae00244b672897ebb486
data/reference/results/robust_v28/2020-10-17/scenario_03/v28_library_carbon.json,1364,d019c344c827cf884c3c8efa97e4df3f8ee9fdd3c438337925738d84122b03fb
data/reference/results/robust_v28/2020-10-17/scenario_03/v28_library_carbon.npz,73975,96f0c66c7cd3388883082ef9921876b53579f14a2b1b683d5b90f888ea48aa34
data/reference/results/robust_v28/2020-10-17/scenario_03/v28_library_cost.json,1345,32efc052ad0c5f7420a8ac88e2994836620670f32bea4cc3c16ef400814bcdf6
data/reference/results/robust_v28/2020-10-17/scenario_03/v28_library_cost.npz,73585,17380f2e251573ebf1a96b8bc66e506be6bfdc8d35b8939b072d26e8b04c298a
data/reference/results/robust_v28/2020-10-17/scenario_03/v28_library_curtailment.json,1388,8873baba5ab3445e103507a6d9041770566f02af1745ab6c26303c6615390db7
data/reference/results/robust_v28/2020-10-17/scenario_03/v28_library_curtailment.npz,74210,85228b1fe5d657f31ed4bef298b01da5e3e9148c873741ed740bdd61127e0b2f
data/reference/results/robust_v28/2020-10-17/scenario_03/v28_library_price25.json,1348,244d698b09a282289f0e58580a7d23a9f9b7a324f220fbd0a2d6062daa65681e
data/reference/results/robust_v28/2020-10-17/scenario_03/v28_library_price25.npz,73710,e67bce2941a683442375bb701ac2b72633c4d034fbf98613b1b0b76a5a7664df
data/reference/results/robust_v28/2020-10-17/scenario_03/v28_pattern0_balanced.json,1309,40e2d321db2cd6fc5355852563b6bb10bc7ee5a2bb0720c8cbed00e72267ef5e
data/reference/results/robust_v28/2020-10-17/scenario_03/v28_pattern0_balanced.npz,73547,3a054d799d6d619a59446649b70e3d63e299de72c0a87f1a3e6ab96be3266363
data/reference/results/robust_v28/2020-10-17/scenario_03/v28_pattern0_carbon.json,1308,26c27101565f2eb25c3295b7e7068b38f95553e6bfb5ac2b6c38746031cafb26
data/reference/results/robust_v28/2020-10-17/scenario_03/v28_pattern0_carbon.npz,73723,ed094b438146295c8d10a06e8bf209b7dd7873f1a0f870511b705d4ab6d017b5
data/reference/results/robust_v28/2020-10-17/scenario_03/v28_pattern0_cost.json,1306,aee556760b0df4713f8ba91605a855c6a05ae944c619b0128b25536016e88ece
data/reference/results/robust_v28/2020-10-17/scenario_03/v28_pattern0_cost.npz,73453,26e3a8805dca9bb3a13cfb737bc0adb899618360f434aba621b51e0257af21f2
data/reference/results/robust_v28/2020-10-17/scenario_03/v28_pattern0_curtailment.json,1350,9f5c090955ad989860b283803df2d22763eefdaa2143ffdeaa4e6d3f1f5f2938
data/reference/results/robust_v28/2020-10-17/scenario_03/v28_pattern0_curtailment.npz,74089,beda17a4ebd6f35b912108cd3a5cd81bb46791749432cbc598615fe6ef352119
data/reference/results/robust_v28/2020-10-17/scenario_03/v28_pattern0_price25.json,1310,a26a22311fb1c35f7297998a3d8ce2418602c571712f3a289f077eff44074f11
data/reference/results/robust_v28/2020-10-17/scenario_03/v28_pattern0_price25.npz,73513,b32f40cc5ac4b274cda6f364229b295fa03ca8d4750d20991e1bac0725ebdf42
data/reference/results/robust_v28/2020-10-17/scenario_03/v28_pattern1_balanced.json,1366,731f69e7666f869f2fdcddaf81c4060f514a0a4d79d31bf6a78f7cd3927e8ff5
data/reference/results/robust_v28/2020-10-17/scenario_03/v28_pattern1_balanced.npz,74620,f5eba793f7a8b6733f6069d5eda13ed6ca758f38be9bee54b4c6b748cfb434dd
data/reference/results/robust_v28/2020-10-17/scenario_03/v28_pattern1_carbon.json,1309,f0a3e95aace409a66babc112f5d8c6f2fb618391688bce8dedb7192201806a13
data/reference/results/robust_v28/2020-10-17/scenario_03/v28_pattern1_carbon.npz,73729,966251e9fbb60f76ef5dc8b5cdb18d1d8d2b22d579371c6312d50cd1a35fe9be
data/reference/results/robust_v28/2020-10-17/scenario_03/v28_pattern1_cost.json,1303,e708bbfc7d24e10080a11c80a7ba119968b54d267c8a93c81657ea048f33109c
data/reference/results/robust_v28/2020-10-17/scenario_03/v28_pattern1_cost.npz,73377,0ab7da9900ae941ce63e581e7dc12ee78956b601e4b8a7147174e3760b899b57
data/reference/results/robust_v28/2020-10-17/scenario_03/v28_pattern1_curtailment.json,1353,9090176f4c3d2847a91060c3c37cdf3c061dc651b5eea83d3761894af6751fef
data/reference/results/robust_v28/2020-10-17/scenario_03/v28_pattern1_curtailment.npz,74067,8c2f37cfb5c0ace738f4e16bd25a2a2c098fdbd8f9fe123960f4f2a1aefae262
data/reference/results/robust_v28/2020-10-17/scenario_03/v28_pattern1_price25.json,1309,dd31f158acfdaa0b6c19da16973923c3a326b6b73255c1c13f2cfef77bc31035
data/reference/results/robust_v28/2020-10-17/scenario_03/v28_pattern1_price25.npz,73487,758dce883269e40b16e6eea9366915ed02c56e74514eec01bdf25cc1fcdaa7da
data/reference/results/robust_v28/2020-10-17/scenario_03/v28_pattern2_balanced.json,1311,6ce7c186f0838e0a3850301ae58481c95649c4834f8fbd53a9851415306d3799
data/reference/results/robust_v28/2020-10-17/scenario_03/v28_pattern2_balanced.npz,73507,e078df62f16421dbaa8853ce30d54129fc13e6d540750e4906b06757dc4dc40c
data/reference/results/robust_v28/2020-10-17/scenario_03/v28_pattern2_carbon.json,1308,bb057fef6da57202eca8c7abee244fdc4f56b391aa150cb986abdec2a1a67052
data/reference/results/robust_v28/2020-10-17/scenario_03/v28_pattern2_carbon.npz,73762,f41478231af36baba42b181f2aa2582c3537219e78c0b22651de1413233f974d
data/reference/results/robust_v28/2020-10-17/scenario_03/v28_pattern2_cost.json,1307,fdbf25431bfdaed10b164e1b90c3be9cfe61b07e2f7e11682fc1676af57c24c6
data/reference/results/robust_v28/2020-10-17/scenario_03/v28_pattern2_cost.npz,73475,190409d22d6da253b62dfee5934407bf5321b564d0b182d01f5b062857313d23
data/reference/results/robust_v28/2020-10-17/scenario_03/v28_pattern2_curtailment.json,1334,a240e68c5822563ab097192769218ad52cadf6866965c32ae48a7cabbeeed0af
data/reference/results/robust_v28/2020-10-17/scenario_03/v28_pattern2_curtailment.npz,74101,a3c31646b0189959ef4fafda7d45d7fbe1f4c5d1d8cb57a190c5cd617b37b4dd
data/reference/results/robust_v28/2020-10-17/scenario_03/v28_pattern2_price25.json,1310,e081259561d1ceaa613f6f80e4a88e78513ce725fa3a776ff1d87258222800bd
data/reference/results/robust_v28/2020-10-17/scenario_03/v28_pattern2_price25.npz,73567,8026ec2d04314f5984409e1efe8997b16d940b6d4d82fa0d7fec5728a1437777
data/reference/results/robust_v28/2020-10-17/scenario_03/v28_pattern3_balanced.json,1347,52d1d3078ffcead01a120a39c0f8a087d080d06e455d35f3c3053db213c91ad3
data/reference/results/robust_v28/2020-10-17/scenario_03/v28_pattern3_balanced.npz,74458,e20a236c30d74644e31db8ff04ae713a05dce2fc50da44e5a2ba59b5aea49814
data/reference/results/robust_v28/2020-10-17/scenario_03/v28_pattern3_carbon.json,1327,47b2a774dbce78aa9de71528558835dcaa8e66279b4fe6ca0310f394ffb86d7b
data/reference/results/robust_v28/2020-10-17/scenario_03/v28_pattern3_carbon.npz,73697,ccdfae89089a8b1bc186ea3b75b1b3c48d48db05d9d1c5a63875a97a70c89e08
data/reference/results/robust_v28/2020-10-17/scenario_03/v28_pattern3_cost.json,1306,3219c8d0f641cb2f9ae4abd3fc4298109139c38aea5886b5183bc36ae8823b94
data/reference/results/robust_v28/2020-10-17/scenario_03/v28_pattern3_cost.npz,73517,82c9dac0095e0033b12f4b0094f3977183b1418eb93ce6904bffe705ba593fe8
data/reference/results/robust_v28/2020-10-17/scenario_03/v28_pattern3_curtailment.json,1349,2522e66cc780a6b510e062dc8ee7ecb7c111bb97501e4eb3bbabbf228a9027d1
data/reference/results/robust_v28/2020-10-17/scenario_03/v28_pattern3_curtailment.npz,74207,e63650ca0165325bb47de643bac0a22eb46823921996023614f515ee42ba955a
data/reference/results/robust_v28/2020-10-17/scenario_03/v28_pattern3_price25.json,1308,797a983a9b5e7f3f4e9e215223ca2687ec8cbf89a3dd7449e31ac54f9e1f241a
data/reference/results/robust_v28/2020-10-17/scenario_03/v28_pattern3_price25.npz,73602,d1fa05cd717734a56bb5449485795adba13e6d743726a86e53d09e52b05d2e5a
data/reference/results/robust_v28/2020-10-17/scenario_03/v28_pattern4_balanced.json,1309,0d0f8d8b1a54ae893151523e8961273e9df66c25010f15e3b5c3fd1ee97319df
data/reference/results/robust_v28/2020-10-17/scenario_03/v28_pattern4_balanced.npz,73719,2443686437dbfe57fc844ef61b8ca709f771988978c3a154e9f4b7ac916e036d
data/reference/results/robust_v28/2020-10-17/scenario_03/v28_pattern4_carbon.json,1310,8a68d9846ba141ac873f5fbcd498e52155f66327814b9a88ecbb0c720776ca44
data/reference/results/robust_v28/2020-10-17/scenario_03/v28_pattern4_carbon.npz,73723,6ee65a2ed5c47bd868cd2d2c3c860c433ae653a7dee679c754c4125ff65e5006
data/reference/results/robust_v28/2020-10-17/scenario_03/v28_pattern4_cost.json,1307,0e05788bfa57c7dc217b892d31563f0fff45f529fda8d5d23b653df338abe048
data/reference/results/robust_v28/2020-10-17/scenario_03/v28_pattern4_cost.npz,73598,062b94e675e584cf2930c684841ddeefcaf34954beaf54e9b9912c0f7c470e65
data/reference/results/robust_v28/2020-10-17/scenario_03/v28_pattern4_curtailment.json,1332,ae94e03a5255b9b71dfadfcd160c25f1d471d4f91e85ac8bfe213f2004b7e64f
data/reference/results/robust_v28/2020-10-17/scenario_03/v28_pattern4_curtailment.npz,74220,185ae6a555d22474a98f2e98345154ff8874052586b3dd504d06ab38583312bc
data/reference/results/robust_v28/2020-10-17/scenario_03/v28_pattern4_price25.json,1308,24f545cd36da81b4e72df907c24c3eb9e4e144dd462e3307812daa30d57bc7a2
data/reference/results/robust_v28/2020-10-17/scenario_03/v28_pattern4_price25.npz,73557,befa1eb6dc4dbc14919c4b727439f88b43ab5e2a978f040a0b365dc3165c7009
data/reference/results/robust_v28/2020-10-17/scenario_04/M1_constant.json,2435,d48fff9bc44f9d024e0fa5225380da6057d62a70b0007f69db712d4e12fcf37b
data/reference/results/robust_v28/2020-10-17/scenario_04/M1_constant.npz,69753,bf7a910c80dc41f27b276d789e12e06cf35535ae0f247b16a44f40b9b287fe81
data/reference/results/robust_v28/2020-10-17/scenario_04/M1_constant_execution.json,1236,fdc573faf4f7806d3d5c66eade85682a71ba7f2eee6ee2ae4aa135e0712ecf8e
data/reference/results/robust_v28/2020-10-17/scenario_04/M1_constant_execution.npz,9413,e86a32fb2a1e8662c7bf3f0d171005cd0bf64c42edde282a0c5c2675da9d8009
data/reference/results/robust_v28/2020-10-17/scenario_04/M4_proposed.json,2470,66cb1accf9a57438749673977ef8af15cb89415a6cde45266ed6c5cb65544c04
data/reference/results/robust_v28/2020-10-17/scenario_04/M4_proposed.npz,73847,82e5af0c8875dd60e95be1f63970db600e670fe35c7e9262b2cdf01fe87a3f5a
data/reference/results/robust_v28/2020-10-17/scenario_04/M4_proposed_execution.json,1862,45db084629758b5dc8e62beb1f0b939489450f75dee7b4ed59792e023173d153
data/reference/results/robust_v28/2020-10-17/scenario_04/M4_proposed_execution.npz,1390196,e6ade826189ee2740473a4341b05feab825d0d9bd77b9c2066b66825cf241b82
data/reference/results/robust_v28/2020-10-17/scenario_04/balanced_full_library.json,1365,0dcccc06165e1509350e38a2587ac5a564e029b37cc4672e2d4d00b228fd6d75
data/reference/results/robust_v28/2020-10-17/scenario_04/balanced_full_library.npz,73517,ba3c48d961bdae5cbe40085d37074eb33d014a673c4b07a8ca78029f8eb0bab2
data/reference/results/robust_v28/2020-10-17/scenario_04/cells.json,57289,90c2cc7613bcf4336833068e7a6ba874bb67eced3e292c2c486c45396468600c
data/reference/results/robust_v28/2020-10-17/scenario_04/constant_carbon.json,1306,d791da113bc9888d36c001abeb4cd88d6bd99634bf8cc38f92ac4b2ef4c9ba0c
data/reference/results/robust_v28/2020-10-17/scenario_04/constant_carbon.npz,69765,912debdeecb3d86b37c31d18ba705b96d4e81c236e7258516d901ef50fa55bcb
data/reference/results/robust_v28/2020-10-17/scenario_04/constant_cost.json,1308,e59913c5cc7606471d42a374b8327538ca45ef16ed84294e9835678cae3e3f7c
data/reference/results/robust_v28/2020-10-17/scenario_04/constant_cost.npz,69507,8d0b9538cdd62c3dcb473afc89825c7e679de2ea11f716bb8c2f20f9792d8ee6
data/reference/results/robust_v28/2020-10-17/scenario_04/constant_curtailment.json,1352,c6dcee80ba320683e2b85cc63d04376a95963583606694b48a553ec7cd1055af
data/reference/results/robust_v28/2020-10-17/scenario_04/constant_curtailment.npz,70349,30fe8b4d3bf43e7378ba6a82e6685e18635fb704092f01a68f4961b91dc1f6ed
data/reference/results/robust_v28/2020-10-17/scenario_04/constant_price25.json,1311,74bca8d7ffe64589a4ae1375484f7c17e143d4eea075761f0a7a89e0671fa504
data/reference/results/robust_v28/2020-10-17/scenario_04/constant_price25.npz,69340,655a4a629862bb9e874b85e919634b7dcf27aecdbe650d5708e7ce708051b6d7
data/reference/results/robust_v28/2020-10-17/scenario_04/recovery_v20_carbon.json,1310,6b1b8f14a18e36190d831a3b649d0f5aa6a4ca019d9ab5040d1d24020cf86ad1
data/reference/results/robust_v28/2020-10-17/scenario_04/recovery_v20_carbon.npz,73065,eb70ea98212cd9c2f80f19d9e760bf96a192b5a6a0519e860fe17358f133cb5f
data/reference/results/robust_v28/2020-10-17/scenario_04/recovery_v20_cost.json,1308,bd518dda1c95aedf1a27f6da973816d3de16b1fffc4c8fe17bd9be5394225b04
data/reference/results/robust_v28/2020-10-17/scenario_04/recovery_v20_cost.npz,72698,88639b5494b10967cb8494d20e87866be5447157b17b3bbb5578c404d2872504
data/reference/results/robust_v28/2020-10-17/scenario_04/recovery_v20_curtailment.json,1352,658c5929456c452f810d4dc3af37315c579b04684f3ebcdcb1f80fa8172df4c1
data/reference/results/robust_v28/2020-10-17/scenario_04/recovery_v20_curtailment.npz,73553,60f9307c9058dd447391de870abacd5c2d5df78ec67fbd7d6dfd762dec623e17
data/reference/results/robust_v28/2020-10-17/scenario_04/recovery_v20_price25.json,1310,dca7453bf6544fb492273a02e0f421b1127e7b99c2466ede6706c0d6d6f20947
data/reference/results/robust_v28/2020-10-17/scenario_04/recovery_v20_price25.npz,72730,a85fcc3e9cbb4fc6e959278e3a9b7cb357c70b9a067edd5335627fe7b77859d2
data/reference/results/robust_v28/2020-10-17/scenario_04/recovery_v21_carbon.json,1308,0c0b80edbe1b60ae88f8298cd6a60f5bc50430a01bd61921a64e6f6c4c98d74f
data/reference/results/robust_v28/2020-10-17/scenario_04/recovery_v21_carbon.npz,73149,90684ed8430da3d7fc5aabaf983cba7a00979cfd8706662bfa0aff1febeb88a3
data/reference/results/robust_v28/2020-10-17/scenario_04/recovery_v21_cost.json,1306,7f7f57859331806a24282918ea3556d4f8d6ae11aa184ab8e8908d1470496e4e
data/reference/results/robust_v28/2020-10-17/scenario_04/recovery_v21_cost.npz,72809,9677460aab57bee171bbce438f5a0f1dee8e37ecddd294f69ef565fa5bff30fd
data/reference/results/robust_v28/2020-10-17/scenario_04/recovery_v21_curtailment.json,1332,2792a0cf12be54a47ea9760d86c40fcb5e72251bd16104d93b30bea8dbfead7b
data/reference/results/robust_v28/2020-10-17/scenario_04/recovery_v21_curtailment.npz,73671,538ba3e0543f49320e42f715b96b632e75ed85e48c5405e45176aa07ffae98b6
data/reference/results/robust_v28/2020-10-17/scenario_04/recovery_v21_price25.json,1312,2204ba01c82861c29ee07ab6957fc85ab74074e0d3d160f68c1053a269a71a41
data/reference/results/robust_v28/2020-10-17/scenario_04/recovery_v21_price25.npz,72850,9a61c76c0ac2034f47bbeb58a5369b4f01360577125e9e20cfd9bf00dd04780e
data/reference/results/robust_v28/2020-10-17/scenario_04/scenario_adaptive_carbon.json,1310,83b7218e3facab790d13d271a7331d008ac9b5c6b332b4b416cc183e8b18fe2e
data/reference/results/robust_v28/2020-10-17/scenario_04/scenario_adaptive_carbon.npz,73057,441d23eb329e1967ac7c74c5c04177f2e03810fe776629997cbeffb8c59dd040
data/reference/results/robust_v28/2020-10-17/scenario_04/scenario_adaptive_cost.json,1308,1eea54ed205afc02566c3b92378cc578e071cdb3c2899e1c0a9fd20b3ad1c877
data/reference/results/robust_v28/2020-10-17/scenario_04/scenario_adaptive_cost.npz,72862,ea040f29e2a7968b42236e3c762d3b00a9c35fb7f8aba4943980c5e398e2987a
data/reference/results/robust_v28/2020-10-17/scenario_04/scenario_adaptive_curtailment.json,1351,a97071507561b1677c469ab72e010f8d5487153bce1b251b3721da18389bbde9
data/reference/results/robust_v28/2020-10-17/scenario_04/scenario_adaptive_curtailment.npz,73551,309de1db1899cde89c27bd589b7fd6909b9db9a73a2a1952bb5ce4d8eb8edf0d
data/reference/results/robust_v28/2020-10-17/scenario_04/scenario_adaptive_price25.json,1328,9093d71a6ba2019281fe7b1d61158059c8dc974a84c0dab5236cbffbf56e0acc
data/reference/results/robust_v28/2020-10-17/scenario_04/scenario_adaptive_price25.npz,72789,3a0f46ef0994f8c7a1a54044761f6dd59ffa31aee204b58c8890d0013b3b1fc4
data/reference/results/robust_v28/2020-10-17/scenario_04/v27_library_carbon.json,1342,39435c32b2de58b2a35819285e8f77ba712c9a78682ee2d16ed9c6d51fb384f7
data/reference/results/robust_v28/2020-10-17/scenario_04/v27_library_carbon.npz,73154,611ff377a6dfbc6453a442cae70ef94b1d6fcc9e93aca9f2121b7ac82b1acfd6
data/reference/results/robust_v28/2020-10-17/scenario_04/v27_library_cost.json,1364,a77615f226fd8e2991b20e0194318a72124e6c8fb2c76588d9fa22eae6ea722f
data/reference/results/robust_v28/2020-10-17/scenario_04/v27_library_cost.npz,72890,a766f57247a4285efd5c3077c0a188ee228cbd71a8a09e3bd584a506398fa43e
data/reference/results/robust_v28/2020-10-17/scenario_04/v27_library_curtailment.json,1351,343309959c2b8ca7a2a6e0d02ec4a625dfb66e3f3355451cf17d610c5ad1c5b6
data/reference/results/robust_v28/2020-10-17/scenario_04/v27_library_curtailment.npz,73648,f90c1f9f5ae4b73751a36b07e59e8c9fefad02c4d9254ab50d1dfab9fea72245
data/reference/results/robust_v28/2020-10-17/scenario_04/v27_library_price25.json,1345,51e33d9363184611d1847406383f8a1b4187080feefdd4382be37cd75cbdbdc6
data/reference/results/robust_v28/2020-10-17/scenario_04/v27_library_price25.npz,73219,28e54492eb96d98549943264d341cae6737cdf7bf0669b41d23c41b4f13880a2
data/reference/results/robust_v28/2020-10-17/scenario_04/v27_pattern0_carbon.json,1307,087319bc9ce3af1941b4280be7b57400f953fae1937f325fd428a88c5ea9f0c5
data/reference/results/robust_v28/2020-10-17/scenario_04/v27_pattern0_carbon.npz,72973,4355a4971f63e69aba82dd884322daa79d5ffac5ae073122b0c407d867dd8d44
data/reference/results/robust_v28/2020-10-17/scenario_04/v27_pattern0_cost.json,1307,0804ef090e05953f54da19e26c7737f9328a5bb998c269f65b4405dcd3909106
data/reference/results/robust_v28/2020-10-17/scenario_04/v27_pattern0_cost.npz,72687,3f323da77bf3b9298434bc33bfb936fa5dddf8ff8649cc856654c56a50536fd7
data/reference/results/robust_v28/2020-10-17/scenario_04/v27_pattern0_curtailment.json,1352,3d041974f8c088c982293ece27e1497ad7e56a1eedb256b600e23286b9dbb996
data/reference/results/robust_v28/2020-10-17/scenario_04/v27_pattern0_curtailment.npz,73604,82ed503866de3020fbd0bf95f77e93841511d0186a0bdc89e838fd6a519e9fef
data/reference/results/robust_v28/2020-10-17/scenario_04/v27_pattern0_price25.json,1311,b04d6d75e84ffd6dc3e213019c6bfaa7e77a67295217481e7895daf70db8e466
data/reference/results/robust_v28/2020-10-17/scenario_04/v27_pattern0_price25.npz,72764,b6dfb70c4768284d734dc4cecad6a3c8d8b609b8917b6ccf8553b1c99b1b2e00
data/reference/results/robust_v28/2020-10-17/scenario_04/v27_pattern1_carbon.json,1306,2bb8b7f765714f7b135bad5aca8869362c4b5799bb148ebb0602be1b840c9bce
data/reference/results/robust_v28/2020-10-17/scenario_04/v27_pattern1_carbon.npz,73048,298c175f585ca24de02542f118989257b4c4dc537e7cf6f8fc3c364b145c577a
data/reference/results/robust_v28/2020-10-17/scenario_04/v27_pattern1_cost.json,1306,fd91ddb85ea016649331f6fae3ac14b5a7b0f41caf3e21a2d6271bb8042ba895
data/reference/results/robust_v28/2020-10-17/scenario_04/v27_pattern1_cost.npz,72736,d917527b9cfff8f365919ff72e9284e970371743771de488cbfc12b44c3b2976
data/reference/results/robust_v28/2020-10-17/scenario_04/v27_pattern1_curtailment.json,1316,31a709703c23f123e6bdcc97b339407bcb864fa47690be9eade694faeb328edf
data/reference/results/robust_v28/2020-10-17/scenario_04/v27_pattern1_curtailment.npz,73610,ab2e5b88e903576c625b38a4779e92e8e509f426a2934d7a582ecae5c8e8a1f6
data/reference/results/robust_v28/2020-10-17/scenario_04/v27_pattern1_price25.json,1329,72911e05b9f40460b68a98f9b8016d6439a2131db5845085438d6ae6c1e142ca
data/reference/results/robust_v28/2020-10-17/scenario_04/v27_pattern1_price25.npz,72783,259cea2bcb6d1ac79492b7b31769094b32dd74cf487967b58eaf9f2ae7f31330
data/reference/results/robust_v28/2020-10-17/scenario_04/v27_pattern2_carbon.json,1307,e439330199b7a0f3d48cd80a31a327a69efb5d87e82c0230a4e36b5c931bd5bd
data/reference/results/robust_v28/2020-10-17/scenario_04/v27_pattern2_carbon.npz,73040,54e57a2a979e53b8d998cb960e1d60d8d076b9a8583807be72b09044f75c6602
data/reference/results/robust_v28/2020-10-17/scenario_04/v27_pattern2_cost.json,1309,638fc2e9af9950e1e8efa5cdd2a2a146e4a0b6b139267a73ed8afd475293c9bb
data/reference/results/robust_v28/2020-10-17/scenario_04/v27_pattern2_cost.npz,72648,62e3fdae6f07b921ecad1141789214b4464de0d2dca774804e318080a0ad56f6
data/reference/results/robust_v28/2020-10-17/scenario_04/v27_pattern2_curtailment.json,1332,c3f65982bd22bc1a932546dd120a5150cabe069e2b45c4acebcf9e6a9f4acc11
data/reference/results/robust_v28/2020-10-17/scenario_04/v27_pattern2_curtailment.npz,73591,b65141e2d19c5f9c364efebd0f18a992d83cbfe55cf07bdae111f5f802ac1bf2
data/reference/results/robust_v28/2020-10-17/scenario_04/v27_pattern2_price25.json,1326,6f46a7c028f2495f2e5c004867b7025ec1f89d1c5acd6487be9d77404cb1483b
data/reference/results/robust_v28/2020-10-17/scenario_04/v27_pattern2_price25.npz,72781,04195f4254a397767ef33278c6a1e44a8e5f99a152ca174cffba2ac6658d464d
data/reference/results/robust_v28/2020-10-17/scenario_04/v27_pattern3_carbon.json,1309,7c3219d07d4ad2d389540cf743de6379efbb08d289a92608c33428944365b319
data/reference/results/robust_v28/2020-10-17/scenario_04/v27_pattern3_carbon.npz,73057,441d23eb329e1967ac7c74c5c04177f2e03810fe776629997cbeffb8c59dd040
data/reference/results/robust_v28/2020-10-17/scenario_04/v27_pattern3_cost.json,1308,128d5629d3a75b134bdad658f587843a726f487b71cf624b04d9ba7d73982b76
data/reference/results/robust_v28/2020-10-17/scenario_04/v27_pattern3_cost.npz,72862,ea040f29e2a7968b42236e3c762d3b00a9c35fb7f8aba4943980c5e398e2987a
data/reference/results/robust_v28/2020-10-17/scenario_04/v27_pattern3_curtailment.json,1350,f2a48cfe1c9da15c4c46b527591d83f5b646d644e776c82b44b927837bfa094d
data/reference/results/robust_v28/2020-10-17/scenario_04/v27_pattern3_curtailment.npz,73551,309de1db1899cde89c27bd589b7fd6909b9db9a73a2a1952bb5ce4d8eb8edf0d
data/reference/results/robust_v28/2020-10-17/scenario_04/v27_pattern3_price25.json,1327,d151856f68928b39d31190a20a3e78f415dd441b75e05f124f2f57eb844fb87c
data/reference/results/robust_v28/2020-10-17/scenario_04/v27_pattern3_price25.npz,72789,3a0f46ef0994f8c7a1a54044761f6dd59ffa31aee204b58c8890d0013b3b1fc4
data/reference/results/robust_v28/2020-10-17/scenario_04/v28_library_balanced.json,1365,e4685e247892f454514d7184ae924676fb561066209e4a8a203f3f35193a9418
data/reference/results/robust_v28/2020-10-17/scenario_04/v28_library_balanced.npz,73651,39bda1457cb5233752b3d9cf32266a3c09c4f884a52e1a51b59b8c98f004c422
data/reference/results/robust_v28/2020-10-17/scenario_04/v28_library_carbon.json,1346,6c3bd55d7382a05d0b864cfe0de294f1aaae77ad5c96406050375cf09ff322f9
data/reference/results/robust_v28/2020-10-17/scenario_04/v28_library_carbon.npz,73149,d76ea434bb89f1a6334ee1f3c40a96df1de9db12b1873c21e4dc99b1b2a4057c
data/reference/results/robust_v28/2020-10-17/scenario_04/v28_library_cost.json,1342,717415ca5df615c6d4cda910ab7093542357d84cebd248abcf5ccb554975736a
data/reference/results/robust_v28/2020-10-17/scenario_04/v28_library_cost.npz,72878,016232ea1a445489284ef48988d7485cba88365769d7ccb282de617991a5bf09
data/reference/results/robust_v28/2020-10-17/scenario_04/v28_library_curtailment.json,1332,2423f354777cd83354e685fd6a12416d242adad04fe4c111b31b7812948d0d1f
data/reference/results/robust_v28/2020-10-17/scenario_04/v28_library_curtailment.npz,73626,45f3eee626c870b38663e60d3437619607661a16a8d22c4ce13472e703070689
data/reference/results/robust_v28/2020-10-17/scenario_04/v28_library_price25.json,1346,271910a1f1b58ef9531471b9c430409e94abfc205d464c5e666dfb856cdad716
data/reference/results/robust_v28/2020-10-17/scenario_04/v28_library_price25.npz,72922,608a036bb0d579fcf837f634c4c5ace810b5cd0a5c65d7042009b964a4f8046c
data/reference/results/robust_v28/2020-10-17/scenario_04/v28_pattern0_balanced.json,1346,8578334685b7560da07da4b9b05bdc355a6995e9a1a948adfc7b3054ec0bf398
data/reference/results/robust_v28/2020-10-17/scenario_04/v28_pattern0_balanced.npz,73553,31a8143cea3f05c5b8317acaf5111e19b894a4d638677c26684316b8036632d0
data/reference/results/robust_v28/2020-10-17/scenario_04/v28_pattern0_carbon.json,1308,a7153a18f19577d81596610d3e9d1174e033fca9c59f714e6c4cd92c343098e5
data/reference/results/robust_v28/2020-10-17/scenario_04/v28_pattern0_carbon.npz,73194,170e55f717a90f1fca7042268bff65b94726bb57ee201d2cf71e2e55b97ba95a
data/reference/results/robust_v28/2020-10-17/scenario_04/v28_pattern0_cost.json,1305,5e9a55cc8f0a908303d41b7c50cf738ce12ee5c777c1f14934d61d2849009422
data/reference/results/robust_v28/2020-10-17/scenario_04/v28_pattern0_cost.npz,72836,c781f98756974e2871ee8cd21f79ad9ba02e8f69b672be030b856df30e199cae
data/reference/results/robust_v28/2020-10-17/scenario_04/v28_pattern0_curtailment.json,1370,7ffb788793f45cc4c8abcde8df5bfa400ed84a0acacf9735fbd802277ab459e5
data/reference/results/robust_v28/2020-10-17/scenario_04/v28_pattern0_curtailment.npz,73560,1d8f210f9be1bf0a4525373695e55231e6f4f3f891cac5a0e5cc9ecee98501bd
data/reference/results/robust_v28/2020-10-17/scenario_04/v28_pattern0_price25.json,1310,2042649fab65a02b48ad2b2c3fb8590e39e88265d81dc7fedc7a5a6dd268ba4e
data/reference/results/robust_v28/2020-10-17/scenario_04/v28_pattern0_price25.npz,72817,fe25adc00dc096640d558deace08c54cbb11a8fea7c6a22f23341b7179cea309
data/reference/results/robust_v28/2020-10-17/scenario_04/v28_pattern1_balanced.json,1346,840c8393b0ddf4c87625526522ada96d35473be74e06446019fe988a172d8371
data/reference/results/robust_v28/2020-10-17/scenario_04/v28_pattern1_balanced.npz,73604,eb3394bb24b11d8b949406869374e0926aaeb97333532168b8e89555522b27d2
data/reference/results/robust_v28/2020-10-17/scenario_04/v28_pattern1_carbon.json,1306,cacdafd5e975123a0c95bc73b1e91e939313c787624e58c36e837433d56ee34b
data/reference/results/robust_v28/2020-10-17/scenario_04/v28_pattern1_carbon.npz,73056,45fb238398fe9877357e422e17534a32dd4347b8781a0370b8e223f27b35b53f
data/reference/results/robust_v28/2020-10-17/scenario_04/v28_pattern1_cost.json,1307,107e8d57551268c11e2ee206674aecf966315a949fd152435ea0de64fdca3939
data/reference/results/robust_v28/2020-10-17/scenario_04/v28_pattern1_cost.npz,72717,a60c90b280c481beed66b885f20dca825da6d0b5b648ae68e95b9b47b4e406df
data/reference/results/robust_v28/2020-10-17/scenario_04/v28_pattern1_curtailment.json,1334,722625b62032a110a4686cd0c2fbaaaa10be0d156375a24268e2fe7ce25afa4b
data/reference/results/robust_v28/2020-10-17/scenario_04/v28_pattern1_curtailment.npz,73681,a118cb9c1fa3684c5fbcecd229b498325696ac734a9c8673a975b7ed7852c265
data/reference/results/robust_v28/2020-10-17/scenario_04/v28_pattern1_price25.json,1309,7d8c43e5d5921a474b0416d4f3bbfbfd3374b14c5c6e16d14cb517b88870e52b
data/reference/results/robust_v28/2020-10-17/scenario_04/v28_pattern1_price25.npz,72815,052dc7d490a168592c779a95c20e478bbac376bf23e99fe4192c1a0604002e63
data/reference/results/robust_v28/2020-10-17/scenario_04/v28_pattern2_balanced.json,1367,ddfceb184cdd4e0985daee7d638afa53a2c2fc4777931eeb6a7bde0aec17bff8
data/reference/results/robust_v28/2020-10-17/scenario_04/v28_pattern2_balanced.npz,73733,2e0a09846c29e8bba776af20c576a3863e2dbbe40c2b831f2331836d8f586464
data/reference/results/robust_v28/2020-10-17/scenario_04/v28_pattern2_carbon.json,1311,a24657dc21e9b90607f74969cd7960273d2d7dbcf70ef59ad405aed9d5cef674
data/reference/results/robust_v28/2020-10-17/scenario_04/v28_pattern2_carbon.npz,73081,77801844fc2294df4076622d86cf03e78f80a9dd7124e5d6e5da584489252abc
data/reference/results/robust_v28/2020-10-17/scenario_04/v28_pattern2_cost.json,1307,1a3c02c6e99dfd3f140d61c69108a2674f3c53e0c35b25b330b7228c6b6a185d
data/reference/results/robust_v28/2020-10-17/scenario_04/v28_pattern2_cost.npz,72722,288f0a159cd88745202bcc5a91fdf0eb1fbc15b4d20a5755618a3045a8b5e390
data/reference/results/robust_v28/2020-10-17/scenario_04/v28_pattern2_curtailment.json,1331,790a6c3f233615707073a95834f330c0b58c6af2aca6d688a313247b2cf83295
data/reference/results/robust_v28/2020-10-17/scenario_04/v28_pattern2_curtailment.npz,73555,c509ccc704434b30d79381bb87d3f6332f732dbd3a7b2937105d4b5cef6263b4
data/reference/results/robust_v28/2020-10-17/scenario_04/v28_pattern2_price25.json,1309,57f26a807c4ef5e7d15cb8ddffff070f0a3efa28c9e58a4272f4f72dcff7a48a
data/reference/results/robust_v28/2020-10-17/scenario_04/v28_pattern2_price25.npz,72804,2ae902253c0a93d7d4035592f2d381311ea4a669341d69becdc1214978ef160b
data/reference/results/robust_v28/2020-10-17/scenario_04/v28_pattern3_balanced.json,1368,330a6117f48f5d66b861f7db75c1276478117919e98ac257ecdbc46c5ec8bff5
data/reference/results/robust_v28/2020-10-17/scenario_04/v28_pattern3_balanced.npz,73582,6650b1fca39f6775875e181484a375c8f93ad942c28a7851680f511d32caf567
data/reference/results/robust_v28/2020-10-17/scenario_04/v28_pattern3_carbon.json,1307,c49b7404035cdc776ad670ca4517cca30a4d038e884056b3939f61635e07419c
data/reference/results/robust_v28/2020-10-17/scenario_04/v28_pattern3_carbon.npz,73040,54e57a2a979e53b8d998cb960e1d60d8d076b9a8583807be72b09044f75c6602
data/reference/results/robust_v28/2020-10-17/scenario_04/v28_pattern3_cost.json,1309,32377b4c5267b6dc1710ac422979a3894e82c7db8d66f396bf5ba7200bb57d73
data/reference/results/robust_v28/2020-10-17/scenario_04/v28_pattern3_cost.npz,72648,62e3fdae6f07b921ecad1141789214b4464de0d2dca774804e318080a0ad56f6
data/reference/results/robust_v28/2020-10-17/scenario_04/v28_pattern3_curtailment.json,1333,25add51187644ba7e2c64c311db9b943116ca8b0ce7d7fbbf72fcaebd1fd586f
data/reference/results/robust_v28/2020-10-17/scenario_04/v28_pattern3_curtailment.npz,73591,b65141e2d19c5f9c364efebd0f18a992d83cbfe55cf07bdae111f5f802ac1bf2
data/reference/results/robust_v28/2020-10-17/scenario_04/v28_pattern3_price25.json,1326,63aba7fb1139a9d9f2332fe6d761779f26722f607b26e3f633781d63a83f2df5
data/reference/results/robust_v28/2020-10-17/scenario_04/v28_pattern3_price25.npz,72781,04195f4254a397767ef33278c6a1e44a8e5f99a152ca174cffba2ac6658d464d
data/reference/results/robust_v28/2020-10-17/terminal_inner_verification.json,1207,1a1b54bd183cfbe08962c85524065a530a54c22bfd61968909b4d08c747dca0f
data/reference/results/robust_v28/2020-10-17/terminal_inner_verification.npz,254,c66335768598c57b911686f0315d39a0d531c1d87139cdd4680dcb6a9b6a0162
data/reference/results/robust_v28/2020-10-17/uncertainty_set_sensitivity.json,1837,8f52295c9fe027b114c5096106c151de4a92c4d6a0f0586e8daa4dc3ea4d8771
data/reference/results/robust_v28/2020-10-17/uncertainty_set_sensitivity.npz,22,8739c76e681f900923b900c9df0ef75cf421d39cabb54650c4b9ad19b6a76d85
data/reference/results/robust_v28/2020-11-29/M1_constant_independent_audit.json,399,60b26a56d7044a373af1e58e4ff57e6c561bcd06f344925c51f7e4abd4c19d29
data/reference/results/robust_v28/2020-11-29/M2_common_quota_evaluation.json,125,db7bafddcd06980b1b2673d539430e704eb53dc25ffe5c7312f1c6d3c6f5cea0
data/reference/results/robust_v28/2020-11-29/M2_common_quota_evaluation.npz,494,d4c2b92e123d5804833d956a447f0268b65cf7e9ce4893bcd8998b2fcd59137a
data/reference/results/robust_v28/2020-11-29/M2_configuration_audit.json,1084,ed0f275e5b16f0efa9299cccf7ae186672ced97700d98ee7c31a3f7334131be0
data/reference/results/robust_v28/2020-11-29/M4_proposed_independent_audit.json,2382,7af239b97dca89fef3e568b2707d70b165f03877388e7417574c5e7a6f2627fd
data/reference/results/robust_v28/2020-11-29/NCCG.json,7333,363239f8ad372e7f0d2749e0438cf9563989d60856fb1261850765a6d885261f
data/reference/results/robust_v28/2020-11-29/NCCG.npz,471,82fce350f957963560377f46da5e255bbe7fd62a0f236db63ecd66e42396a490
data/reference/results/robust_v28/2020-11-29/NCCG_before_finite_initialization.json,7447,dabfb1e558b5b3bf7facb8b1b25691839893e7255a637c3d9c50fac8d48da6b1
data/reference/results/robust_v28/2020-11-29/NCCG_before_finite_initialization.npz,470,8f25776e31392d0a3c3e327e5805671bf3fc5398b19897d4823b0f31a9c64bb5
data/reference/results/robust_v28/2020-11-29/NCCG_before_tiebreak.json,6812,1b1ae6664fea7bfaa866164a146c39c0f103cb889465d6587a5fd5066e08bf4f
data/reference/results/robust_v28/2020-11-29/NCCG_before_tiebreak.npz,431,d6e5cbb9b1cc2ff0b00d475eea253cbff88f400f6caac68d7e22a58ea1a32175
data/reference/results/robust_v28/2020-11-29/baselines/scenario_00/COPF_cost.json,1583,ac6e4d94d9527bb5f7efef33bff4fa5d0f3956ec98d4dca54f8825942510e2a8
data/reference/results/robust_v28/2020-11-29/baselines/scenario_00/COPF_cost.npz,80194,5bd06b928589aaf2745d2c269a59c57ea9b8ade7772c1ca311eadd12c8dfe62c
data/reference/results/robust_v28/2020-11-29/baselines/scenario_00/COPF_price25.json,1595,47b5c9c57f05757353cfc79e546e2460b440cdcca7328ff266439ede31119b57
data/reference/results/robust_v28/2020-11-29/baselines/scenario_00/COPF_price25.npz,78988,94039a5341b4c8ccee2fc9035fdac5ef13e432a091e1bc83af22bc2eb3d671e2
data/reference/results/robust_v28/2020-11-29/baselines/scenario_00/Liu2025.json,4683,f212c103fe8d34ebe63d788fd5d56500492d813b56b9a4f62840a5fe5a6ef071
data/reference/results/robust_v28/2020-11-29/baselines/scenario_00/Liu2025.npz,83637,2a145ea476288f28df80ee433c7d6e3df02cdb270f15421e57ce04fa15dca215
data/reference/results/robust_v28/2020-11-29/baselines/scenario_00/Liu2025_execution.json,4705,d71d52b5684e82473c27c29c1d09ebc25e4822e653a1f79d6a53acdab9aa9eda
data/reference/results/robust_v28/2020-11-29/baselines/scenario_00/Liu2025_execution.npz,83049,30ad12d9796f58d51ec45eae605aa603fba6bdf0058d232b2a779b57f9e34307
data/reference/results/robust_v28/2020-11-29/baselines/scenario_00/Liu2025_price25_commands12_native_terminal_free.json,6910,9bbfb1e13a9f4bb828b12630cb05421b4d76b912500971f71bc34e0e7684eac7
data/reference/results/robust_v28/2020-11-29/baselines/scenario_00/Liu2025_price25_commands12_native_terminal_free.npz,72499,953b01dea1762cd350911818ecb1086ab5b07f12d5ed8d56e9c66bdafc23f11b
data/reference/results/robust_v28/2020-11-29/baselines/scenario_00/M2_native.json,7143,28fa452d13d9b87324f3aaab9b3257832a6b9657a0e7d488cd99ccda1f2b3c8f
data/reference/results/robust_v28/2020-11-29/baselines/scenario_00/M2_native.npz,71294,257f74d65eb2eaffe725e6ec6abb1095733ab8cd2a53604071b41722fec3c369
data/reference/results/robust_v28/2020-11-29/baselines/scenario_00/M2_reference_commands12.json,7146,b99f30b910a7fdc0eaa241cf5a871cab1fb05c18a52bf5c70f76a1d7287adc2e
data/reference/results/robust_v28/2020-11-29/baselines/scenario_00/M2_reference_commands12.npz,72499,953b01dea1762cd350911818ecb1086ab5b07f12d5ed8d56e9c66bdafc23f11b
data/reference/results/robust_v28/2020-11-29/baselines/scenario_00/M3_native.json,1830,cf60ffca3a493c2aba302a78207145906adea808194ee1c501f0645875962841
data/reference/results/robust_v28/2020-11-29/baselines/scenario_00/M3_native.npz,80194,5bd06b928589aaf2745d2c269a59c57ea9b8ade7772c1ca311eadd12c8dfe62c
data/reference/results/robust_v28/2020-11-29/baselines/scenario_00/fixed_cost.json,1307,3f2908ac9f3bc712f526aa8ddfb7157b860066fd1e04335dff51385bee4c13f8
data/reference/results/robust_v28/2020-11-29/baselines/scenario_00/fixed_cost.npz,65228,3186e6af17b8afcdb8f688debb1be40eb0bba32dcba6d6ebb48ce181b00e6307
data/reference/results/robust_v28/2020-11-29/baselines/scenario_00/fixed_price25.json,1309,8b359b2179bc5ebdc6488cbe6970c551952f32da1533cfc1d2915818d9edead3
data/reference/results/robust_v28/2020-11-29/baselines/scenario_00/fixed_price25.npz,65285,996af77cbc2a34bfcc7dc4abe367298200cbd1c8e104131e4215519e6525cf0c
data/reference/results/robust_v28/2020-11-29/baselines/scenario_01/COPF_cost.json,1597,65147c9e07b3ee5097bb973110228c6e02bc4e2f6065ac684025be12a32f6ef6
data/reference/results/robust_v28/2020-11-29/baselines/scenario_01/COPF_cost.npz,84835,1d81fe8793f9432b040d071333f4f89060882b0e4d1bdcc2884054d405689439
data/reference/results/robust_v28/2020-11-29/baselines/scenario_01/COPF_price25.json,1601,742adc702195a5b6df61f336569427d12b9bc35e9dd82b64eebdd94fc528e2d3
data/reference/results/robust_v28/2020-11-29/baselines/scenario_01/COPF_price25.npz,84162,587169d8ddc60512e5bbf57146b47e26de9515233537ab526215391222e9eeb2
data/reference/results/robust_v28/2020-11-29/baselines/scenario_01/Liu2025.json,4682,238860098d858ae2c94e492fddadaf0d12e027bada608bceb38629af2beb5d92
data/reference/results/robust_v28/2020-11-29/baselines/scenario_01/Liu2025.npz,83563,9e69897f40a3272b0017dec9ff7b45c38ee8fa1c409385ee3ecca68eff9a156a
data/reference/results/robust_v28/2020-11-29/baselines/scenario_01/Liu2025_execution.json,4701,2832a1b989dca0014be56db66fa33ba567f279ad104350067b9a992ea0c3e648
data/reference/results/robust_v28/2020-11-29/baselines/scenario_01/Liu2025_execution.npz,83021,fbf0dc9450375bf4e0c22746530ecc7b3dc7bdb5a520d3f64142524822166e1c
data/reference/results/robust_v28/2020-11-29/baselines/scenario_01/Liu2025_price25_commands12_native_terminal_free.json,6907,85d891b275884b236aa8044aea745c5a7c068c77ac868ac75aa2a088f1f8e59e
data/reference/results/robust_v28/2020-11-29/baselines/scenario_01/Liu2025_price25_commands12_native_terminal_free.npz,73896,1453cbd4ec4d2b3de5166137c3537a20e735eb04a6b2893de9e3147a83bc3d47
data/reference/results/robust_v28/2020-11-29/baselines/scenario_01/M2_native.json,7141,95841889ab7bf348e0857600279d6945801f3f5742050660101d1a8b7037024a
data/reference/results/robust_v28/2020-11-29/baselines/scenario_01/M2_native.npz,73495,ef09d2addadb5e91c7d7ea3407f9b2c7f13e7c21ea4f7a23ebba5e7e331d2d83
data/reference/results/robust_v28/2020-11-29/baselines/scenario_01/M2_reference_commands12.json,7143,f4dcf84e340493e464f2a07dd3fb490b4b8efb4458dcff18ee8de02ce9d687fd
data/reference/results/robust_v28/2020-11-29/baselines/scenario_01/M2_reference_commands12.npz,73896,1453cbd4ec4d2b3de5166137c3537a20e735eb04a6b2893de9e3147a83bc3d47
data/reference/results/robust_v28/2020-11-29/baselines/scenario_01/M3_native.json,1849,ac5923448265cddf636875f357a442a55160cfb6c56bdbbef21b2e718aaa164d
data/reference/results/robust_v28/2020-11-29/baselines/scenario_01/M3_native.npz,84162,587169d8ddc60512e5bbf57146b47e26de9515233537ab526215391222e9eeb2
data/reference/results/robust_v28/2020-11-29/baselines/scenario_01/execution_log.txt,3707,c8ae969c704ca261f47ece5ecc460a698ee2a914a93f780be26306363cd034d2
data/reference/results/robust_v28/2020-11-29/baselines/scenario_01/fixed_cost.json,1327,5efa7574834046fc65149818a394b94de5dcf32120a2eaaa6e447fd77ce8fea3
data/reference/results/robust_v28/2020-11-29/baselines/scenario_01/fixed_cost.npz,66983,68778e9607b06e9d6ea33b32c7b6cf628015ad84127a7e1142f53ee115091cb9
data/reference/results/robust_v28/2020-11-29/baselines/scenario_01/fixed_price25.json,1329,7c7c6e9ffd18a114972968de737ac39ebba8146777f580f710c05cb5d296b27a
data/reference/results/robust_v28/2020-11-29/baselines/scenario_01/fixed_price25.npz,66907,ea3431054cb6c326f3c143edb038ffe707710f171851a025b85bf7e979513641
data/reference/results/robust_v28/2020-11-29/baselines/scenario_02/COPF_cost.json,1607,a88979bab2d566bb8b6daec00a136126a2802241ece95c6c1ba41a2cd8e0dc89
data/reference/results/robust_v28/2020-11-29/baselines/scenario_02/COPF_cost.npz,81315,9c47206e0b00f5cdb7ee2875362e201916754b60baf5e12bf567c44a987cf0a2
data/reference/results/robust_v28/2020-11-29/baselines/scenario_02/COPF_price25.json,1590,176a3c0f86a1e698fd60d1ca9ba1532191b368180a12b3f67f8ec264e5acc7f5
data/reference/results/robust_v28/2020-11-29/baselines/scenario_02/COPF_price25.npz,79949,28a78cd481a9b9ebdc1d6c058ca342510b725a251755349851b98208f4a01c80
data/reference/results/robust_v28/2020-11-29/baselines/scenario_02/Liu2025.json,4689,0b7ed67108bd64cc663647c1f57626c1bbeb6ae43f0e33bf436aa099f80149b9
data/reference/results/robust_v28/2020-11-29/baselines/scenario_02/Liu2025.npz,83667,d602ce8c4fc25021d0fd3974070265032b9c3e06b3eefd0ef7ff77ba5810e872
data/reference/results/robust_v28/2020-11-29/baselines/scenario_02/Liu2025_execution.json,4708,d24c2897d753963f0d812c7471accc344a3214d5b9c6405fafa1bbc820b86c55
data/reference/results/robust_v28/2020-11-29/baselines/scenario_02/Liu2025_execution.npz,83093,7d8e07cd2a68660111bafe00eb625454f50b0a2d8bc5fddf56aff901c672e689
data/reference/results/robust_v28/2020-11-29/baselines/scenario_02/Liu2025_price25_commands12_native_terminal_free.json,6911,e3d61d7ca2783db5e21840e4992436ea2b76a62db2ff79a61affc30e9b04181d
data/reference/results/robust_v28/2020-11-29/baselines/scenario_02/Liu2025_price25_commands12_native_terminal_free.npz,74232,aebadd39e410b3d38cbd4bd294a4f17098d438429d9e439946456408dd9bfe13
data/reference/results/robust_v28/2020-11-29/baselines/scenario_02/M2_native.json,7143,df9990f90791b00591c4f8137b41ee5cd1a9027908c75358c4cdc81ebbac46fa
data/reference/results/robust_v28/2020-11-29/baselines/scenario_02/M2_native.npz,72910,2914be2aeea298ea80e340bebc45535a54b0e7337423162ee18ae83df93374c6
data/reference/results/robust_v28/2020-11-29/baselines/scenario_02/M2_reference_commands12.json,7147,8d1b0a220360745d41fcc1071939f0765e8df32c499a871942d6ff1d80e5f34f
data/reference/results/robust_v28/2020-11-29/baselines/scenario_02/M2_reference_commands12.npz,74232,aebadd39e410b3d38cbd4bd294a4f17098d438429d9e439946456408dd9bfe13
data/reference/results/robust_v28/2020-11-29/baselines/scenario_02/M3_native.json,1854,9191b1060a4dcfe99c2793755218aa609a1c26ca879bcb1f3c13201090d53f6e
data/reference/results/robust_v28/2020-11-29/baselines/scenario_02/M3_native.npz,81315,9c47206e0b00f5cdb7ee2875362e201916754b60baf5e12bf567c44a987cf0a2
data/reference/results/robust_v28/2020-11-29/baselines/scenario_02/execution_log.txt,3714,4ecfc456be744e1c5fc48a38a132d798b953393947cf3c6e5ac2f803b567cc57
data/reference/results/robust_v28/2020-11-29/baselines/scenario_02/fixed_cost.json,1328,5f6e3225d2082aefd20cee8b9bd6fc6e1582e06e7fb06eea55a118a0cb709fd0
data/reference/results/robust_v28/2020-11-29/baselines/scenario_02/fixed_cost.npz,66889,157e03d2bb3e67375bb5c0663b15450af005a8cdf88237e28b1d6a110f68e99f
data/reference/results/robust_v28/2020-11-29/baselines/scenario_02/fixed_price25.json,1331,020e5a28e6776726187ffea199555384df5efc88e7f8db8bc0c5ebd76b2408f1
data/reference/results/robust_v28/2020-11-29/baselines/scenario_02/fixed_price25.npz,67085,deb1824f094c726f9b3b230e18a79f0d0673bfe57d08db3ba616097f5b26723a
data/reference/results/robust_v28/2020-11-29/baselines/scenario_03/COPF_cost.json,1591,d4822f8317178a91c87b439b7d70627f7bcfb3ff99458bc6d916dfb9fd412637
data/reference/results/robust_v28/2020-11-29/baselines/scenario_03/COPF_cost.npz,80069,4a18ebf863cda05bcdc67628f6774b634c47c2ae483a47055f2061f8f310b85d
data/reference/results/robust_v28/2020-11-29/baselines/scenario_03/COPF_price25.json,1590,04151379de52d6f1a74f5bd72065af41aeb5f29146b0281070ed101ce4b8ae26
data/reference/results/robust_v28/2020-11-29/baselines/scenario_03/COPF_price25.npz,84313,a175c69329cae6c2201201bdbef7de636f1ae25b05e8140795f0d4e0df82c407
data/reference/results/robust_v28/2020-11-29/baselines/scenario_03/Liu2025.json,4686,fcc031926a34ed958b354da24d7490d4850c609b8898ecfc1f0050d1620b47bc
data/reference/results/robust_v28/2020-11-29/baselines/scenario_03/Liu2025.npz,83598,7e1be9b286412465d23a2b396dc9fd9136b1eef0efe52cf34c723fd488a5d758
data/reference/results/robust_v28/2020-11-29/baselines/scenario_03/Liu2025_execution.json,4702,430f74e33d7dbfc4087fce99e93de10aef16581172234f2b6ee85292b83f1bcc
data/reference/results/robust_v28/2020-11-29/baselines/scenario_03/Liu2025_execution.npz,83029,d08db899865852e1cf3a39eb87c36fd1283c05dad733e273e2f7849bec486e3f
data/reference/results/robust_v28/2020-11-29/baselines/scenario_03/Liu2025_price25_commands12_native_terminal_free.json,6912,f7c0718cfdbe47ab37af3ea500ee25496ded8722e04ab9267f470a46995d7379
data/reference/results/robust_v28/2020-11-29/baselines/scenario_03/Liu2025_price25_commands12_native_terminal_free.npz,74010,634162d1dafeb608c224337d48077188c84a44a6f0cc7cceb971b535d3e7a103
data/reference/results/robust_v28/2020-11-29/baselines/scenario_03/M2_native.json,7144,4ba7445985742180556abb70be1e5bf5ebefcc076bcc8abbf65b53dab6fa061e
data/reference/results/robust_v28/2020-11-29/baselines/scenario_03/M2_native.npz,72908,70b4b480b6dce8379ca3914577c3325ffbb3a9897b00a89fe4812f4c14f20b90
data/reference/results/robust_v28/2020-11-29/baselines/scenario_03/M2_reference_commands12.json,7148,4dced85b18690a4323e5742ff3f71c52b98729e6818eb92c0b9ea133fc440edf
data/reference/results/robust_v28/2020-11-29/baselines/scenario_03/M2_reference_commands12.npz,74010,634162d1dafeb608c224337d48077188c84a44a6f0cc7cceb971b535d3e7a103
data/reference/results/robust_v28/2020-11-29/baselines/scenario_03/M3_native.json,1838,f477ac1742830130de95fc81ddece133f5126d78f5ac4f5663b3a551b079fc30
data/reference/results/robust_v28/2020-11-29/baselines/scenario_03/M3_native.npz,80069,4a18ebf863cda05bcdc67628f6774b634c47c2ae483a47055f2061f8f310b85d
data/reference/results/robust_v28/2020-11-29/baselines/scenario_03/execution_log.txt,3711,2151441871f889bda3b6ab1f32659e0074b988074c45753a04b43c151d11db8e
data/reference/results/robust_v28/2020-11-29/baselines/scenario_03/fixed_cost.json,1308,62d04f88b6a239faeec56d3702d0a7d1eff49066e04a7baf9c2282db2c6ced7c
data/reference/results/robust_v28/2020-11-29/baselines/scenario_03/fixed_cost.npz,67139,478c7b48f1ab6262e44254b1d79e3b00a40750b70d3967fc46511aa565d58bef
data/reference/results/robust_v28/2020-11-29/baselines/scenario_03/fixed_price25.json,1312,6ea98f2727f34ca0700eae2ea62e8e30366cba92d2b44aaa048b11240fee43af
data/reference/results/robust_v28/2020-11-29/baselines/scenario_03/fixed_price25.npz,67024,31d4f9774ba66ce7500705238bbde14181d9cc091f4c52c1d334347609dfa4ff
data/reference/results/robust_v28/2020-11-29/baselines/scenario_04/COPF_cost.json,1589,b14c46aa9f6363ebf4a4657cbaa0ac8c9820f1f192076bbf5f529253e17b51e9
data/reference/results/robust_v28/2020-11-29/baselines/scenario_04/COPF_cost.npz,82293,1ced80739f89ecaaf689c0f1e8efd3416e7517769eecb67f25e2345865eb6f7f
data/reference/results/robust_v28/2020-11-29/baselines/scenario_04/COPF_price25.json,1591,64bc347bc3297f566223732158604b00aea434886dd68de819f98042645bdf52
data/reference/results/robust_v28/2020-11-29/baselines/scenario_04/COPF_price25.npz,79791,136973e6bd7262a52e69423286d7757c7900c0bf80fb5ec154ad102fc783a11d
data/reference/results/robust_v28/2020-11-29/baselines/scenario_04/Liu2025.json,4688,67a3080272ddf4cbc7a25edbe38acefc3fea37e22f311a58887dae66bd1b4695
data/reference/results/robust_v28/2020-11-29/baselines/scenario_04/Liu2025.npz,83664,72694267f20e0e053e4b30690596d04172e759b0e82b1147af9ae7e1428721da
data/reference/results/robust_v28/2020-11-29/baselines/scenario_04/Liu2025_execution.json,4704,ff8718bf7ef1feb8ea58cac76880d640c70292c3de3f9663feacc82d89018de1
data/reference/results/robust_v28/2020-11-29/baselines/scenario_04/Liu2025_execution.npz,83133,a81c692f4f8dbe4b86777216c85af83ff5fc6122c38664ce5caf2d0e57638a1f
data/reference/results/robust_v28/2020-11-29/baselines/scenario_04/Liu2025_price25_commands12_native_terminal_free.json,6908,7cee82bd55ee15ac4479e9d94a176611be2e4d0db435a40d2be51f878b0c8175
data/reference/results/robust_v28/2020-11-29/baselines/scenario_04/Liu2025_price25_commands12_native_terminal_free.npz,74051,95c982ed085238791d541cf5c3639013b808486cbf2a38ac4cd4092cde17efb0
data/reference/results/robust_v28/2020-11-29/baselines/scenario_04/M2_native.json,7141,0612c7dd15388162df3dcde0658edc0b79d71226d17bb3c4c0fef1b74f5318b7
data/reference/results/robust_v28/2020-11-29/baselines/scenario_04/M2_native.npz,73011,cd660c60008c581ffa3b7a312c5bdd796edd55d15d8fa0c27a4b56e2db3149de
data/reference/results/robust_v28/2020-11-29/baselines/scenario_04/M2_reference_commands12.json,7144,789148c4685fdb41eb073e0ff0515a0160a95b115edaf5c8d09e752228258ddf
data/reference/results/robust_v28/2020-11-29/baselines/scenario_04/M2_reference_commands12.npz,74051,95c982ed085238791d541cf5c3639013b808486cbf2a38ac4cd4092cde17efb0
data/reference/results/robust_v28/2020-11-29/baselines/scenario_04/M3_native.json,1838,beb99ecf3f533c72298fbbb95f5a59e29fb1b9707400d4508479fd47dbe5b98b
data/reference/results/robust_v28/2020-11-29/baselines/scenario_04/M3_native.npz,79791,136973e6bd7262a52e69423286d7757c7900c0bf80fb5ec154ad102fc783a11d
data/reference/results/robust_v28/2020-11-29/baselines/scenario_04/execution_log.txt,3713,2d1018446e767b9c9b733ac348d000cbbda6a1c4347efe0740475e74fda34d8b
data/reference/results/robust_v28/2020-11-29/baselines/scenario_04/fixed_cost.json,1308,a991d4d6a9aa8fad43ff5a21ede19d82d215995df6015a058cea6941628a1135
data/reference/results/robust_v28/2020-11-29/baselines/scenario_04/fixed_cost.npz,66924,4911b4c33c953eaa6d44fad8f30a6499b3e414d7d328b7061c0fa875f701e27a
data/reference/results/robust_v28/2020-11-29/baselines/scenario_04/fixed_price25.json,1310,8b4fbb6da76ab0f1f93ca4f04dce744ba1393155a9d3835877c2c21c05473c50
data/reference/results/robust_v28/2020-11-29/baselines/scenario_04/fixed_price25.npz,67014,97bdb71b5fb097f5549d926109120fc04b37afd1731c69187b75e0095eddd992
data/reference/results/robust_v28/2020-11-29/common.json,221877,9e0da337c9131f8f811d19d2604f2647a00a58dbe535dcf1bbb3c86f5a1a0ec6
data/reference/results/robust_v28/2020-11-29/common.npz,47721,f6c7906aa1ac15e5710ca8a309b4dba28bfbc891f2794fc7c1f0e0e55b3c4ed2
data/reference/results/robust_v28/2020-11-29/common_commitment_amendment.json,438,7eb7bfe1f183883463647a13cb4d70f2123031e96491ab804f3397d0dd1178af
data/reference/results/robust_v28/2020-11-29/common_commitment_amendment.npz,474,1e90cf319795b54200d201b0b39f0861bf47efbfdbceb7e66f1a0eabebe83cc6
data/reference/results/robust_v28/2020-11-29/constant_nominal.json,940,5a46760eeaea17d554bc35b1f70973883e5541f4fcef3eec2101117dc0ce4d0f
data/reference/results/robust_v28/2020-11-29/constant_nominal.npz,471,b34c0304e11de9c0759c21417539b73410542b09325c1bc138fcced91c801bf1
data/reference/results/robust_v28/2020-11-29/constant_robust.json,337,9cfe752718d61657d150a247a4718a0f52437dd3fbeb697610135164beb94099
data/reference/results/robust_v28/2020-11-29/constant_robust.npz,22,8739c76e681f900923b900c9df0ef75cf421d39cabb54650c4b9ad19b6a76d85
data/reference/results/robust_v28/2020-11-29/constant_robust_before_finite_initialization.json,337,9cfe752718d61657d150a247a4718a0f52437dd3fbeb697610135164beb94099
data/reference/results/robust_v28/2020-11-29/constant_robust_before_finite_initialization.npz,22,8739c76e681f900923b900c9df0ef75cf421d39cabb54650c4b9ad19b6a76d85
data/reference/results/robust_v28/2020-11-29/enrichment_report.json,560,6dbc8b0f2456fdf3b95090af2a4ccf5895b6cc2437824b938ae096525c6fd9d9
data/reference/results/robust_v28/2020-11-29/fixed_commitment_nominal_diagnostic.json,155,7f1702f8ff58ee3395ed4059875882973fb5a05696861eb60f8b23ee96499649
data/reference/results/robust_v28/2020-11-29/fixed_commitment_nominal_diagnostic.npz,22,8739c76e681f900923b900c9df0ef75cf421d39cabb54650c4b9ad19b6a76d85
data/reference/results/robust_v28/2020-11-29/fixed_quota_inner_convergence.json,1570,796c1f456a8b40214e3003894eaabff7effe8e82da1d18dd5f2370850eacc69e
data/reference/results/robust_v28/2020-11-29/fixed_quota_inner_convergence.npz,254,115f183e35222d8ef6a0a6eae47f36a50a81c445b6e31715af40253172058131
data/reference/results/robust_v28/2020-11-29/forecast_chronology_amendment.json,724,1c7a844483afecfac1e03b321e114d6e2b4287d8ea2856df467b8b53e424c47a
data/reference/results/robust_v28/2020-11-29/forecast_common_reference.json,357,e4baaee7c2e915385d97fce6b3d457df5747c7991fe8d7092a46f27e47a126b9
data/reference/results/robust_v28/2020-11-29/forecast_common_reference.npz,1647,bf39881fc2c1ddb44e222697e44811de45cb5de965e0a90138f320fe0e0489ad
data/reference/results/robust_v28/2020-11-29/forecast_price_duals.json,1661,729073d1cbc88bf9024514f6f15448d130107ba07e01363e7103310c6d6bc1c2
data/reference/results/robust_v28/2020-11-29/forecast_price_duals.npz,78721,66fe56e4d88ba80596131706c0421651bb631348657f18dcbfbb8029d62800eb
data/reference/results/robust_v28/2020-11-29/forecast_reference_cost.json,1306,c3b25a4944af713ae5ac594c1793c9f8efccedc90c221d14e4d8bb079d356e6a
data/reference/results/robust_v28/2020-11-29/forecast_reference_cost.npz,65228,3186e6af17b8afcdb8f688debb1be40eb0bba32dcba6d6ebb48ce181b00e6307
data/reference/results/robust_v28/2020-11-29/forecast_reference_price25.json,1309,af36f03c374a55fa1bdd3bf02012f6c81f1a59b34829a1240ef1ccc915e0b005
data/reference/results/robust_v28/2020-11-29/forecast_reference_price25.npz,65285,32dc86b636e2dea0c5056ce0d605a5b56747473276650a2011845d699954cb43
data/reference/results/robust_v28/2020-11-29/prior_fixed_commitment/scenario_00/balanced_full_library.json,1351,dd3bfb184077b8d0b8c85ac1afb3f4419db1e495cabc6016236850a440c18d5d
data/reference/results/robust_v28/2020-11-29/prior_fixed_commitment/scenario_00/balanced_full_library.npz,69680,3a0593046e6df881508bf462b37e1e87e54b574bdfc2e38f402692c1028b0102
data/reference/results/robust_v28/2020-11-29/prior_fixed_commitment/scenario_00/constant_cost.json,154,c42a61675ecbfe6aea1a2aeac34f8105391ed1c037593b3ef29ad4d0db7e855e
data/reference/results/robust_v28/2020-11-29/prior_fixed_commitment/scenario_00/constant_cost.npz,22,8739c76e681f900923b900c9df0ef75cf421d39cabb54650c4b9ad19b6a76d85
data/reference/results/robust_v28/2020-11-29/protocol_amendment.json,869,9688de2b046aeb7b6283e8b2986c7f35e6071f185820ac0535ee3813060c4eb0
data/reference/results/robust_v28/2020-11-29/scenario_00/M1_constant.json,2407,a78e9ed42ea85497374397406be80d559ce2fe0ca4621d33c4e6b26fced68ec9
data/reference/results/robust_v28/2020-11-29/scenario_00/M1_constant.npz,65523,4940e0b0cd92a1ed8896292d168195c1edf4c669c99777e6f4a7d6f0a01d590e
data/reference/results/robust_v28/2020-11-29/scenario_00/M1_constant_execution.json,1236,fdc573faf4f7806d3d5c66eade85682a71ba7f2eee6ee2ae4aa135e0712ecf8e
data/reference/results/robust_v28/2020-11-29/scenario_00/M1_constant_execution.npz,9413,e86a32fb2a1e8662c7bf3f0d171005cd0bf64c42edde282a0c5c2675da9d8009
data/reference/results/robust_v28/2020-11-29/scenario_00/M4_proposed.json,2490,e16932196fce44dd88d6fe7ed0cb0d1fec4fb66089a3ea3a8270a07ece8d7682
data/reference/results/robust_v28/2020-11-29/scenario_00/M4_proposed.npz,70155,7eb7f0c8ade44d043d1bc1ad633d98b2f939ea01cb3bac07762c464becc592b6
data/reference/results/robust_v28/2020-11-29/scenario_00/M4_proposed_execution.json,1893,524b2f7fa9104bfb9ad8438ddd0302417aa31dbac4454fb3ae86da2827bc2fcb
data/reference/results/robust_v28/2020-11-29/scenario_00/M4_proposed_execution.npz,1404426,ff78962b6f3edd8c6126186b8ab5420674c30266d86e8a2394a4f3b428d173f4
data/reference/results/robust_v28/2020-11-29/scenario_00/balanced_full_library.json,1364,74b0070abca644d50365e2384dcdb07458d4df5c9f2fa587c2efa767fb81b8cc
data/reference/results/robust_v28/2020-11-29/scenario_00/balanced_full_library.npz,69835,525547703da6637783741dfdb3978273f5a76525c7edb8827555953fa00c64fe
data/reference/results/robust_v28/2020-11-29/scenario_00/cells.json,172024,e99e9b83987db329b4be8c59b320ae18482a96ae5a38daffe0171cc1b90494e5
data/reference/results/robust_v28/2020-11-29/scenario_00/constant_carbon.json,1310,1087a61c07f7b012ada031e03a027492aa7f50d993180ab917c6956f98cd1677
data/reference/results/robust_v28/2020-11-29/scenario_00/constant_carbon.npz,65375,ed8bf2c1b67ecee2196fbe53c4b6565660d604bcccca0b918c5bff817fabda74
data/reference/results/robust_v28/2020-11-29/scenario_00/constant_cost.json,1306,b9123983aa5104c0f37a89df5bfa1a68222b148ee4a2f7ff216e9d1627b50cdd
data/reference/results/robust_v28/2020-11-29/scenario_00/constant_cost.npz,65228,3186e6af17b8afcdb8f688debb1be40eb0bba32dcba6d6ebb48ce181b00e6307
data/reference/results/robust_v28/2020-11-29/scenario_00/constant_curtailment.json,1351,912939bb99bc386caa5e1e4a722a3cea1bbed05b1b27132c7bb1135d22898138
data/reference/results/robust_v28/2020-11-29/scenario_00/constant_curtailment.npz,65565,93688cc89482086f35ef2588fadf77dcc3168d4a35a5d68366bb8dda36b69161
data/reference/results/robust_v28/2020-11-29/scenario_00/constant_price25.json,1309,a265a6ac595122bacbdd7d79a9b666e8c2442f58138a4b1d114047f0b7ff880e
data/reference/results/robust_v28/2020-11-29/scenario_00/constant_price25.npz,65285,996af77cbc2a34bfcc7dc4abe367298200cbd1c8e104131e4215519e6525cf0c
data/reference/results/robust_v28/2020-11-29/scenario_00/recovery_v20_carbon.json,1309,4f044f984cdc18835031c31d6ad53d9fb8a0febcb954d015bd5324b44a8af53d
data/reference/results/robust_v28/2020-11-29/scenario_00/recovery_v20_carbon.npz,69398,310d09d834c7c069e5af21820a9063ea883592cd6bcebc6f797d4ef499bfb392
data/reference/results/robust_v28/2020-11-29/scenario_00/recovery_v20_cost.json,1309,0618b9edbf533c53fb77211471e028bf8ddd0605a654e0eb0ee9e24ca69631ef
data/reference/results/robust_v28/2020-11-29/scenario_00/recovery_v20_cost.npz,69214,a040e1222c80f30249dce08dd50784f1aa0328dbbd468115eb9a996d4af61a9c
data/reference/results/robust_v28/2020-11-29/scenario_00/recovery_v20_curtailment.json,1316,1650e1e93a3e08ecb81500cfb531d909b7c2d899cf1aaf6edff5655197f6d67e
data/reference/results/robust_v28/2020-11-29/scenario_00/recovery_v20_curtailment.npz,69433,a50f50bad2d025690273d58f4eebd827beecd66a9a3d25b305d9c9fe89047688
data/reference/results/robust_v28/2020-11-29/scenario_00/recovery_v20_price25.json,1312,890668a6d79334e98e214960d5163315f6c4d5ab554056f7efe2508280bc0793
data/reference/results/robust_v28/2020-11-29/scenario_00/recovery_v20_price25.npz,69254,2b664abc84b4d3497c661198f7e979fb2cb31abde0923a89cf6de2db523390dd
data/reference/results/robust_v28/2020-11-29/scenario_00/scenario_adaptive_carbon.json,1309,2435a890c65827e5d6b83b177a00a98e6b20647fed2af02f1b14da988349b963
data/reference/results/robust_v28/2020-11-29/scenario_00/scenario_adaptive_carbon.npz,69545,226503008fd9f8bddf42b8e4906f65df0faab505fbebc335424df6575fb4c126
data/reference/results/robust_v28/2020-11-29/scenario_00/scenario_adaptive_cost.json,1306,416b548f768f7b0986f5cd8263aa2e9a9d6480eb86dda4ea978b29430e59e841
data/reference/results/robust_v28/2020-11-29/scenario_00/scenario_adaptive_cost.npz,69197,bcc17679228568d2d5c5bc13f49f7c0d9c52281a8259e8d68d6c282a1ace9b11
data/reference/results/robust_v28/2020-11-29/scenario_00/scenario_adaptive_curtailment.json,1314,3227bf036308cb40aec1e79b2a3026f1b2f00b1fbb1699ff6cfd6f3621921c3f
data/reference/results/robust_v28/2020-11-29/scenario_00/scenario_adaptive_curtailment.npz,69347,fc4220179587c8f36f7a9735988feb2c77184dc912c44c7fb0b257dce0708473
data/reference/results/robust_v28/2020-11-29/scenario_00/scenario_adaptive_price25.json,1311,d05133e402fa6fc814cc97b2c50fe746be3a809960ba3cc734a0bea2fb1ec2af
data/reference/results/robust_v28/2020-11-29/scenario_00/scenario_adaptive_price25.npz,69263,3c1e870715e589fee70b0438ddd05ede65e5e3ab7e379387e9b97ced8e1edeb8
data/reference/results/robust_v28/2020-11-29/scenario_00/v27_library_carbon.json,1363,6ee4d05cf426131429a938e6241e64abb873ffdda8459b23cd14bdbeb5c3ae2b
data/reference/results/robust_v28/2020-11-29/scenario_00/v27_library_carbon.npz,69978,f5b0b760eda25d12001a096e9347916124fff00e78c2c3d5834d856776cbfcf0
data/reference/results/robust_v28/2020-11-29/scenario_00/v27_library_cost.json,1346,372df93bf28ab6469e07712500960f47e5088f086ab63919a0b5d6dbe08012e9
data/reference/results/robust_v28/2020-11-29/scenario_00/v27_library_cost.npz,69627,f8d8b28bc242f41ea4a4edacf5747990d848c610be33c35e543220442c797fcc
data/reference/results/robust_v28/2020-11-29/scenario_00/v27_library_curtailment.json,1351,9796ab22b6d248a76ea237f6dab9400de4b9fe42118e0e1ae4366860116b1a5d
data/reference/results/robust_v28/2020-11-29/scenario_00/v27_library_curtailment.npz,69624,82ef5cf9bf1a0c30ef87d547d3e44b6406120c6d6f41005a0520a5c6cc32d8cf
data/reference/results/robust_v28/2020-11-29/scenario_00/v27_library_price25.json,1346,1e645bce55aac03a9d4677a3773c94fa0ccb77e9031bf59d9986aa121ea7bb1e
data/reference/results/robust_v28/2020-11-29/scenario_00/v27_library_price25.npz,69690,f531de9273541b9a1ffd59e703f67c2d44e44fadf743bab758623943f360f1d1
data/reference/results/robust_v28/2020-11-29/scenario_00/v27_pattern0_carbon.json,1310,0361d04fe7a6f46c5668628e4eb902c10c3fedb2b95a4cdf4d665345d04cff2d
data/reference/results/robust_v28/2020-11-29/scenario_00/v27_pattern0_carbon.npz,69545,226503008fd9f8bddf42b8e4906f65df0faab505fbebc335424df6575fb4c126
data/reference/results/robust_v28/2020-11-29/scenario_00/v27_pattern0_cost.json,1307,b153ad8d955843ba9d8f5d3bcc109da6e5cb694307637a9f6326f0b1938fc51a
data/reference/results/robust_v28/2020-11-29/scenario_00/v27_pattern0_cost.npz,69197,bcc17679228568d2d5c5bc13f49f7c0d9c52281a8259e8d68d6c282a1ace9b11
data/reference/results/robust_v28/2020-11-29/scenario_00/v27_pattern0_curtailment.json,1315,4e66f25a2db4117a4395764169970504611ae98de26fd26c44d35258948ac243
data/reference/results/robust_v28/2020-11-29/scenario_00/v27_pattern0_curtailment.npz,69347,fc4220179587c8f36f7a9735988feb2c77184dc912c44c7fb0b257dce0708473
data/reference/results/robust_v28/2020-11-29/scenario_00/v27_pattern0_price25.json,1311,d00a9b959962fc92c45236f476f3795b79b3070a829e12323a0bdfdc1da54983
data/reference/results/robust_v28/2020-11-29/scenario_00/v27_pattern0_price25.npz,69263,3c1e870715e589fee70b0438ddd05ede65e5e3ab7e379387e9b97ced8e1edeb8
data/reference/results/robust_v28/2020-11-29/scenario_00/v28_library_balanced.json,1348,381687c60d5f39978798e22577fb5ed28ac4a3b9f9fef4585ed230e41e24d134
data/reference/results/robust_v28/2020-11-29/scenario_00/v28_library_balanced.npz,69766,7dae8cb06c5820964eaba67f82e8337b57b99b5f4a3c494531896b980c95da51
data/reference/results/robust_v28/2020-11-29/scenario_00/v28_library_carbon.json,1364,d972a0bb0eb6a6ee7fbfba0ff988ae1d4f6ee437615dfd8ce50ba1c7435423a0
data/reference/results/robust_v28/2020-11-29/scenario_00/v28_library_carbon.npz,69822,90032f143b08a41eaa7e41ed90c41c6a126a0056d31608aa1bfa95dd65049138
data/reference/results/robust_v28/2020-11-29/scenario_00/v28_library_cost.json,1345,4b6b4af28e650ae11942203d731b6519118232dd608ce48261e7d3e79479c1a5
data/reference/results/robust_v28/2020-11-29/scenario_00/v28_library_cost.npz,69518,690e9aeb68e48ff3974414c7ae1c63d61f88e657fc1768f5eb5db44f2ae5bdc9
data/reference/results/robust_v28/2020-11-29/scenario_00/v28_library_curtailment.json,1352,721bd4c8fcc59af70fdfd54cc68af3c21032de45ce0630361d7e2e2bec4a573b
data/reference/results/robust_v28/2020-11-29/scenario_00/v28_library_curtailment.npz,69567,1dfc9e1e126fff9bbf54b60d516b7d77e982b381f39cfee459296732fee57021
data/reference/results/robust_v28/2020-11-29/scenario_00/v28_library_price25.json,1365,20b78d0b3bbc9112746468a08acc9f4309dd19af0a0ac9b01d6c09253ce93ad4
data/reference/results/robust_v28/2020-11-29/scenario_00/v28_library_price25.npz,69692,45efcc7c9541c55ec0d9e976fc262773b83eb03cf97c34a55b2dc823f4fc5f4e
data/reference/results/robust_v28/2020-11-29/scenario_00/v28_pattern0_balanced.json,1313,5576094e5056bc4c31bbecdad63fe80f24ce7b551167ceb65ae776e47d5a1a4a
data/reference/results/robust_v28/2020-11-29/scenario_00/v28_pattern0_balanced.npz,69368,ce227ded8b9efce432d605f807ff93626ed22831e2c304d6d718d479ba2812c3
data/reference/results/robust_v28/2020-11-29/scenario_00/v28_pattern0_carbon.json,1310,7ad117ea5b2fa0eade80e5225b004992f0e8c1a6985387a42e1ece1be88c839a
data/reference/results/robust_v28/2020-11-29/scenario_00/v28_pattern0_carbon.npz,69545,226503008fd9f8bddf42b8e4906f65df0faab505fbebc335424df6575fb4c126
data/reference/results/robust_v28/2020-11-29/scenario_00/v28_pattern0_cost.json,1306,c325c6d2f5551253e2b32ff7ed9190a2ec413f8da3b1c40bab52894260ada3f3
data/reference/results/robust_v28/2020-11-29/scenario_00/v28_pattern0_cost.npz,69197,bcc17679228568d2d5c5bc13f49f7c0d9c52281a8259e8d68d6c282a1ace9b11
data/reference/results/robust_v28/2020-11-29/scenario_00/v28_pattern0_curtailment.json,1315,4d94790ada6c4f86cfee0bd362dcd1e9ab0025970499aedd918a2cfb39b7fc00
data/reference/results/robust_v28/2020-11-29/scenario_00/v28_pattern0_curtailment.npz,69347,fc4220179587c8f36f7a9735988feb2c77184dc912c44c7fb0b257dce0708473
data/reference/results/robust_v28/2020-11-29/scenario_00/v28_pattern0_price25.json,1309,ad870fb42c317b05effbed3e232dc1f319c59b372ee60a07a087940e63578030
data/reference/results/robust_v28/2020-11-29/scenario_00/v28_pattern0_price25.npz,69263,3c1e870715e589fee70b0438ddd05ede65e5e3ab7e379387e9b97ced8e1edeb8
data/reference/results/robust_v28/2020-11-29/scenario_01/M4_proposed.json,2485,29ce4f57fe8420c4b92b8727d070b05ddb99f12a78293b015c3b50ca96f0f07e
data/reference/results/robust_v28/2020-11-29/scenario_01/M4_proposed.npz,87070,c90133711b2add3567d1a78195dac31c6c15abcb45d9a05ed54ac3c2da7cb5ba
data/reference/results/robust_v28/2020-11-29/scenario_01/M4_proposed_execution.json,1892,8bb883c87f09363c79a5b384cd5ec88e4dac50bef2bd20a3a2d957d1732e1141
data/reference/results/robust_v28/2020-11-29/scenario_01/M4_proposed_execution.npz,1405359,751dcda91afe4f65b610dd9d4f834ebfb8a87c19d6b80f4b4f82a1f46ff2f5df
data/reference/results/robust_v28/2020-11-29/scenario_01/balanced_full_library.json,1366,2506dbacb0ffb44c51cd970cf9e53970e66e5ee0e2248f03584ce1f2fd33aa14
data/reference/results/robust_v28/2020-11-29/scenario_01/balanced_full_library.npz,70828,ccb910ffc88394316a98e3644c016f1752eec315507e4372aace60bce35e2e9a
data/reference/results/robust_v28/2020-11-29/scenario_01/cells.json,1932,d93589ac622c1b407549ae7f0bddfb2b40b6c2ef65c37f89d52a66fa61b8f7d7
data/reference/results/robust_v28/2020-11-29/scenario_01/cells_before_carbon_completion.json,437,32e4a343ff2c25119a9833e9e94546d5d2984c56630e9033a85cad6bb482a631
data/reference/results/robust_v28/2020-11-29/scenario_01/constant_carbon.json,1310,8e5d832a06a9c655470b378caa0f9493ad7f8c2889eb737ba1fafac33a54fe78
data/reference/results/robust_v28/2020-11-29/scenario_01/constant_carbon.npz,67170,9934ab2003907317062acfcca90bc571cbbab41f78574c42c8d5e0859e38c9a1
data/reference/results/robust_v28/2020-11-29/scenario_01/constant_carbon_cap_anchor.json,1599,6e881a560f59d0128e62b1e50760e7dce0d21c1f02e31822ae5e815ba14fc118
data/reference/results/robust_v28/2020-11-29/scenario_01/constant_carbon_cap_anchor.npz,85908,99440243e775ad6494a8578d38e1d4c95a1c4dca5a40df91de80765feafec9bf
data/reference/results/robust_v28/2020-11-29/scenario_01/constant_cost.json,1325,69834c7342d499aee982743a4934d794b403fa541e1f3c54eee5fb1244fd6c89
data/reference/results/robust_v28/2020-11-29/scenario_01/constant_cost.npz,66983,68778e9607b06e9d6ea33b32c7b6cf628015ad84127a7e1142f53ee115091cb9
data/reference/results/robust_v28/2020-11-29/scenario_01/constant_curtailment.json,1315,32518e0be2d0191a9c1d83160dcbff9c930567cac35ae0c30473d362b2c3cb0a
data/reference/results/robust_v28/2020-11-29/scenario_01/constant_curtailment.npz,67003,2183f2f55be2f6c06aeda5fa71bcaad09d5f80bde537e28129231865665e250a
data/reference/results/robust_v28/2020-11-29/scenario_01/constant_price25.json,1328,a2849cb863566e8c01be88521d3ad04ad6768077868f455272f8ba9d03bcaef4
data/reference/results/robust_v28/2020-11-29/scenario_01/constant_price25.npz,66907,ea3431054cb6c326f3c143edb038ffe707710f171851a025b85bf7e979513641
data/reference/results/robust_v28/2020-11-29/scenario_01/empty_cells_before_completion.json,437,32e4a343ff2c25119a9833e9e94546d5d2984c56630e9033a85cad6bb482a631
data/reference/results/robust_v28/2020-11-29/scenario_01/recovery_v20_carbon.json,1311,b9dde1d44f68059d479c35d681304c64d26955d178ee17969c2a4c7e50b30188
data/reference/results/robust_v28/2020-11-29/scenario_01/recovery_v20_carbon.npz,70910,148d8aab10030962d739ede16d75f85ca0785d661e46f797eff99c28568a6897
data/reference/results/robust_v28/2020-11-29/scenario_01/recovery_v20_cost.json,1328,cc71e00fb0214229c5c32896890f4d378af5f6a785f2b4cbeefe88e3bd31675d
data/reference/results/robust_v28/2020-11-29/scenario_01/recovery_v20_cost.npz,70748,7334a3fc50699fc3c29896b8351ce9e6e52bf5a20ae9a3cfa1bc5996ab34e44d
data/reference/results/robust_v28/2020-11-29/scenario_01/recovery_v20_curtailment.json,1333,b4cd01f89fc20e3c1ba788ee1398ffa137de0987b8115e60b587d7fef09ee586
data/reference/results/robust_v28/2020-11-29/scenario_01/recovery_v20_curtailment.npz,70665,37723dfe04a46efe57c382b924256556ef8b2610ae572a0f27607f006182c7c3
data/reference/results/robust_v28/2020-11-29/scenario_01/recovery_v20_price25.json,1331,fb2116f61d51f36a1a6b4575124f34d6c7c16da8b412c7b2e8e81db117067c74
data/reference/results/robust_v28/2020-11-29/scenario_01/recovery_v20_price25.npz,70781,df07b5f23450f8f98e93722512d76c0bd0f1a667c5a39fbdc059bb0a166a3b61
data/reference/results/robust_v28/2020-11-29/scenario_01/scenario_adaptive_carbon.json,1330,6702a4ad35cd1650124e401c071a941f6750180e940ae3a5b717690ac9905e36
data/reference/results/robust_v28/2020-11-29/scenario_01/scenario_adaptive_carbon.npz,70854,054c2843d98fb6f90dedd595bf4bd81400468bad91adc1d917c7967845c3b8b1
data/reference/results/robust_v28/2020-11-29/scenario_01/scenario_adaptive_carbon_cap_anchor.json,1592,70a0fb40c1f29e1c0a72287e108511496b7118598e308dccbcb5fba679a1f0e2
data/reference/results/robust_v28/2020-11-29/scenario_01/scenario_adaptive_carbon_cap_anchor.npz,86804,f5e2fea3ff6318144dddfbe05d8e9381ce91854b3323ff3d8adaab7e6c77fc90
data/reference/results/robust_v28/2020-11-29/scenario_01/scenario_adaptive_cost.json,1326,069159f16923e077aeb8f3380d2f789285257e956f7e7dfbf0e5ceb085c9ac16
data/reference/results/robust_v28/2020-11-29/scenario_01/scenario_adaptive_cost.npz,70645,0ef00b98002d7f05e5114e25ed88a77dcfe47e9b25b36eb61b7f2aa6c7736fdf
data/reference/results/robust_v28/2020-11-29/scenario_01/scenario_adaptive_curtailment.json,1335,1d15e7e713bf11e5abb0743c8bbc2a3c8d53f5cda4adbfa24f41dbeeb54f2cac
data/reference/results/robust_v28/2020-11-29/scenario_01/scenario_adaptive_curtailment.npz,70702,0b2eca53c92489f1560fea9372856985dc1e0235979b89bea3ba48165e347e87
data/reference/results/robust_v28/2020-11-29/scenario_01/scenario_adaptive_price25.json,1329,426ca104deff5a44d2abd2a6ba53bc23a5a0cce259857ba0d6faa36bba990971
data/reference/results/robust_v28/2020-11-29/scenario_01/scenario_adaptive_price25.npz,70702,51f601dc632e97b5fc0070b1156be0ff5950bca0e2ee9ba3b3f3d93d1222ef4e
data/reference/results/robust_v28/2020-11-29/scenario_01/v27_library_carbon.json,1363,9791941b9b4518b32caf866d8d98cb4380a3ebb67f51d56f88faaf16ad6422e0
data/reference/results/robust_v28/2020-11-29/scenario_01/v27_library_carbon.npz,70893,ea43e478a8e532d1572b69277d9c9e63b149b9eecf2e73f33ddd953c58674d47
data/reference/results/robust_v28/2020-11-29/scenario_01/v27_library_cost.json,1344,d6eb6ab083d7a19806a9551a69c81327182e5c6aba18e13fbdcc4109fa83b6a0
data/reference/results/robust_v28/2020-11-29/scenario_01/v27_library_cost.npz,70833,375e476c6240b28a4f315b48b228701d39beed823712eef7dbeebe67ad4d21a9
data/reference/results/robust_v28/2020-11-29/scenario_01/v27_library_curtailment.json,1334,38740a366b4335ba693d174d30d8bb312b28ef2f2aedaebae8e9233a90e27173
data/reference/results/robust_v28/2020-11-29/scenario_01/v27_library_curtailment.npz,70852,5f10b8275c2437312ce01ea745c5102d990b36b1896e0f48effc3f006459ee10
data/reference/results/robust_v28/2020-11-29/scenario_01/v27_library_price25.json,1343,84af962da1e5cce5016cfde0fb38525b78df5111ea77018f5536966963973b9b
data/reference/results/robust_v28/2020-11-29/scenario_01/v27_library_price25.npz,71018,9a820d61184a155c157258ba7a4cb5f4ef13ff2e9e1642d8181418699329eb19
data/reference/results/robust_v28/2020-11-29/scenario_01/v27_pattern0_carbon.json,1309,9722fb844bfb99de73d50bab1a817262e7c77844528d6f3650f158a01119e36c
data/reference/results/robust_v28/2020-11-29/scenario_01/v27_pattern0_carbon.npz,70777,5360c665276b20fa8541198e93f1b8513652714301ea3c58781622761ae4cccc
data/reference/results/robust_v28/2020-11-29/scenario_01/v27_pattern0_cost.json,1325,87ff318cdf4dc8c9ef748ee21e815ffc461b955a2187a7dd02959de22ff7f6de
data/reference/results/robust_v28/2020-11-29/scenario_01/v27_pattern0_cost.npz,70647,2bb2847c383cd382673cc8fdc8e2b2581f0e858159bf673ebfc49829cd4ac9c3
data/reference/results/robust_v28/2020-11-29/scenario_01/v27_pattern0_curtailment.json,1330,4393f923c1355aee8175ee39eaa1d8af4d626463359ca89f34dc7f78acc3bf3f
data/reference/results/robust_v28/2020-11-29/scenario_01/v27_pattern0_curtailment.npz,70584,4756aa742d863d58688b01e1782d2d84fe9bcd4a62aed735f5f613aef6268af6
data/reference/results/robust_v28/2020-11-29/scenario_01/v27_pattern0_price25.json,1329,9048dc0b1c06dc482926c1b93766cdee0039ae974c0a85aa60c981614af89b89
data/reference/results/robust_v28/2020-11-29/scenario_01/v27_pattern0_price25.npz,70677,5265de581e30ae50afa4b80bc42c046b6c80a635db5afffc7ac3d720b2f0183f
data/reference/results/robust_v28/2020-11-29/scenario_01/v27_pattern1_carbon.json,1309,ee9a283c1d302033bff979158f9ecdf8422a68ad39034fabbb740c2bcbb483c9
data/reference/results/robust_v28/2020-11-29/scenario_01/v27_pattern1_carbon.npz,70899,b75d16da4d19bba304be90992e14bad91ac38b785b60c7faa6d5e32cb3d52c0b
data/reference/results/robust_v28/2020-11-29/scenario_01/v27_pattern1_cost.json,1326,4fbb03298c728877bfbbbefc1c844a728bd0e196df0b6f6888fa848e0c3e47d7
data/reference/results/robust_v28/2020-11-29/scenario_01/v27_pattern1_cost.npz,70532,67bb767815cd2867361ca157f3b4b479ff15d0a6bcc7c45f9a9dfa1c15d355da
data/reference/results/robust_v28/2020-11-29/scenario_01/v27_pattern1_curtailment.json,1352,387351bb2bef01b16b5a2cd0a9175eb3febc137b6c1ddb2fa5f2bc4a0ac02746
data/reference/results/robust_v28/2020-11-29/scenario_01/v27_pattern1_curtailment.npz,70741,c84f8e446a899d6f1ae3e835129e9b2124c424174edff32136d10967fc78423b
data/reference/results/robust_v28/2020-11-29/scenario_01/v27_pattern1_price25.json,1326,1b149f67175972a01c4d0b8c3687d4730fa6039d3188ef79d78f0fca5c0a4af4
data/reference/results/robust_v28/2020-11-29/scenario_01/v27_pattern1_price25.npz,70578,5e113e532d8298c4c32506ff376e37731cbf70eaafc6c82855f5e0a89f850141
data/reference/results/robust_v28/2020-11-29/scenario_01/v27_pattern2_carbon.json,1330,215ad525a22201ab996555a62b43593019d711cba40ff9524fd7e6aa10ad697d
data/reference/results/robust_v28/2020-11-29/scenario_01/v27_pattern2_carbon.npz,70854,054c2843d98fb6f90dedd595bf4bd81400468bad91adc1d917c7967845c3b8b1
data/reference/results/robust_v28/2020-11-29/scenario_01/v27_pattern2_cost.json,1325,5e2669a0d609a25acfc92dc9d9c5cd7c4029390ce776c5e8c28abe246b3230a8
data/reference/results/robust_v28/2020-11-29/scenario_01/v27_pattern2_cost.npz,70645,0ef00b98002d7f05e5114e25ed88a77dcfe47e9b25b36eb61b7f2aa6c7736fdf
data/reference/results/robust_v28/2020-11-29/scenario_01/v27_pattern2_curtailment.json,1334,148b77562191fb6fdacc23312c801a4d64091290ff5fe51b2cb93f0f6fc69930
data/reference/results/robust_v28/2020-11-29/scenario_01/v27_pattern2_curtailment.npz,70702,0b2eca53c92489f1560fea9372856985dc1e0235979b89bea3ba48165e347e87
data/reference/results/robust_v28/2020-11-29/scenario_01/v27_pattern2_price25.json,1328,f588d3f61a681ba33f221a910b7b3b7f5cb77f5e9b7c00ff373bf3fd0d72ff53
data/reference/results/robust_v28/2020-11-29/scenario_01/v27_pattern2_price25.npz,70702,51f601dc632e97b5fc0070b1156be0ff5950bca0e2ee9ba3b3f3d93d1222ef4e
data/reference/results/robust_v28/2020-11-29/scenario_01/v27_pattern3_carbon.json,1312,30657310ffaafc8381352b772754c50692c445d97258775c5e82364733299016
data/reference/results/robust_v28/2020-11-29/scenario_01/v27_pattern3_carbon.npz,70863,bd103bd452b8ce17e3debba1428278fd5436c030c326467ca3e49461503e7322
data/reference/results/robust_v28/2020-11-29/scenario_01/v27_pattern3_cost.json,1307,fc6bc32177afc1f31a0e3353a840538d96f1b16bfdc1e2f5ef9568db1fa12be6
data/reference/results/robust_v28/2020-11-29/scenario_01/v27_pattern3_cost.npz,70667,9197eede0a40470c85b74ceee408f6a4dd08f2ed12f60d033fe94159b191ca8c
data/reference/results/robust_v28/2020-11-29/scenario_01/v27_pattern3_curtailment.json,1354,47f7df06c63c8fb904bbb8214b65202b41449dd119c5ecec9dd4aa31b57667e4
data/reference/results/robust_v28/2020-11-29/scenario_01/v27_pattern3_curtailment.npz,70617,311ac69c9d0936778fa90df765a2d4c1a6b67397d36430148f2bc266893bc8a3
data/reference/results/robust_v28/2020-11-29/scenario_01/v27_pattern3_price25.json,1312,81c820aa8dbf2b37022bfc940ffaed95e0c44beea46fa792dd1443274f8b3e7a
data/reference/results/robust_v28/2020-11-29/scenario_01/v27_pattern3_price25.npz,70718,ab6eaf349c5a7bc272ceda2f867bbce1bf029f5f8126ee4261779aa529d696e4
data/reference/results/robust_v28/2020-11-29/scenario_01/v28_library_balanced.json,1349,6ae00a17f0be80019df272f31709b750e0a0d1b0bbd821b621548bfb056e6bbd
data/reference/results/robust_v28/2020-11-29/scenario_01/v28_library_balanced.npz,70961,523c9c873d607e6de7d0d0157de6cdeb6f0b605aba1a5dd7c8695fead55fec06
data/reference/results/robust_v28/2020-11-29/scenario_01/v28_library_carbon.json,1347,52b094a90dede6f879b084d23c1356bd858ec68310996f6a30ab16bf831f8dc3
data/reference/results/robust_v28/2020-11-29/scenario_01/v28_library_carbon.npz,70673,e6188d3b50d5e062b074a62209a6dc2dc3c9672978a6c9042f817d8d870ef2bc
data/reference/results/robust_v28/2020-11-29/scenario_01/v28_library_cost.json,1344,191e789fec82ed9d23a88d724c6d4e449c8ef4c8c204c717fa4b15460c699d52
data/reference/results/robust_v28/2020-11-29/scenario_01/v28_library_cost.npz,70805,49d16b189dd8ff63e672db0a0fa7bed38315484b4c85b8d4c2411589bfeec859
data/reference/results/robust_v28/2020-11-29/scenario_01/v28_library_curtailment.json,1350,6c1d2e7d4f85b7f290ffaa3c98226face90f2aaeeeaac501a0918d181984469e
data/reference/results/robust_v28/2020-11-29/scenario_01/v28_library_curtailment.npz,70962,342f61f5f3b5562bf49b8d46b00e428573119d1a4871dacd8b97dcfdf6dc56a3
data/reference/results/robust_v28/2020-11-29/scenario_01/v28_library_price25.json,1347,92c7d73a9fc7a12063246e567358f78442f632faa8c564e7d8b04e9c55b88795
data/reference/results/robust_v28/2020-11-29/scenario_01/v28_library_price25.npz,70886,f4a9ce54d0f456d5055508dbce965ac0854a96c0bbe71bef6a57438b2c324f34
data/reference/results/robust_v28/2020-11-29/scenario_01/v28_pattern0_balanced.json,1330,31d0251d93961d93a1d604b28c43178eb9b0781df7d33c5735c98c0df45778b7
data/reference/results/robust_v28/2020-11-29/scenario_01/v28_pattern0_balanced.npz,70637,b09be023b0d742837948896cc7ed18db0028f8cfb7f9ddb5258728b3921e3768
data/reference/results/robust_v28/2020-11-29/scenario_01/v28_pattern0_carbon.json,1329,94ef249f76e174fd57004e447c915f7d898e50dfd6bf93cb78b38de2496ce710
data/reference/results/robust_v28/2020-11-29/scenario_01/v28_pattern0_carbon.npz,70854,054c2843d98fb6f90dedd595bf4bd81400468bad91adc1d917c7967845c3b8b1
data/reference/results/robust_v28/2020-11-29/scenario_01/v28_pattern0_cost.json,1325,8671228efb981675e0c51be3ac7f790853c49394342f4af97b0b3ea018ef08f6
data/reference/results/robust_v28/2020-11-29/scenario_01/v28_pattern0_cost.npz,70645,0ef00b98002d7f05e5114e25ed88a77dcfe47e9b25b36eb61b7f2aa6c7736fdf
data/reference/results/robust_v28/2020-11-29/scenario_01/v28_pattern0_curtailment.json,1334,6ad3f5a8469a79e2901e1fdadc42593bc5fc7afb8dadbe7bbf2d51921f02495f
data/reference/results/robust_v28/2020-11-29/scenario_01/v28_pattern0_curtailment.npz,70702,0b2eca53c92489f1560fea9372856985dc1e0235979b89bea3ba48165e347e87
data/reference/results/robust_v28/2020-11-29/scenario_01/v28_pattern0_price25.json,1329,317d74bb2f51fd5862a1a3c42b9f888a55bf2846df65c440e15d14d311e719f7
data/reference/results/robust_v28/2020-11-29/scenario_01/v28_pattern0_price25.npz,70702,51f601dc632e97b5fc0070b1156be0ff5950bca0e2ee9ba3b3f3d93d1222ef4e
data/reference/results/robust_v28/2020-11-29/scenario_01/v28_pattern1_balanced.json,1309,6457a2574f9662bd087d6ddd96c67661bdd8173d185d3f3b22c9476ac06a1c05
data/reference/results/robust_v28/2020-11-29/scenario_01/v28_pattern1_balanced.npz,70687,faa5392772074af2cace21222efc7b7a01c99ae87624e2f5fba4dea4c1a2535c
data/reference/results/robust_v28/2020-11-29/scenario_01/v28_pattern1_carbon.json,1309,d441becc5b881c050c32bf15d099270946be8ea0cf4ab3c574c47b6569755a33
data/reference/results/robust_v28/2020-11-29/scenario_01/v28_pattern1_carbon.npz,70777,5360c665276b20fa8541198e93f1b8513652714301ea3c58781622761ae4cccc
data/reference/results/robust_v28/2020-11-29/scenario_01/v28_pattern1_cost.json,1325,b55e1fd31c8e85cf1a00a14167f1dbe5bcac784c936e41baf4d5f4cfaf5ca71d
data/reference/results/robust_v28/2020-11-29/scenario_01/v28_pattern1_cost.npz,70647,2bb2847c383cd382673cc8fdc8e2b2581f0e858159bf673ebfc49829cd4ac9c3
data/reference/results/robust_v28/2020-11-29/scenario_01/v28_pattern1_curtailment.json,1330,91e218085c08a6f8dc0a9e56ab3b490a9e23b7e665fd1c4be265fb2d2cece697
data/reference/results/robust_v28/2020-11-29/scenario_01/v28_pattern1_curtailment.npz,70584,4756aa742d863d58688b01e1782d2d84fe9bcd4a62aed735f5f613aef6268af6
data/reference/results/robust_v28/2020-11-29/scenario_01/v28_pattern1_price25.json,1328,faaeb1d81688cd3c0b6fe2fb3e5177ae31e0ce2d405ab3f84d6885017b1b05ea
data/reference/results/robust_v28/2020-11-29/scenario_01/v28_pattern1_price25.npz,70677,5265de581e30ae50afa4b80bc42c046b6c80a635db5afffc7ac3d720b2f0183f
data/reference/results/robust_v28/2020-11-29/scenario_01/v28_pattern2_balanced.json,1308,b0ed7e461aae024df8cc45ca4a2df2d128f66da0378ef28777e127431b511982
data/reference/results/robust_v28/2020-11-29/scenario_01/v28_pattern2_balanced.npz,70917,af40df2851794b660ba750b4a69f3c5c22337ca40ddecc6c28013836eb04da6c
data/reference/results/robust_v28/2020-11-29/scenario_01/v28_pattern2_carbon.json,1309,ba833f04a94baa390af4b721370f330450f8bd18412a07caa52f102c217c1940
data/reference/results/robust_v28/2020-11-29/scenario_01/v28_pattern2_carbon.npz,70899,b75d16da4d19bba304be90992e14bad91ac38b785b60c7faa6d5e32cb3d52c0b
data/reference/results/robust_v28/2020-11-29/scenario_01/v28_pattern2_cost.json,1325,07b9c5f9eab67c4eb0e033205a66a24d7b7056a7fdd88a23e2231c763f30d835
data/reference/results/robust_v28/2020-11-29/scenario_01/v28_pattern2_cost.npz,70532,67bb767815cd2867361ca157f3b4b479ff15d0a6bcc7c45f9a9dfa1c15d355da
data/reference/results/robust_v28/2020-11-29/scenario_01/v28_pattern2_curtailment.json,1351,268a8187ba9849d1813737945e24a0610eb010f83e42b2c3c59c23d922bb2155
data/reference/results/robust_v28/2020-11-29/scenario_01/v28_pattern2_curtailment.npz,70741,c84f8e446a899d6f1ae3e835129e9b2124c424174edff32136d10967fc78423b
data/reference/results/robust_v28/2020-11-29/scenario_01/v28_pattern2_price25.json,1327,324553f30cd56a418bedf3d1cd0c7c974a0826cdc99d453ff19faa8c0ba77442
data/reference/results/robust_v28/2020-11-29/scenario_01/v28_pattern2_price25.npz,70578,5e113e532d8298c4c32506ff376e37731cbf70eaafc6c82855f5e0a89f850141
data/reference/results/robust_v28/2020-11-29/scenario_01/v28_pattern3_balanced.json,1310,7b1450f379cc2c07162d36e44ef3e89b01f2fa8a214151040eafbb98e2e10cb4
data/reference/results/robust_v28/2020-11-29/scenario_01/v28_pattern3_balanced.npz,70963,cdee6f535f52900a138c7f19f274cb89358da18b1fa42e796ef758b5bcdcf2ba
data/reference/results/robust_v28/2020-11-29/scenario_01/v28_pattern3_carbon.json,1311,d55281d4ffa5b15e7b559e2b30d8c1a2d3e115ff50fb609187223e7a6580f1e8
data/reference/results/robust_v28/2020-11-29/scenario_01/v28_pattern3_carbon.npz,70863,bd103bd452b8ce17e3debba1428278fd5436c030c326467ca3e49461503e7322
data/reference/results/robust_v28/2020-11-29/scenario_01/v28_pattern3_cost.json,1305,7f0f626670a3be99c5e6701b9858ccf46fa1d232d915ce95c6b7ba4418549376
data/reference/results/robust_v28/2020-11-29/scenario_01/v28_pattern3_cost.npz,70667,9197eede0a40470c85b74ceee408f6a4dd08f2ed12f60d033fe94159b191ca8c
data/reference/results/robust_v28/2020-11-29/scenario_01/v28_pattern3_curtailment.json,1352,1b024235fb80867500ffe07bb0cb68352d2cd20b8cabfb947a6045ad7de831f8
data/reference/results/robust_v28/2020-11-29/scenario_01/v28_pattern3_curtailment.npz,70617,311ac69c9d0936778fa90df765a2d4c1a6b67397d36430148f2bc266893bc8a3
data/reference/results/robust_v28/2020-11-29/scenario_01/v28_pattern3_price25.json,1311,a8427a8384a68f76c82c8c9842edd7240fdfca8dc8735c618b02babd60013863
data/reference/results/robust_v28/2020-11-29/scenario_01/v28_pattern3_price25.npz,70718,ab6eaf349c5a7bc272ceda2f867bbce1bf029f5f8126ee4261779aa529d696e4
data/reference/results/robust_v28/2020-11-29/scenario_02/M4_proposed.json,2437,0102285d59de7017f3a735ed2c8d6b48d3880169a1b0fcdf50b9210e04553223
data/reference/results/robust_v28/2020-11-29/scenario_02/M4_proposed.npz,70979,6b74d5f375fd3860a2b102b9c8b78deb1a90e9577075799e8eaf91e994fcbf55
data/reference/results/robust_v28/2020-11-29/scenario_02/M4_proposed_execution.json,1906,ab4b7409894fd70c50f64c31fd197eddbd4612d89e9d36b951aec9750f042c4e
data/reference/results/robust_v28/2020-11-29/scenario_02/M4_proposed_execution.npz,1405205,ea73ca6cdf07b051347d3b115b115d29d691a82a93504c147e3ee73a5d6e3607
data/reference/results/robust_v28/2020-11-29/scenario_02/balanced_full_library.json,1363,c4e59ed736de342321465c4a069da67336354b5ed781c3f0a47eedd4e64a8e70
data/reference/results/robust_v28/2020-11-29/scenario_02/balanced_full_library.npz,70910,f9570e8857777376bf99bf25523d9d32a7afc37b63f690a03d52f8aed4360cab
data/reference/results/robust_v28/2020-11-29/scenario_02/cells.json,1046634,79d809fcc573aa5bf638bb437725f3770e818310de2359c6b7f0b36921461255
data/reference/results/robust_v28/2020-11-29/scenario_02/constant_carbon.json,1311,8556eb1697f27dab87ea2101d85ebf1e79ff31ae8dcbae240740624d16ce12df
data/reference/results/robust_v28/2020-11-29/scenario_02/constant_carbon.npz,67046,b13abb9d00bda48092292cf36bf6c96b08e75821dea2d3ac9c7e51d7332a8c46
data/reference/results/robust_v28/2020-11-29/scenario_02/constant_cost.json,1327,85d7f6c9d02f0071e5f6c0241b4e85d2fb618a72cc696ea1c097f84af51637de
data/reference/results/robust_v28/2020-11-29/scenario_02/constant_cost.npz,66889,157e03d2bb3e67375bb5c0663b15450af005a8cdf88237e28b1d6a110f68e99f
data/reference/results/robust_v28/2020-11-29/scenario_02/constant_curtailment.json,1351,847f79fda9fb64a42d0c098fbc64af4aaf143da7d3366ffd90ff4ab6c6267017
data/reference/results/robust_v28/2020-11-29/scenario_02/constant_curtailment.npz,66833,0f47df9e4003b82cc08719fd87297ce4d19049c58e571cbde91178c80144eeeb
data/reference/results/robust_v28/2020-11-29/scenario_02/constant_price25.json,1331,caa2d8f3a5a4cb3244b692903065e906623b15acd1df04bda457cbd82d45246b
data/reference/results/robust_v28/2020-11-29/scenario_02/constant_price25.npz,67085,deb1824f094c726f9b3b230e18a79f0d0673bfe57d08db3ba616097f5b26723a
data/reference/results/robust_v28/2020-11-29/scenario_02/recovery_v20_carbon.json,1311,9bd53ecd937c834f1c20653d62fd3c75fb5fc66b26d6e3545680b1e4e73c36e7
data/reference/results/robust_v28/2020-11-29/scenario_02/recovery_v20_carbon.npz,70600,4969bb5e77ecada110f1e9d6699816af6b318ce03839662bba2e1e33f4aacc63
data/reference/results/robust_v28/2020-11-29/scenario_02/recovery_v20_cost.json,1308,2223a43cec6a7ff507f351c152365a73dd1230eb22083fe48028f275331755e0
data/reference/results/robust_v28/2020-11-29/scenario_02/recovery_v20_cost.npz,70760,e3f7ba24c93ebff971b393c349a19fbcf7fd1368782bae97988d3c3a9757ffa5
data/reference/results/robust_v28/2020-11-29/scenario_02/recovery_v20_curtailment.json,1349,6f5725110bac99ebbbd47f6fba85a1499bf88dd937f6886abfcf1d4172ccb451
data/reference/results/robust_v28/2020-11-29/scenario_02/recovery_v20_curtailment.npz,70647,70e2f67ef2d7eb0fbfe8251d12c03f445a813956c07ee2c7b26456700d139eb7
data/reference/results/robust_v28/2020-11-29/scenario_02/recovery_v20_price25.json,1312,03635abfb462aa91bb6349b86548193c0be4a0f9c7edc52cba2311b3e62358b8
data/reference/results/robust_v28/2020-11-29/scenario_02/recovery_v20_price25.npz,70759,bb0edd389d1e8fce1d3b853c228b727336b9865049cfc07b56c197d43fff4247
data/reference/results/robust_v28/2020-11-29/scenario_02/scenario_adaptive_carbon.json,1308,086fef836affab6ab5cb84fd92363da663ca02f47d264047764c3ef92876d8ec
data/reference/results/robust_v28/2020-11-29/scenario_02/scenario_adaptive_carbon.npz,70752,f30d963a5231c98e6b7ef47a43fdccc5888e41210f7afb693fd37b526308fd67
data/reference/results/robust_v28/2020-11-29/scenario_02/scenario_adaptive_cost.json,1310,297895b8d2e5b87b30e91fd4e21bb729f97e1bee10f74f8b4633507f5e76d015
data/reference/results/robust_v28/2020-11-29/scenario_02/scenario_adaptive_cost.npz,70671,09fe328e275cca3e45af5272c1da403484f093caf1e9f4d8da28f6ce6301a187
data/reference/results/robust_v28/2020-11-29/scenario_02/scenario_adaptive_curtailment.json,1314,0b2cdc951bbe6f36e0c0cac62b6c7a0540e1c66eb8ee01d5d287bcda39b37649
data/reference/results/robust_v28/2020-11-29/scenario_02/scenario_adaptive_curtailment.npz,70573,f6c9ef4a22f4959ff64c43bed304648ef0fbd6481f1174dbeacfa9212b5dadfb
data/reference/results/robust_v28/2020-11-29/scenario_02/scenario_adaptive_price25.json,1312,1868069929249e3c090d7268a499e6d3e05ea9ccb606c45c73eb4ff0920b5eec
data/reference/results/robust_v28/2020-11-29/scenario_02/scenario_adaptive_price25.npz,70674,d20e96d0fb3e06ce268c6c61335518dca32919a2e40caebd1868118059d4afc8
data/reference/results/robust_v28/2020-11-29/scenario_02/v27_library_carbon.json,1345,648a3d6d1b11a9f55f85bd1b246520b3050a252da3d0e46a961850b3fff8aa7e
data/reference/results/robust_v28/2020-11-29/scenario_02/v27_library_carbon.npz,70910,283651d11bbb43355cfc39c5de68d53704475ee5c524b090ce9f8bd554daa03d
data/reference/results/robust_v28/2020-11-29/scenario_02/v27_library_cost.json,1345,d65cc2af60a47cf725969cb7ed827ec20e63ef62065980bc35595195dd5bde70
data/reference/results/robust_v28/2020-11-29/scenario_02/v27_library_cost.npz,71090,837a85c47b3aeca8a700e2285ef5acc6f2bfb699028065d6179c5a8f62bea4c7
data/reference/results/robust_v28/2020-11-29/scenario_02/v27_library_curtailment.json,1354,f60ca69361875f2b103bad0068791eeee44cec9af849cde9534925f3929f7335
data/reference/results/robust_v28/2020-11-29/scenario_02/v27_library_curtailment.npz,70902,fca7955b3a294bbd562f457eab6d20eae29205e30a2e6c611399cc5a91ef119e
data/reference/results/robust_v28/2020-11-29/scenario_02/v27_library_price25.json,1346,9ddd96d832a81de575432c9c282711a49b9aca9bb1a2c1dbb897991ef1d42560
data/reference/results/robust_v28/2020-11-29/scenario_02/v27_library_price25.npz,70760,6cf5b015a770b547f71f59d5f75395bca0523850177100bc639ba1bd387cbead
data/reference/results/robust_v28/2020-11-29/scenario_02/v27_pattern0_carbon.json,1308,adff796b49f7cb13106713a8f70afce11c754d7770fd10ed507f06f3b1bfb5b5
data/reference/results/robust_v28/2020-11-29/scenario_02/v27_pattern0_carbon.npz,70608,cb3b40f74531a4f8cca65d833ad79881250656bf106c78a9ee6a7ed1f1aecf20
data/reference/results/robust_v28/2020-11-29/scenario_02/v27_pattern0_cost.json,1309,58dbabd06ee19aa185efe0df625cfcebe44c2875fa8754ce4759943ddfc554d0
data/reference/results/robust_v28/2020-11-29/scenario_02/v27_pattern0_cost.npz,70753,a1824eb9612438a1cd87d9622961c2057163754da0f3998ac6aa003d2664b84b
data/reference/results/robust_v28/2020-11-29/scenario_02/v27_pattern0_curtailment.json,1314,9a31b7154316e51fdcd6ae776268c4b4724df36d204d93deb057146135a2ce29
data/reference/results/robust_v28/2020-11-29/scenario_02/v27_pattern0_curtailment.npz,70721,2571bd0109b6443e627f4d57b5ce9c11797ddfb792ac1419e0b32313be28786a
data/reference/results/robust_v28/2020-11-29/scenario_02/v27_pattern0_price25.json,1311,5c602a69d5aed4623a9a29ea22b9e52ffcc977bc6f592387e81f25e27ec00d0d
data/reference/results/robust_v28/2020-11-29/scenario_02/v27_pattern0_price25.npz,70710,508ee7899b5434de6412ba54f1feb4d059dd42eed80c923f2cab7aae4b6cf0ee
data/reference/results/robust_v28/2020-11-29/scenario_02/v27_pattern1_carbon.json,1312,5924a35d3e4c841f1eb722b11b185cea0c36133aef6e203efc0b6f5e2b00e982
data/reference/results/robust_v28/2020-11-29/scenario_02/v27_pattern1_carbon.npz,70588,991a08599481f8382fa5dd1d8706cfb624b866c7f5860990a7589afe826c281a
data/reference/results/robust_v28/2020-11-29/scenario_02/v27_pattern1_cost.json,1306,a713e5e32a2da1fe9535d8b67b0e9009d7ad01b1cf3f01891bc69ad94f947e71
data/reference/results/robust_v28/2020-11-29/scenario_02/v27_pattern1_cost.npz,70700,4d6986132a1171c82d9d2af6ba3f97b18154fcca26eb1dd30491a16ac77f12be
data/reference/results/robust_v28/2020-11-29/scenario_02/v27_pattern1_curtailment.json,1333,4c4d199b6c39247472861eb0748adfb59cfea7235bf43611bc114ae05cc9edb2
data/reference/results/robust_v28/2020-11-29/scenario_02/v27_pattern1_curtailment.npz,70545,2eb057e725d6ca9b7df97a5c91bbc21cd53479f158ff7c67e9b920165a04c30c
data/reference/results/robust_v28/2020-11-29/scenario_02/v27_pattern1_price25.json,1311,6f9712c78fe246ab2f840d3dfa7b64e0300e729216bc873a2ee467a64045db98
data/reference/results/robust_v28/2020-11-29/scenario_02/v27_pattern1_price25.npz,70692,52edc3031394eedb327564b03638fa0ea6dbaa9d50fd2f1945a2c66d23e3a695
data/reference/results/robust_v28/2020-11-29/scenario_02/v27_pattern2_carbon.json,1308,206117f5e65df7bdb26a5c135787b3d4709d0b4f6301512ce7e6fea9e33e477b
data/reference/results/robust_v28/2020-11-29/scenario_02/v27_pattern2_carbon.npz,70843,4e9a41304b1aef8cf18d9d4caad67aea6e2cb21190abe5442d9495f3290e618d
data/reference/results/robust_v28/2020-11-29/scenario_02/v27_pattern2_cost.json,1307,b7e9798929f117966f5972bd3023a1d96cb167de6e01e632912f58be2f43bb65
data/reference/results/robust_v28/2020-11-29/scenario_02/v27_pattern2_cost.npz,70798,62004b83f0d3f758af4b591495f9dd97aee86c4eabb8719114e2a0d813d9be48
data/reference/results/robust_v28/2020-11-29/scenario_02/v27_pattern2_curtailment.json,1332,514e29c26ed9c5db5f420c3718fcf7dcd02f9cef8058add75989a4e629d4ee9d
data/reference/results/robust_v28/2020-11-29/scenario_02/v27_pattern2_curtailment.npz,70509,1d61a9d725fa05e14ad85e6712fbd6267507fd495eedffb72d4a46845889b161
data/reference/results/robust_v28/2020-11-29/scenario_02/v27_pattern2_price25.json,1312,f13b610a7a27c8685de170e22bbbbf626b1f7b343211f9296368f3c14a8c2c8c
data/reference/results/robust_v28/2020-11-29/scenario_02/v27_pattern2_price25.npz,70779,0f500961c1ba17d3992997f06c94b8fdf35add856a10c2b00c45750680d29d14
data/reference/results/robust_v28/2020-11-29/scenario_02/v28_library_balanced.json,1366,4216e439394f9a3a8e6fbaa3ed0bda39776e9b33f238da6e624494181841e1e6
data/reference/results/robust_v28/2020-11-29/scenario_02/v28_library_balanced.npz,70790,cdbc90d2b297817b07d7933d4d9b3c19084b94f2a8a3fbebacf9ff226a01e661
data/reference/results/robust_v28/2020-11-29/scenario_02/v28_library_carbon.json,1344,f861cfaabad4135021398412c28ac6a5cb5b92fc1e680833fc3d617ef62927ae
data/reference/results/robust_v28/2020-11-29/scenario_02/v28_library_carbon.npz,70657,6bbc844d542ce5b9ee7c91ebd72dfcfe7852726964b26d98400325df878951f7
data/reference/results/robust_v28/2020-11-29/scenario_02/v28_library_cost.json,1346,e24a927146bf40c97a6734d3676e19d7e3113a13bf2bd1078e57eabae49c5814
data/reference/results/robust_v28/2020-11-29/scenario_02/v28_library_cost.npz,70852,6165811da768cd186a488351ea1cb9cd314c3e9ca6c43b2696af3523abe0ce92
data/reference/results/robust_v28/2020-11-29/scenario_02/v28_library_curtailment.json,1355,81ca46f4a5c91d5a3fb8db20e7696d1ad31f7dd85057c19ee61cbfbf2e8b9b43
data/reference/results/robust_v28/2020-11-29/scenario_02/v28_library_curtailment.npz,70727,ab514901016957ed6b03a49bd8a81505171eea89ae03e314467eb856b799123d
data/reference/results/robust_v28/2020-11-29/scenario_02/v28_library_price25.json,1347,78122046cfc436b8880b0cc78874fd12d88bc725e9c3cbc55307ba62b2bd3bb7
data/reference/results/robust_v28/2020-11-29/scenario_02/v28_library_price25.npz,70788,2662b80313283f8540f5b4246343ab464a77a11e0fdb433df4b49ceb5afb6c60
data/reference/results/robust_v28/2020-11-29/scenario_02/v28_pattern0_balanced.json,1311,5ad9c06d065d28031b2ac5796cb82e14a729bd23b4910799856ec93a5f3fb4e7
data/reference/results/robust_v28/2020-11-29/scenario_02/v28_pattern0_balanced.npz,70721,09f4bd06e6606ebc6a8c304b2706862736a5d7481647cf8a2dfd0bd0bcfdb113
data/reference/results/robust_v28/2020-11-29/scenario_02/v28_pattern0_carbon.json,1308,03ff656d902108e8f74a4642e16058e0fd6c5b39a46c23d8772520396a0c5275
data/reference/results/robust_v28/2020-11-29/scenario_02/v28_pattern0_carbon.npz,70752,f30d963a5231c98e6b7ef47a43fdccc5888e41210f7afb693fd37b526308fd67
data/reference/results/robust_v28/2020-11-29/scenario_02/v28_pattern0_cost.json,1310,c423a145f8b5ccf3a39ed117dfc1bb1b9b8c938e806cf69211d26dc051663ce4
data/reference/results/robust_v28/2020-11-29/scenario_02/v28_pattern0_cost.npz,70671,09fe328e275cca3e45af5272c1da403484f093caf1e9f4d8da28f6ce6301a187
data/reference/results/robust_v28/2020-11-29/scenario_02/v28_pattern0_curtailment.json,1313,661663541eb0bc9296662240c620c420f2e6512ebab7f74cdef6ed22fee77c8d
data/reference/results/robust_v28/2020-11-29/scenario_02/v28_pattern0_curtailment.npz,70573,f6c9ef4a22f4959ff64c43bed304648ef0fbd6481f1174dbeacfa9212b5dadfb
data/reference/results/robust_v28/2020-11-29/scenario_02/v28_pattern0_price25.json,1312,3e07019bb2617c4579aeab08422794d35c6398d77a6a6d13b40cf2a69101c091
data/reference/results/robust_v28/2020-11-29/scenario_02/v28_pattern0_price25.npz,70674,d20e96d0fb3e06ce268c6c61335518dca32919a2e40caebd1868118059d4afc8
data/reference/results/robust_v28/2020-11-29/scenario_02/v28_pattern1_balanced.json,1312,cef0e234af1ed6f71207cd3ff2f33d33353390b04010d2b1dc17ee95d2412270
data/reference/results/robust_v28/2020-11-29/scenario_02/v28_pattern1_balanced.npz,70772,f90460fcda20d5a6dd833f0e46656fd9bd015f3d1d600fb9b8047ee7ee52a2ce
data/reference/results/robust_v28/2020-11-29/scenario_02/v28_pattern1_carbon.json,1307,0d7f6eaa5ee0d50a5aca13f0c7a554e46fdf7e79ab8396362a9e34f0b6836675
data/reference/results/robust_v28/2020-11-29/scenario_02/v28_pattern1_carbon.npz,70608,cb3b40f74531a4f8cca65d833ad79881250656bf106c78a9ee6a7ed1f1aecf20
data/reference/results/robust_v28/2020-11-29/scenario_02/v28_pattern1_cost.json,1310,89e6b5a2f1ddcca862426a82361f7eec17a79f3f588064e4f86afdbdf0dd8946
data/reference/results/robust_v28/2020-11-29/scenario_02/v28_pattern1_cost.npz,70753,a1824eb9612438a1cd87d9622961c2057163754da0f3998ac6aa003d2664b84b
data/reference/results/robust_v28/2020-11-29/scenario_02/v28_pattern1_curtailment.json,1314,acf96cdfe5af9fd1a1cadbe908e63e9b786fbe59ec02d23f7d17708468096f02
data/reference/results/robust_v28/2020-11-29/scenario_02/v28_pattern1_curtailment.npz,70721,2571bd0109b6443e627f4d57b5ce9c11797ddfb792ac1419e0b32313be28786a
data/reference/results/robust_v28/2020-11-29/scenario_02/v28_pattern1_price25.json,1311,4c28835c35c089add1bda9de5d7ffd9df4a6c83f4a983993f44d91e178fab4c9
data/reference/results/robust_v28/2020-11-29/scenario_02/v28_pattern1_price25.npz,70710,508ee7899b5434de6412ba54f1feb4d059dd42eed80c923f2cab7aae4b6cf0ee
data/reference/results/robust_v28/2020-11-29/scenario_02/v28_pattern2_balanced.json,1309,fa70df2ad1ae8499f5f0b44f08a0b1604684158783347287218bda9f4f8a7d35
data/reference/results/robust_v28/2020-11-29/scenario_02/v28_pattern2_balanced.npz,70745,49c8d0abe6b4cad86aca5d7a424ce4faf3b47afb8dcc1f9439bec331e73b97d2
data/reference/results/robust_v28/2020-11-29/scenario_02/v28_pattern2_carbon.json,1311,2c90b5879cb9b95238384854903d28b884c051d8b846bbf565ba323de3f29380
data/reference/results/robust_v28/2020-11-29/scenario_02/v28_pattern2_carbon.npz,70588,991a08599481f8382fa5dd1d8706cfb624b866c7f5860990a7589afe826c281a
data/reference/results/robust_v28/2020-11-29/scenario_02/v28_pattern2_cost.json,1307,1e056f91810be3b66820868dc2242069c15cc57d2426f735584fb6697ece3b58
data/reference/results/robust_v28/2020-11-29/scenario_02/v28_pattern2_cost.npz,70700,4d6986132a1171c82d9d2af6ba3f97b18154fcca26eb1dd30491a16ac77f12be
data/reference/results/robust_v28/2020-11-29/scenario_02/v28_pattern2_curtailment.json,1330,8437f08d6081703d0edb9a5a410228beb222bec05a9e178b71bb5d3011eaea9c
data/reference/results/robust_v28/2020-11-29/scenario_02/v28_pattern2_curtailment.npz,70545,2eb057e725d6ca9b7df97a5c91bbc21cd53479f158ff7c67e9b920165a04c30c
data/reference/results/robust_v28/2020-11-29/scenario_02/v28_pattern2_price25.json,1312,bd5d504bd31e767bdf427de8e4cc12273a5e5db068ec7c5013f52ce043e982d9
data/reference/results/robust_v28/2020-11-29/scenario_02/v28_pattern2_price25.npz,70692,52edc3031394eedb327564b03638fa0ea6dbaa9d50fd2f1945a2c66d23e3a695
data/reference/results/robust_v28/2020-11-29/scenario_02/v28_pattern3_balanced.json,1311,20d69dca2d1b0b0e6e1d135bc3e2de4b8c6dbe8fa1a96af795171ef64afd713b
data/reference/results/robust_v28/2020-11-29/scenario_02/v28_pattern3_balanced.npz,70837,72810cc3b6480ca9d6ab8a97b1e6be468e30495b46c6c378db7cd5453fd30f65
data/reference/results/robust_v28/2020-11-29/scenario_02/v28_pattern3_carbon.json,1309,afa940f175840922ab75fe2324ae71a5f3f07e9bed8f7c53f5b2e51316ff3aa4
data/reference/results/robust_v28/2020-11-29/scenario_02/v28_pattern3_carbon.npz,70843,4e9a41304b1aef8cf18d9d4caad67aea6e2cb21190abe5442d9495f3290e618d
data/reference/results/robust_v28/2020-11-29/scenario_02/v28_pattern3_cost.json,1308,dd0d9ae8cabd3c590f662c546849068d2b1e25d634ae477292345738220c282d
data/reference/results/robust_v28/2020-11-29/scenario_02/v28_pattern3_cost.npz,70798,62004b83f0d3f758af4b591495f9dd97aee86c4eabb8719114e2a0d813d9be48
data/reference/results/robust_v28/2020-11-29/scenario_02/v28_pattern3_curtailment.json,1332,ee124126840de7058cd1640edaee5702c525def1284fe20f6f7744b9eb9f2141
data/reference/results/robust_v28/2020-11-29/scenario_02/v28_pattern3_curtailment.npz,70509,1d61a9d725fa05e14ad85e6712fbd6267507fd495eedffb72d4a46845889b161
data/reference/results/robust_v28/2020-11-29/scenario_02/v28_pattern3_price25.json,1312,e18f6222f49970ba2d6e831fb99261c6abbf79220e4e33b0e84d77cc60a7a868
data/reference/results/robust_v28/2020-11-29/scenario_02/v28_pattern3_price25.npz,70779,0f500961c1ba17d3992997f06c94b8fdf35add856a10c2b00c45750680d29d14
data/reference/results/robust_v28/2020-11-29/scenario_03/M4_proposed.json,2559,6818cdf1c0c4b12fc831a82a8824b942f109f24bb9ed656a1221154126972252
data/reference/results/robust_v28/2020-11-29/scenario_03/M4_proposed.npz,70946,1002ec355d04b4acfe762666dd6b5a8a5c489be1a0d023418b92875ea4bb946a
data/reference/results/robust_v28/2020-11-29/scenario_03/M4_proposed_execution.json,1907,7956260f266488e57d830931a5cd06d0405e87c27e1f8eeddcb0770ff0e8432b
data/reference/results/robust_v28/2020-11-29/scenario_03/M4_proposed_execution.npz,1404997,ef950182286063cea0064320de6eb987d1f799cc44571c1566449715141e8460
data/reference/results/robust_v28/2020-11-29/scenario_03/balanced_full_library.json,1345,6b622499846a3363d6cc8950b205021f7fced84fa532a7bf2b41ea596a10a55c
data/reference/results/robust_v28/2020-11-29/scenario_03/balanced_full_library.npz,70791,2a4630aa5e25b333fa87d358e482dd5a4d223f918ab05bafb2c6c8a90f0a21e2
data/reference/results/robust_v28/2020-11-29/scenario_03/cells.json,1433112,f55439135bdd365a51858f0990f0c9679d218d41743861ebea2f3d5fe77ea683
data/reference/results/robust_v28/2020-11-29/scenario_03/constant_carbon.json,1312,c1c5cfe315c83e400bd850e130bcce0333a5b91daf3a53153eb4a4cb03406375
data/reference/results/robust_v28/2020-11-29/scenario_03/constant_carbon.npz,67078,a06b3cd8189318bafba4193b9ae328585f947dc3905dc34e17689f767e15456d
data/reference/results/robust_v28/2020-11-29/scenario_03/constant_cost.json,1308,0dd2741b2f10e27335b1dd51f47caf75a52d8e5b2d1fd4e39cf7463eda1f47e3
data/reference/results/robust_v28/2020-11-29/scenario_03/constant_cost.npz,67139,478c7b48f1ab6262e44254b1d79e3b00a40750b70d3967fc46511aa565d58bef
data/reference/results/robust_v28/2020-11-29/scenario_03/constant_curtailment.json,1352,9e0f6daa7c0c69641c7520df8ce9ecae1df00fcdb1c3ef606a1b984d32482000
data/reference/results/robust_v28/2020-11-29/scenario_03/constant_curtailment.npz,67245,913996d9506684c31ee204691bf9c23243596fce6f32780ce1f416f6008945e7
data/reference/results/robust_v28/2020-11-29/scenario_03/constant_price25.json,1312,c459d1862cdbb5a87088bfaf303e2e4aa4132dcb62c62ef211c4b08bf22ee5ce
data/reference/results/robust_v28/2020-11-29/scenario_03/constant_price25.npz,67024,31d4f9774ba66ce7500705238bbde14181d9cc091f4c52c1d334347609dfa4ff
data/reference/results/robust_v28/2020-11-29/scenario_03/recovery_v20_carbon.json,1310,ab8c2678d890e254db497faf67521594c96e82216c2879a4a7228a7c232467b4
data/reference/results/robust_v28/2020-11-29/scenario_03/recovery_v20_carbon.npz,70663,72a5485a4465e5902e8bdb08686144f0b18edb0345d9b76b8da1792eedc92521
data/reference/results/robust_v28/2020-11-29/scenario_03/recovery_v20_cost.json,1309,f7c5637f9eb5aa627f7b281a3ec805bce247a7e7a3ac17e6a8fd984ab9fed669
data/reference/results/robust_v28/2020-11-29/scenario_03/recovery_v20_cost.npz,70769,2a10489b7f6bcc09c2660e44ec84c117a734ff3427dfd7b6660adb8772370f1c
data/reference/results/robust_v28/2020-11-29/scenario_03/recovery_v20_curtailment.json,1336,a434baa4180d54605b551624e5df320983e95beeb0bea6d33b00dca0df69a24f
data/reference/results/robust_v28/2020-11-29/scenario_03/recovery_v20_curtailment.npz,70937,e5d66e1d1dbee7d00541c2631235effdaa53fd8fb37e52d81eadf19c7090243b
data/reference/results/robust_v28/2020-11-29/scenario_03/recovery_v20_price25.json,1311,b31c6a7ee021f5e18659e119eab68de3aad7523e4ee2f6f2b5798505f502ed48
data/reference/results/robust_v28/2020-11-29/scenario_03/recovery_v20_price25.npz,70660,4970670d0bd26a8bc58b623de5cc317b3cdf83a2763060f1fbd53bb7da722c81
data/reference/results/robust_v28/2020-11-29/scenario_03/scenario_adaptive_carbon.json,1309,7ad2011d0df17ab6142f88f5eed3f61627079a9a99c2c381ceea5a082a39d45f
data/reference/results/robust_v28/2020-11-29/scenario_03/scenario_adaptive_carbon.npz,70687,27b36bd89a944505d8f48202ecf27ed87d1bee8ff9d0c276bcc3e4182c7520e4
data/reference/results/robust_v28/2020-11-29/scenario_03/scenario_adaptive_cost.json,1305,c7ee857a93ac401208a739742d5821d3e2b19f8d930cee3cdbda8a985c6d66e0
data/reference/results/robust_v28/2020-11-29/scenario_03/scenario_adaptive_cost.npz,70845,6884d73a6b27e30d5c5f07213efd66e3cc52a1e687e4bf5a4e94d0c1704e6eb3
data/reference/results/robust_v28/2020-11-29/scenario_03/scenario_adaptive_curtailment.json,1332,49cd4c44a580b4d724fb61d3a58b282a05583625b15450b4ae3f81f5d4f7ea4b
data/reference/results/robust_v28/2020-11-29/scenario_03/scenario_adaptive_curtailment.npz,70994,be863e9603ac1765cab8675ae599b3d135f9c4a9ae3fbe5f7addba1b38ed1238
data/reference/results/robust_v28/2020-11-29/scenario_03/scenario_adaptive_price25.json,1310,82b1eab63241130ffbb3cb03382e5f77ab8d7e439ecbc4137f5c5e5b179849fe
data/reference/results/robust_v28/2020-11-29/scenario_03/scenario_adaptive_price25.npz,70712,0a892fae777ad3da14e250ba14d1333d0020a9a21d76622bd40d09f467bdce04
data/reference/results/robust_v28/2020-11-29/scenario_03/v27_library_carbon.json,1344,03a19998b4a5b27e00cd2db6ad0fa36eab24cadc8c5381fea6ff815aa39ae87f
data/reference/results/robust_v28/2020-11-29/scenario_03/v27_library_carbon.npz,70512,1c46b71e5078b57fa9367fe9c0cf071af23a12d33dbdfc34bb690a431126fcc4
data/reference/results/robust_v28/2020-11-29/scenario_03/v27_library_cost.json,1359,09e87d360ca7282637d977d28562004b701708275d269fa330f1bc0229702134
data/reference/results/robust_v28/2020-11-29/scenario_03/v27_library_cost.npz,71102,612a7108a9c8acc28d6d7b3acd880633fd65a8ca6c4322201a7cf79d23656c3a
data/reference/results/robust_v28/2020-11-29/scenario_03/v27_library_curtailment.json,1352,cd478cf715a8a595ffa90010d5a1397e0897b3b7726f5a025be2922b06537b14
data/reference/results/robust_v28/2020-11-29/scenario_03/v27_library_curtailment.npz,70650,749fe3ec70fbd89569a9d5fd6f116acc4eefd8063dd86aa15ecd00ee7e24fb67
data/reference/results/robust_v28/2020-11-29/scenario_03/v27_library_price25.json,1365,66956471fa330f892e2ee5a6e796df7b75d2a914cec44a5cbf7f6288c08dc5dd
data/reference/results/robust_v28/2020-11-29/scenario_03/v27_library_price25.npz,71134,ac65e7971464c45851740047f616366c3a3ae2c72033d3c78eb74c317fcb9e33
data/reference/results/robust_v28/2020-11-29/scenario_03/v27_pattern0_carbon.json,1305,d5e95fbc2993720ea99055c68e54c48b21dac87799327c146e16a9855bbb2756
data/reference/results/robust_v28/2020-11-29/scenario_03/v27_pattern0_carbon.npz,70802,bb0811bb0659366d1ce26526aa9c9bfe117cc5b04e068b2ab43ece4a7c5a9c67
data/reference/results/robust_v28/2020-11-29/scenario_03/v27_pattern0_cost.json,1301,d0eee9c6215082b9647dcaa7999d4302dbdf6f0629e5117c136069b067fb75bf
data/reference/results/robust_v28/2020-11-29/scenario_03/v27_pattern0_cost.npz,70857,9c5457d8871fbdd4dd0355ca4832b5a462ab88f041adbdfe1203237995211e95
data/reference/results/robust_v28/2020-11-29/scenario_03/v27_pattern0_curtailment.json,1315,2b5ce618994629d00c21cefa23cae66b1434d9f037f098e6a0bc78c965d82ee5
data/reference/results/robust_v28/2020-11-29/scenario_03/v27_pattern0_curtailment.npz,71027,e7228a137cae56092d1544bc57973d0ca3629c64d7d2098ea6ce7492b013ecae
data/reference/results/robust_v28/2020-11-29/scenario_03/v27_pattern0_price25.json,1310,b12102573245fb8b59f153626a64494b28790c22e6f70fd41d390df0771f9e54
data/reference/results/robust_v28/2020-11-29/scenario_03/v27_pattern0_price25.npz,70742,369ac3fe62ff585e0831c7753dfffe76d827f88d034c202023fa53f319d9af20
data/reference/results/robust_v28/2020-11-29/scenario_03/v27_pattern1_carbon.json,1308,140d8f0d7daca49a6e5b4193655898adc2c5b8326865beb8e9c1b4cbd4650a90
data/reference/results/robust_v28/2020-11-29/scenario_03/v27_pattern1_carbon.npz,70687,27b36bd89a944505d8f48202ecf27ed87d1bee8ff9d0c276bcc3e4182c7520e4
data/reference/results/robust_v28/2020-11-29/scenario_03/v27_pattern1_cost.json,1305,d7bdc7de83c10171886e5cfeb4d9f54be62af38c1886dd0d089a34a9fa07609b
data/reference/results/robust_v28/2020-11-29/scenario_03/v27_pattern1_cost.npz,70845,6884d73a6b27e30d5c5f07213efd66e3cc52a1e687e4bf5a4e94d0c1704e6eb3
data/reference/results/robust_v28/2020-11-29/scenario_03/v27_pattern1_curtailment.json,1331,842e99d25b0742f5dd76cd180677689f42f0a4e1b445b5dcbaf13c6c9ef9bedb
data/reference/results/robust_v28/2020-11-29/scenario_03/v27_pattern1_curtailment.npz,70994,be863e9603ac1765cab8675ae599b3d135f9c4a9ae3fbe5f7addba1b38ed1238
data/reference/results/robust_v28/2020-11-29/scenario_03/v27_pattern1_price25.json,1309,3c07e87f9ed3f8089159ba473595621dfb9d20d3f5192a1f7405f6b7c0723fe3
data/reference/results/robust_v28/2020-11-29/scenario_03/v27_pattern1_price25.npz,70712,0a892fae777ad3da14e250ba14d1333d0020a9a21d76622bd40d09f467bdce04
data/reference/results/robust_v28/2020-11-29/scenario_03/v27_pattern2_carbon.json,1307,65dd7e45563bbcaf83e31f217c0ebd3f876a37ee7bb05356467b84e9854957e1
data/reference/results/robust_v28/2020-11-29/scenario_03/v27_pattern2_carbon.npz,70606,611c2dd5f3e92935793b2c7828f7911b57937cfe2776f19d376ba0b8e8b29a06
data/reference/results/robust_v28/2020-11-29/scenario_03/v27_pattern2_cost.json,1306,d9ef1bb5746b6f70f85ce81cda8573aeed823ffe5ca853fc10c3b3e36aa91e14
data/reference/results/robust_v28/2020-11-29/scenario_03/v27_pattern2_cost.npz,70842,bd37ee8b0745cc2fe0f31550ea528f5ff7a986538f1a156bbf40687e98daed22
data/reference/results/robust_v28/2020-11-29/scenario_03/v27_pattern2_curtailment.json,1315,ec21e7d86292d440a930936d84370f48b6a1ae0b150c261406b479ce466c720b
data/reference/results/robust_v28/2020-11-29/scenario_03/v27_pattern2_curtailment.npz,70893,9431847afd5ebb6af380b0af92e3fd548beded11c4609fb99ff71de315607d51
data/reference/results/robust_v28/2020-11-29/scenario_03/v27_pattern2_price25.json,1309,24fc40a33d52744fcf9e66e17481206616b9764db06e4d9f81bc55e3639ae435
data/reference/results/robust_v28/2020-11-29/scenario_03/v27_pattern2_price25.npz,70790,483f7f2bcd27c850314cb0211f3b3387e03e5a49a514fe9ed4356c549a42ee69
data/reference/results/robust_v28/2020-11-29/scenario_03/v28_library_balanced.json,1346,4b69d88c1957dff8523d1cc2fd0961e3d1c926880e46675454fba66b78e294be
data/reference/results/robust_v28/2020-11-29/scenario_03/v28_library_balanced.npz,70932,f58cb2e22fb441a708e3fb32505cb10384c15aba75bc81ba4b96fcb188bada80
data/reference/results/robust_v28/2020-11-29/scenario_03/v28_library_carbon.json,1345,f16c140bb17f939b7c696bdc8f63b9fafb072f903189c6840f6661e7659d9c7e
data/reference/results/robust_v28/2020-11-29/scenario_03/v28_library_carbon.npz,70771,f175b946449f0be4179a78b601e6aeba42ddfadd769aef3d20402c7b073a163d
data/reference/results/robust_v28/2020-11-29/scenario_03/v28_library_cost.json,1342,a623c271dd4f8e850ac01e601c01ec62d0e753842f48b9b82edd6b5966db6c47
data/reference/results/robust_v28/2020-11-29/scenario_03/v28_library_cost.npz,71046,e11d3ad611d1a17396196fffedc69eba12cdd0f03c60d8d3fc90b6f277b64efe
data/reference/results/robust_v28/2020-11-29/scenario_03/v28_library_curtailment.json,1349,ef0a78cadc4f721640828970908a12e191d6df8158933514c5c737a586806316
data/reference/results/robust_v28/2020-11-29/scenario_03/v28_library_curtailment.npz,70818,7175a1cf00934e6843c9e03751f0b7d32b85321df32bbc8a0b2c4007a4cf7243
data/reference/results/robust_v28/2020-11-29/scenario_03/v28_library_price25.json,1348,ff6a72c1a138e4c6937b6a8550efad360b0676e153a00dcaf984c5f283b05fbb
data/reference/results/robust_v28/2020-11-29/scenario_03/v28_library_price25.npz,71074,e1d964f2ba1d458840d280fe23970881e3cc502cf9c10fe7bdd756d95885e771
data/reference/results/robust_v28/2020-11-29/scenario_03/v28_pattern0_balanced.json,1310,fbb5e4b996f3b4e20aa524ffbc8dcf0f59159070aad9909fb9c83fd3920c3f00
data/reference/results/robust_v28/2020-11-29/scenario_03/v28_pattern0_balanced.npz,70722,c3c0903ab71b9b3343d36c0c030e0de90bc60d25731f8d3405a2f85e5f1e17fd
data/reference/results/robust_v28/2020-11-29/scenario_03/v28_pattern0_carbon.json,1309,3caf2373c9b6919dfc17b235dc959d5562971e80b85929169057f41372417760
data/reference/results/robust_v28/2020-11-29/scenario_03/v28_pattern0_carbon.npz,70687,27b36bd89a944505d8f48202ecf27ed87d1bee8ff9d0c276bcc3e4182c7520e4
data/reference/results/robust_v28/2020-11-29/scenario_03/v28_pattern0_cost.json,1305,70b12417e7869344fee5e14523de8f59ef71f6c238b9621b93a995fb8d74bdfa
data/reference/results/robust_v28/2020-11-29/scenario_03/v28_pattern0_cost.npz,70845,6884d73a6b27e30d5c5f07213efd66e3cc52a1e687e4bf5a4e94d0c1704e6eb3
data/reference/results/robust_v28/2020-11-29/scenario_03/v28_pattern0_curtailment.json,1330,f5fb2a051c84a483818444eed8bd164e08099a3847e256091996756b709df044
data/reference/results/robust_v28/2020-11-29/scenario_03/v28_pattern0_curtailment.npz,70994,be863e9603ac1765cab8675ae599b3d135f9c4a9ae3fbe5f7addba1b38ed1238
data/reference/results/robust_v28/2020-11-29/scenario_03/v28_pattern0_price25.json,1309,54138fa3889fc53d8d083122c7b666c5a520c0803a46fc0ec7a17d0a40d72a9d
data/reference/results/robust_v28/2020-11-29/scenario_03/v28_pattern0_price25.npz,70712,0a892fae777ad3da14e250ba14d1333d0020a9a21d76622bd40d09f467bdce04
data/reference/results/robust_v28/2020-11-29/scenario_03/v28_pattern1_balanced.json,1311,5f3b2167479e13759fa4559d712ec6b0d32bd915aa226e9787a318bd17f9329b
data/reference/results/robust_v28/2020-11-29/scenario_03/v28_pattern1_balanced.npz,70600,2fb8b084e175f4dc78fc5316b754455837d7dcb67ec5300d6269a2d85c5e22e1
data/reference/results/robust_v28/2020-11-29/scenario_03/v28_pattern1_carbon.json,1304,6f4104b81c1f72713012b512aeedd1e85b1d795915564ba5feace6aed2972c60
data/reference/results/robust_v28/2020-11-29/scenario_03/v28_pattern1_carbon.npz,70802,bb0811bb0659366d1ce26526aa9c9bfe117cc5b04e068b2ab43ece4a7c5a9c67
data/reference/results/robust_v28/2020-11-29/scenario_03/v28_pattern1_cost.json,1303,8330339b867aa95172af4cac6d51843401f6196f86c991b3b14adecc655d185f
data/reference/results/robust_v28/2020-11-29/scenario_03/v28_pattern1_cost.npz,70857,9c5457d8871fbdd4dd0355ca4832b5a462ab88f041adbdfe1203237995211e95
data/reference/results/robust_v28/2020-11-29/scenario_03/v28_pattern1_curtailment.json,1315,689250083a63f118084b0a2b1b2e18755aa44c144f3161ad038f0c9eddc6349b
data/reference/results/robust_v28/2020-11-29/scenario_03/v28_pattern1_curtailment.npz,71027,e7228a137cae56092d1544bc57973d0ca3629c64d7d2098ea6ce7492b013ecae
data/reference/results/robust_v28/2020-11-29/scenario_03/v28_pattern1_price25.json,1311,c59d13c73da72e5780f50c4ce8d9a8496947d96a028cb487ecef7c4e7f19d66c
data/reference/results/robust_v28/2020-11-29/scenario_03/v28_pattern1_price25.npz,70742,369ac3fe62ff585e0831c7753dfffe76d827f88d034c202023fa53f319d9af20
data/reference/results/robust_v28/2020-11-29/scenario_03/v28_pattern2_balanced.json,1309,5099339eb6fea964751bb0727e54fb9ebe3f3605176eb7acfeab58e35782f2a0
data/reference/results/robust_v28/2020-11-29/scenario_03/v28_pattern2_balanced.npz,70619,6c818452b33589feadfde860b55e3adeead07e2671eed012fe4015baa002b6c6
data/reference/results/robust_v28/2020-11-29/scenario_03/v28_pattern2_carbon.json,1308,4ae9e3c811eb7ca75271fc78d40986728d225f9d210c0c6c1b2506f095ea7714
data/reference/results/robust_v28/2020-11-29/scenario_03/v28_pattern2_carbon.npz,70606,611c2dd5f3e92935793b2c7828f7911b57937cfe2776f19d376ba0b8e8b29a06
data/reference/results/robust_v28/2020-11-29/scenario_03/v28_pattern2_cost.json,1306,e5f63e9baa31b1e8eec836bcd677441fd8c3a4b126515c29615571d2f5fdf456
data/reference/results/robust_v28/2020-11-29/scenario_03/v28_pattern2_cost.npz,70842,bd37ee8b0745cc2fe0f31550ea528f5ff7a986538f1a156bbf40687e98daed22
data/reference/results/robust_v28/2020-11-29/scenario_03/v28_pattern2_curtailment.json,1315,c5e257e9d00e46af81ca88f0c9eaf0a06e389e3a7a323f3f918b042051736ea5
data/reference/results/robust_v28/2020-11-29/scenario_03/v28_pattern2_curtailment.npz,70893,9431847afd5ebb6af380b0af92e3fd548beded11c4609fb99ff71de315607d51
data/reference/results/robust_v28/2020-11-29/scenario_03/v28_pattern2_price25.json,1310,349f81f0f24c2d51c97feabe48381bb2a04fdfaa920994a0cf5d515937ae5757
data/reference/results/robust_v28/2020-11-29/scenario_03/v28_pattern2_price25.npz,70790,483f7f2bcd27c850314cb0211f3b3387e03e5a49a514fe9ed4356c549a42ee69
data/reference/results/robust_v28/2020-11-29/scenario_04/M4_proposed.json,2474,787ac70e6c0430288a2db58be41b23a24fba7dbeb8bc275d6255f4e8eedac0e8
data/reference/results/robust_v28/2020-11-29/scenario_04/M4_proposed.npz,71178,1cf6e19a7b1a20a128a967da03d6bf4ca059e1b372d1a2b1485af5f203db3e34
data/reference/results/robust_v28/2020-11-29/scenario_04/M4_proposed_execution.json,1899,c92ea53b1b7a4a91b26aa5d559dde0674d67eebb9e6ac237a8ea2c73a713977e
data/reference/results/robust_v28/2020-11-29/scenario_04/M4_proposed_execution.npz,1404862,650be0a14964d62a6ab9cc8456494b694bc79dcdec0f6db3e6f4e8c399f0c5db
data/reference/results/robust_v28/2020-11-29/scenario_04/balanced_full_library.json,1348,1caabf6626ed3f176f03481487ef92b4078c8b9b585d048654c548fdea1cfd61
data/reference/results/robust_v28/2020-11-29/scenario_04/balanced_full_library.npz,70856,80b40641591bff8bb025fa4d4b505d39549e0197390ae5ae85347b9a06774364
data/reference/results/robust_v28/2020-11-29/scenario_04/cells.json,1337965,0bf4673ee19f8259f7d5763a94f1ab8f7ef46073696063f46a0e4707eb82c91f
data/reference/results/robust_v28/2020-11-29/scenario_04/constant_carbon.json,1311,413f834ebb2e86e82bd9f7cd00420be9c8465d4d865ae8a4d1a66b6af446d88f
data/reference/results/robust_v28/2020-11-29/scenario_04/constant_carbon.npz,67135,f755f58be8d615fa2d057b46fea2d3494e3ca4f4f5033df8dca5c899db6f4a29
data/reference/results/robust_v28/2020-11-29/scenario_04/constant_cost.json,1309,56cc3058395063159027ae7ae5c8390c6431f8b9f083ea456c64e83018604cbe
data/reference/results/robust_v28/2020-11-29/scenario_04/constant_cost.npz,66924,4911b4c33c953eaa6d44fad8f30a6499b3e414d7d328b7061c0fa875f701e27a
data/reference/results/robust_v28/2020-11-29/scenario_04/constant_curtailment.json,1335,de1773d14c51ee3705dc64a769ba101432acfd2ec870876bfc97358625113800
data/reference/results/robust_v28/2020-11-29/scenario_04/constant_curtailment.npz,67193,4bb978f9383a54449d3dd581990545f084f86c6c9f1673a9bdf64b1ad0f683bc
data/reference/results/robust_v28/2020-11-29/scenario_04/constant_price25.json,1312,f4ee9b6ec8646211e518db4b796e55d83a09d180d209c42b86e4c580d44bd345
data/reference/results/robust_v28/2020-11-29/scenario_04/constant_price25.npz,67014,97bdb71b5fb097f5549d926109120fc04b37afd1731c69187b75e0095eddd992
data/reference/results/robust_v28/2020-11-29/scenario_04/recovery_v20_carbon.json,1310,28d444034ef7bb263a6abe460ec0919bd1fe094f71b4c2782ea03660b2894572
data/reference/results/robust_v28/2020-11-29/scenario_04/recovery_v20_carbon.npz,70820,b55fce1644c4219fe14748bbf49ef0c1ec56643643c9f3a7eefd1542bf4082cd
data/reference/results/robust_v28/2020-11-29/scenario_04/recovery_v20_cost.json,1307,6174526d06c2f691a2f8cb5247c2405fc102fc4529858c67946c565ffb35f1e8
data/reference/results/robust_v28/2020-11-29/scenario_04/recovery_v20_cost.npz,70533,5db11f127511e9084b4983b06b847b9caaf944428af0217089b4005c5b1a9753
data/reference/results/robust_v28/2020-11-29/scenario_04/recovery_v20_curtailment.json,1334,c11b90ae916bcdc696521d8be457ccc87c0e7f22e6ecf207fbcd28a8f421a921
data/reference/results/robust_v28/2020-11-29/scenario_04/recovery_v20_curtailment.npz,70486,afe37cb8662c16c9379682df78d7caf56ce8b07c3921834bb0c9c0c189e6b4be
data/reference/results/robust_v28/2020-11-29/scenario_04/recovery_v20_price25.json,1312,6e4f0db19147c0f7232473120aa0d65a581842a94dc19aa0c9367e3ee6c95a87
data/reference/results/robust_v28/2020-11-29/scenario_04/recovery_v20_price25.npz,70542,b71dd1f67046203fba271a9173e7a80dfb2c8e5b0dca0b30b21ebd459379767c
data/reference/results/robust_v28/2020-11-29/scenario_04/scenario_adaptive_carbon.json,1309,5730e8b39b430963f480e7672f669b1e38e07522407d43b14ba1072347591b8a
data/reference/results/robust_v28/2020-11-29/scenario_04/scenario_adaptive_carbon.npz,70574,a2258751782b324a3fb37e0de12c737ab7a2740ec6e9f685177cb5f27743727c
data/reference/results/robust_v28/2020-11-29/scenario_04/scenario_adaptive_cost.json,1308,0a43fa278757322a91a66fb896a6dcd33c641a178d9650e9e60ab3fb4bf7591c
data/reference/results/robust_v28/2020-11-29/scenario_04/scenario_adaptive_cost.npz,70491,adf6385b634e91118815081aba6f17ea81465f79b899a2e8d4b9ba3655324c7c
data/reference/results/robust_v28/2020-11-29/scenario_04/scenario_adaptive_curtailment.json,1352,0b17ee948ff1418309052eba745e104fa921c3136d6bc35cbf3e6d9056a76f8e
data/reference/results/robust_v28/2020-11-29/scenario_04/scenario_adaptive_curtailment.npz,70484,a6a06318126e345f70cce910fcb461333fa244043ddb6483ef6ccd2ab224a1c6
data/reference/results/robust_v28/2020-11-29/scenario_04/scenario_adaptive_price25.json,1309,0262048b43a66be7e73b64bc0a5c3e11e7decd02a769657a291d5c14cd3c81fd
data/reference/results/robust_v28/2020-11-29/scenario_04/scenario_adaptive_price25.npz,70448,56fcbc8e7482f378ac68f40f2ee80169376cfc7b43f4f552f7f0f8c512c9c407
data/reference/results/robust_v28/2020-11-29/scenario_04/v27_library_carbon.json,1344,b9f19a5b2d23d196057f88ea2b1aad053e4fc1132cee369feb4105dbf4d20cbd
data/reference/results/robust_v28/2020-11-29/scenario_04/v27_library_carbon.npz,70794,21cafeb9fb162484c178d267d10aa1dc56792e27815934753e321c808d584a82
data/reference/results/robust_v28/2020-11-29/scenario_04/v27_library_cost.json,1347,f03afa122366571aa06a1d66100b06f1ccb5a2da8a12680abcfaad69b1bf5869
data/reference/results/robust_v28/2020-11-29/scenario_04/v27_library_cost.npz,70869,b5fc9e5e92436f27a4a8d3864cb1336d7889ce9e62e4fac041b1d2a4035d03e4
data/reference/results/robust_v28/2020-11-29/scenario_04/v27_library_curtailment.json,1334,dee88871e58c64a77a1fde6e438dd2a2bb0eb4d057aa6fbd601094779173bd04
data/reference/results/robust_v28/2020-11-29/scenario_04/v27_library_curtailment.npz,70699,15948cd4f3c60c3bdc55bea2fdd4ac3ab15332ad652943c54e313e45e6e11747
data/reference/results/robust_v28/2020-11-29/scenario_04/v27_library_price25.json,1345,1dd119f69084854c4436108b8c351fb629f81d9535b9cb8c26aa6e12c3cce1b6
data/reference/results/robust_v28/2020-11-29/scenario_04/v27_library_price25.npz,70552,5af64e3ce02bb2f55778c39e8f971e92f703daa173050be78d94e5d5c93f3fbc
data/reference/results/robust_v28/2020-11-29/scenario_04/v27_pattern0_carbon.json,1310,05af00a25dc212fd3e581fec8551c4940511023d1cc648dcb3601962da031070
data/reference/results/robust_v28/2020-11-29/scenario_04/v27_pattern0_carbon.npz,70633,d9c931d2762ffd09bf242ed6c5123b05c745142942e1458c803b30774d45d149
data/reference/results/robust_v28/2020-11-29/scenario_04/v27_pattern0_cost.json,1307,0a200b6330b718fd2a8fe8e28f3fddc21b05f8a010073f9fd9dee3611374e5e8
data/reference/results/robust_v28/2020-11-29/scenario_04/v27_pattern0_cost.npz,70468,81b59d8cdbe51ad9a662b95bc145174fb90723eed5416f8d89cc676c6ec7b302
data/reference/results/robust_v28/2020-11-29/scenario_04/v27_pattern0_curtailment.json,1315,9c58d51ab1c49c495b7364a76334a74bc5844c8df8b4716252e8085a5bf20789
data/reference/results/robust_v28/2020-11-29/scenario_04/v27_pattern0_curtailment.npz,70569,7644fc0b5f81fe36da0b102271c27dbbc30e109981fd4f1d66b89d26f8f893e6
data/reference/results/robust_v28/2020-11-29/scenario_04/v27_pattern0_price25.json,1309,9fcfaf3c1e5391dc62fae05c9ab192b07b0ffe896a218b7d1046a9e96d60d025
data/reference/results/robust_v28/2020-11-29/scenario_04/v27_pattern0_price25.npz,70540,fa9dac7e9a3a6abd7dbc49574404449b6f9554ecda0b5bc0a78039a17c268e69
data/reference/results/robust_v28/2020-11-29/scenario_04/v27_pattern1_carbon.json,1309,50224964a0791658de9461a6f9a72ba74d5fd7c6252d0ccb9d32b4364224d934
data/reference/results/robust_v28/2020-11-29/scenario_04/v27_pattern1_carbon.npz,70574,a2258751782b324a3fb37e0de12c737ab7a2740ec6e9f685177cb5f27743727c
data/reference/results/robust_v28/2020-11-29/scenario_04/v27_pattern1_cost.json,1306,b8ab0d91f8b017282c7b00663a190e2302bf2db36ae88e74847046332404f92a
data/reference/results/robust_v28/2020-11-29/scenario_04/v27_pattern1_cost.npz,70491,adf6385b634e91118815081aba6f17ea81465f79b899a2e8d4b9ba3655324c7c
data/reference/results/robust_v28/2020-11-29/scenario_04/v27_pattern1_curtailment.json,1351,46c44a2143b9de96e49789447125ef4229c67bb355ff6f8295deed8f5c4b608a
data/reference/results/robust_v28/2020-11-29/scenario_04/v27_pattern1_curtailment.npz,70484,a6a06318126e345f70cce910fcb461333fa244043ddb6483ef6ccd2ab224a1c6
data/reference/results/robust_v28/2020-11-29/scenario_04/v27_pattern1_price25.json,1309,96159af54e7a222d482e130c2228098dcf0426309a34bbd78763bb19467b0f90
data/reference/results/robust_v28/2020-11-29/scenario_04/v27_pattern1_price25.npz,70448,56fcbc8e7482f378ac68f40f2ee80169376cfc7b43f4f552f7f0f8c512c9c407
data/reference/results/robust_v28/2020-11-29/scenario_04/v28_library_balanced.json,1347,5f8e90a1369cedbb7691df8550471d8130e44076eb602bf446e2436961b16543
data/reference/results/robust_v28/2020-11-29/scenario_04/v28_library_balanced.npz,70990,92e532fb6ecf26f6dfa419a5e3abaa7bbc263a83fb870f59986c8c9894c4ee3b
data/reference/results/robust_v28/2020-11-29/scenario_04/v28_library_carbon.json,1342,21c6778e3771b1a4e3e0bae07c0c70fe8abc9dfd6b35b63c924c1727dad17f58
data/reference/results/robust_v28/2020-11-29/scenario_04/v28_library_carbon.npz,70861,e40757c166c336ac40e76b24762adf4fe1bebd4fd771bcc2c1c769280fe6e5c8
data/reference/results/robust_v28/2020-11-29/scenario_04/v28_library_cost.json,1344,fe703efb50fad04f0df3f4dc1a2a72003a57b405126a5fda2a930d53aa43c03c
data/reference/results/robust_v28/2020-11-29/scenario_04/v28_library_cost.npz,70920,bf5a029c507d57ba855188f4e14d76a74e8d6bef02c2a97454a51848c5212355
data/reference/results/robust_v28/2020-11-29/scenario_04/v28_library_curtailment.json,1334,342897a75277445024e6a0247801c2e952633abba2aa5b1b2a8de9e6771602d9
data/reference/results/robust_v28/2020-11-29/scenario_04/v28_library_curtailment.npz,70710,03c4dc30755ecc95122b274b4937024705602f0903f82076b86f86d169cca2b8
data/reference/results/robust_v28/2020-11-29/scenario_04/v28_library_price25.json,1347,3f142cb7983cf7fdbbdc72e408b3262d5d9f3c2277918a745aee4e33210ebf5d
data/reference/results/robust_v28/2020-11-29/scenario_04/v28_library_price25.npz,71149,64ec16074a0e82dcd86d36b2bbde19a6bd36825c4319e340414442a7fe8829c2
data/reference/results/robust_v28/2020-11-29/scenario_04/v28_pattern0_balanced.json,1311,6e5fe1b58c58b7f30a3b9e9c83dde2169ba8ce4109c646ea1f62f629522f6ba9
data/reference/results/robust_v28/2020-11-29/scenario_04/v28_pattern0_balanced.npz,70536,8a36c9e7f7ef8bbd1bccc852befab7edf458274fa0f04be0fc585bcbda66cb35
data/reference/results/robust_v28/2020-11-29/scenario_04/v28_pattern0_carbon.json,1308,dfc1ebcce13e1597d29887b9473e1a09e224a40f3e12315951876b06bd5169ea
data/reference/results/robust_v28/2020-11-29/scenario_04/v28_pattern0_carbon.npz,70639,8d023e112f61e23d90564339bbfa93c11c46e10208a032cdeaa31dc15dd93329
data/reference/results/robust_v28/2020-11-29/scenario_04/v28_pattern0_cost.json,1304,48f94d3e52efb6f6c33bb3d0f9726a6f2637d3e5524fb587805ed28268c2a8bc
data/reference/results/robust_v28/2020-11-29/scenario_04/v28_pattern0_cost.npz,70509,fcf06da2ba9705678aba74a9ea9e5d19bd6e8d2c71d17023770b8d6512198b63
data/reference/results/robust_v28/2020-11-29/scenario_04/v28_pattern0_curtailment.json,1348,2d95afa894db5d3b5646268c44771ebb70651cc537ccc35511c99b0d274df9b2
data/reference/results/robust_v28/2020-11-29/scenario_04/v28_pattern0_curtailment.npz,70573,cc713e337ce4a6336ff26f6b1f94e765fe39b4c92a9f8c463d6faf80c90f8093
data/reference/results/robust_v28/2020-11-29/scenario_04/v28_pattern0_price25.json,1311,7619db7b1cc6867a5505f0b4e61cd5b4b70278c66fca70bec4ffc2c4c59cda52
data/reference/results/robust_v28/2020-11-29/scenario_04/v28_pattern0_price25.npz,70579,341d092c0be8c833084c61fd5615c55d81c95f9574f9397f2d9f0b0a4afd38d7
data/reference/results/robust_v28/2020-11-29/scenario_04/v28_pattern1_balanced.json,1311,4b08587179f19d6f497697e8dd907a527ca09889cc2f3277832f641311dfd6de
data/reference/results/robust_v28/2020-11-29/scenario_04/v28_pattern1_balanced.npz,70529,bebc531b19e0d7e94481aaeb7606e44d7053f507bbe899afc155943dcf3a84d1
data/reference/results/robust_v28/2020-11-29/scenario_04/v28_pattern1_carbon.json,1310,752748acaba5f4d5f4e287306de87ffdb22adb1eeff7ea104d469cd1a2c21a32
data/reference/results/robust_v28/2020-11-29/scenario_04/v28_pattern1_carbon.npz,70633,d9c931d2762ffd09bf242ed6c5123b05c745142942e1458c803b30774d45d149
data/reference/results/robust_v28/2020-11-29/scenario_04/v28_pattern1_cost.json,1308,e6875ac9a6eb1191871f54981da56259c4e1b5ae6f108a7de423b25d5723f019
data/reference/results/robust_v28/2020-11-29/scenario_04/v28_pattern1_cost.npz,70468,81b59d8cdbe51ad9a662b95bc145174fb90723eed5416f8d89cc676c6ec7b302
data/reference/results/robust_v28/2020-11-29/scenario_04/v28_pattern1_curtailment.json,1315,811a36cf511b88d11aaf2e31ddf9765d58bbe0c0799b554dfc30854fc379b11f
data/reference/results/robust_v28/2020-11-29/scenario_04/v28_pattern1_curtailment.npz,70569,7644fc0b5f81fe36da0b102271c27dbbc30e109981fd4f1d66b89d26f8f893e6
data/reference/results/robust_v28/2020-11-29/scenario_04/v28_pattern1_price25.json,1309,4ee7416e6a7a39420ddb292dbaeaad117ef8983cbe2f6bed20e64833ce897741
data/reference/results/robust_v28/2020-11-29/scenario_04/v28_pattern1_price25.npz,70540,fa9dac7e9a3a6abd7dbc49574404449b6f9554ecda0b5bc0a78039a17c268e69
data/reference/results/robust_v28/2020-11-29/terminal_inner_verification.json,1208,ff02da7ceb0dd51661d98b1f1de348377b2aeb85d4e612fd69edd0d52705e43b
data/reference/results/robust_v28/2020-11-29/terminal_inner_verification.npz,253,1cfbdba242dfcb5039613850b2b8dc90b15d7e29a1af218002bc46de84e08480
data/reference/results/robust_v28/2020-11-29/uncertainty_set_sensitivity.json,1836,1406b5db307b48c1e13a064bcb6cc0fcd808fba0e69e7d1ce86d7b33ada3fdfc
data/reference/results/robust_v28/2020-11-29/uncertainty_set_sensitivity.npz,22,8739c76e681f900923b900c9df0ef75cf421d39cabb54650c4b9ad19b6a76d85
data/reference/results/thermal/constant.npz,54679,c62b4ab2edce54d516055a3dfaa76377b8f20acce83f0829894989b2589dea05
data/reference/results/thermal/daily_10pct.npz,131637,fcc0340e6766bd0430be7d4ca78315bc66127547b8210157803bddbef3646320
data/reference/results/thermal/daily_5pct.npz,130341,d27d8e6a87472b5ef7c2b59f087857057f517a43a68a1e24a1c063c72402a824
data/reference/results/thermal/expanded_residual_validation.json,245,52d45183512f9236d32e1d4ed4805ea665aee7d58dee5e534c7746d24a1961be
data/reference/results/thermal/two_hour_pulse.npz,100604,62f58ab0b33cc4b4fc9dfdf9a8da45bd510d6d9dfb030ec9b5a870a4f6098696
data/reference/results/thermal/validation.json,2789,8e9feeee2902e8b0cb7b8c39ed60b2a5dee2079969e59ec11d7a96d9fc8d2de0
data/reference/results/time_grid/step_120min.json,638,a2c7cbe3cf33c195d1fa4c6890ed7793ca8a90876b2415c92e920660b9d5708b
data/reference/results/time_grid/step_120min.npz,5342,0f83d18c199c96c02613a755b43d6acd623fd16330cc7f5648f75d192e7b975f
data/reference/results/time_grid/step_15min.json,627,bfe29a21de358591518d071b3a3144d5857ff8f7f60f6738d12e37669ca1604c
data/reference/results/time_grid/step_15min.npz,30516,f99a9ac2fda4e9407d1f55de3ad7f474707474f9725e1b298c244f5b655b8538
data/reference/results/time_grid/step_240min.json,630,bbffb8c39089058e2265cfa8bf0a2cb18b473e2bdc6b74f8a9f63f5b8dc68cdf
data/reference/results/time_grid/step_240min.npz,3535,0bb9152e99a9e6965459dcc8fdaf3e9a4e721b6088619b667131d5e8a90b10b9
data/reference/results/time_grid/step_2min.json,637,b2c383ae2d615a52200752d3092d82f71a09d63fb22c355517baba13bb4c1f14
data/reference/results/time_grid/step_2min.npz,213176,ef7d58c90b4c593e222c773002802512e7c2084d1bc5eea4a5871a88c4d48880
data/reference/results/time_grid/step_30min.json,636,34584ba6ae65d89fd1cf6a06b69427c8d25b69251b78e357b387aea4a8319d8a
data/reference/results/time_grid/step_30min.npz,16219,fd952650b39d025462a1d444796c1a1b7529c19d0f8a5d652ba118261e2b3350
data/reference/results/time_grid/step_5min.json,638,a717efbfbe493e8bc6f3f4e50e0afc0ba98e1c2cc6abfb3e3ffa379fa4e4c1f9
data/reference/results/time_grid/step_5min.npz,87256,3c6afcf0d3280cd0eb41a7eaa9703df426e698b3e90a1dc95926edd664fe599d
data/reference/results/time_grid/step_60min.json,627,478f585604d7c296f5b946d395329027ef0b613502436a779e50d85b8effec26
data/reference/results/time_grid/step_60min.npz,8997,b508d572a4a1f44e0146601fe8fb2571fb2db3d09a99fc4fc475f68a2747e3e5
data/reference/results/time_grid/summary.json,5562,6e184302f4fcc42278c8e5f9b4eb411c16d2ff83e95b4107f294d032c0f0583e
data/reference/results/uncertainty_v26/2020-04-07/manifest.json,5934,323e8744b9341a97f44aa4b60e849f161a7e3ff3f0ac1d85dd056c27a776b62b
data/reference/results/uncertainty_v26/2020-04-07/scenario_00.json,1074,0825557fbf6faf3010e7d1afc458ab169c624b855e0cbd2c0a28bad07ed99649
data/reference/results/uncertainty_v26/2020-04-07/scenario_00.npz,16753,7d48c8f511e4b22bbce2ceca708af715f5e5b2647c7c9baf9fbf3b2c548debc9
data/reference/results/uncertainty_v26/2020-04-07/scenario_01.json,1112,d50804e037208b21dfee54eb1214a54623e4138570f9700fe03c67f65b835bfd
data/reference/results/uncertainty_v26/2020-04-07/scenario_01.npz,26653,eb167947b80ec5d4c39f666ceec2d7d755319f300ba8a958e93165f461819295
data/reference/results/uncertainty_v26/2020-04-07/scenario_02.json,1112,c5cabb4131ffea78f86213090fe2a2cf4fcad27cad796251a78120f8e66ed2dc
data/reference/results/uncertainty_v26/2020-04-07/scenario_02.npz,26816,4705be28eaac933125eaaf630e6399e8f5e50e5f4962979f3336caf5eefa99a3
data/reference/results/uncertainty_v26/2020-04-07/scenario_03.json,1111,c17760be877aea49ef4f76cb95f136d90223230635ad42039b72ccd6fd2e239b
data/reference/results/uncertainty_v26/2020-04-07/scenario_03.npz,26750,396c8a36d590145bf60ac48dcf1ee01c7ba2fb786c87a1ad2aae9ab6ed3bce67
data/reference/results/uncertainty_v26/2020-04-07/scenario_04.json,1101,ac5df1ab89821bad5b17081d7befefe3f39c7e453175092e7e81fb416d51819a
data/reference/results/uncertainty_v26/2020-04-07/scenario_04.npz,27158,42cc0185890e057ba0ca8aa08a77487777e16afe1b01a8160072e89b847f4f3b
data/reference/results/uncertainty_v26/2020-04-07/scenario_05.json,1108,51120ba97a9bda1452c035b3108b78f4db520022ea66a84fdb701bfd42fb3e22
data/reference/results/uncertainty_v26/2020-04-07/scenario_05.npz,26887,13d89a396775c145c0328ec11c784b58637842505de799ea9ae2a7d7e660bfcd
data/reference/results/uncertainty_v26/2020-04-07/scenario_06.json,1117,facfa7a381981f5c0c861455b000b7f4153d9c0eb23fada2b4608dd2a1192c90
data/reference/results/uncertainty_v26/2020-04-07/scenario_06.npz,26767,1da942f7d7cca6261caa6043d4ddd09b4f51ac39447965d0d4324f326cc8020b
data/reference/results/uncertainty_v26/2020-04-07/scenario_07.json,1118,2f6366378395da3311cf88def2b8e797883dfefaf9ef77a24b93363b01a7b4fb
data/reference/results/uncertainty_v26/2020-04-07/scenario_07.npz,26711,72cbca338996e2da9e8de62b435c4bb910b12b9f1a41df9bc8e160dc852dd750
data/reference/results/uncertainty_v26/2020-04-07/scenario_08.json,1118,8a7f227d9326e6b2b76e3314a41dfc640f2d3a75aa81c84b05d98a8ff13ae9c8
data/reference/results/uncertainty_v26/2020-04-07/scenario_08.npz,26940,24231f1be5dfcfc2db29e4f7bf9c70412e7310acbb1650652f25cc31c10a7989
data/reference/results/uncertainty_v26/2020-04-07/scenario_09.json,1118,2bdc95080f58c0645c72f34b67d6edb6b12fd88d2897e04e3eb1ef65fb4fc761
data/reference/results/uncertainty_v26/2020-04-07/scenario_09.npz,26667,7c99029ee841ec51dfb56ff81a24b00bb404ced4c122daa99563d5a78b22d9af
data/reference/results/uncertainty_v26/2020-04-07/scenario_10.json,1120,6702db0469b3daa10a5f71b4ccc1de22a967dacb50e6a1ceeffc422348b76b79
data/reference/results/uncertainty_v26/2020-04-07/scenario_10.npz,26807,bc1fd904528e5a1307749a62e3a6e24507e69fe33aef349ad938fb873c02a0ed
data/reference/results/uncertainty_v26/2020-04-07/scenario_11.json,1119,5339c8dfaabd26b1232b3aae4fa4b12a54ff510a33f8a4fbe7213d6d829ceeaf
data/reference/results/uncertainty_v26/2020-04-07/scenario_11.npz,26782,240748efcc61b6949731333c25a9735fcf0c502be7931a9e253a2190c9b1ae8c
data/reference/results/uncertainty_v26/2020-04-07/scenario_12.json,1117,f977e6245a00d58818a04852b14b383b16ff62962e192b1c0ac8b04277331be5
data/reference/results/uncertainty_v26/2020-04-07/scenario_12.npz,27155,bc44d4eccac8fc861c75717a51346a3b297d553ce8e112d993b6c53084751b8f
data/reference/results/uncertainty_v26/2020-04-07/scenario_13.json,1118,ae0cb8aec986136b78de3208c82ce0bae2a1ea5952fab2414efa22e58ca38ad5
data/reference/results/uncertainty_v26/2020-04-07/scenario_13.npz,27186,e98ceb54c003dd6825d02a7f682872f49e0ad4c3323d4754005245a3a729d7b0
data/reference/results/uncertainty_v26/2020-04-07/scenario_14.json,1111,c1c6ff0e23745ddfbbb756d9650c1811c6d3c86c1d2e0cffcf5fbf8c2a85c720
data/reference/results/uncertainty_v26/2020-04-07/scenario_14.npz,26775,3806f9b4c5d74f975f4830afd78dc6deb5cd934ad034396449f8719e27c2a942
data/reference/results/uncertainty_v26/2020-04-07/scenario_15.json,1119,41c511e60299b167eff047551fcd4630e4c99734f693abbd8d4222e1132be0fe
data/reference/results/uncertainty_v26/2020-04-07/scenario_15.npz,27075,28e3e28ef47f214161f762b6b675a9cdfcc4e64b45c7148cb3b6f51e5a7295dd
data/reference/results/uncertainty_v26/2020-04-07/scenario_16.json,1119,25f4e773886437830ef576172b810b79cdca8fb4bf38c9363978b0f1c375ddf8
data/reference/results/uncertainty_v26/2020-04-07/scenario_16.npz,27048,d531eeed82f554c332545f7e5dcb6437170752403f7218518114808aadf139e3
data/reference/results/uncertainty_v26/2020-10-17/manifest.json,5947,2428b073611479ee0cae8d7753045989a56e0830006edc81df106a84bc1db5c3
data/reference/results/uncertainty_v26/2020-10-17/scenario_00.json,1074,c26daa38b6cba5e39ec56bd9a38320b1edb6367fff93ceeb5e6e0e70930f3a47
data/reference/results/uncertainty_v26/2020-10-17/scenario_00.npz,16264,6fe1a330e77853674d9627a4c85b9ddfe399de96934567d36624f71f2debd763
data/reference/results/uncertainty_v26/2020-10-17/scenario_01.json,1112,2030a5998c1066bb5be9720badbc138d113ad0a1608ee5172b2fa9771653695f
data/reference/results/uncertainty_v26/2020-10-17/scenario_01.npz,26679,2da64112ce082b4bc6492cefd13a06178178285a50ed148ccf27629e4020d7a5
data/reference/results/uncertainty_v26/2020-10-17/scenario_02.json,1112,0d3e864c5c2a480cde5528da2cc2283a6678cdc55af604e60ba9c8a6e1bb7631
data/reference/results/uncertainty_v26/2020-10-17/scenario_02.npz,26691,e38c1f377676c4e968b2126acab7fde0b77b9c51e73816133631e8f720a98bd7
data/reference/results/uncertainty_v26/2020-10-17/scenario_03.json,1110,7c3cd31e3d02b4234897f480b651255b4872ca304b13f5cecb12ee69a7d7c45a
data/reference/results/uncertainty_v26/2020-10-17/scenario_03.npz,26660,f071ee40e78d1a76f3898a20db21705a729e34590d09a59e2ac99f131a5e48f3
data/reference/results/uncertainty_v26/2020-10-17/scenario_04.json,1111,78f852a07686cb6b71642665813adea836d5f28957efd74c51c86e6ef5ab538a
data/reference/results/uncertainty_v26/2020-10-17/scenario_04.npz,26335,004a628b48d15cebde7510ade16ae6d79963957b41c191f8e2ca991a7f4952f3
data/reference/results/uncertainty_v26/2020-10-17/scenario_05.json,1118,44a23065d502f9a71e1f4c286012ff3891c06932d782d95e79ec6e628b0a3544
data/reference/results/uncertainty_v26/2020-10-17/scenario_05.npz,26635,f215d4502843a24295919956e3181e96c22962b49922851a09d95bbb514a5854
data/reference/results/uncertainty_v26/2020-10-17/scenario_06.json,1117,61c564a4a5b6e39003799c362f7805ffe08672e6be6999cdbdb0d9bff52398c4
data/reference/results/uncertainty_v26/2020-10-17/scenario_06.npz,26613,0789ac9f07f98ffeeb7dc822ed08008d9f43593e50861268915d96627e04e1a9
data/reference/results/uncertainty_v26/2020-10-17/scenario_07.json,1117,c50db986b61a880f4e26de8c98fdd97c03abf099bd9508e88327b8a6d042abd2
data/reference/results/uncertainty_v26/2020-10-17/scenario_07.npz,26603,2d7983a29f7e101c27f3463bcc2b489ce3c987f2e68aa03bc9d64a7d1387ac6d
data/reference/results/uncertainty_v26/2020-10-17/scenario_08.json,1118,4e7de81969ff7c164b6114ef642a79808b14f3403213e19fcdbbf0a865cd375f
data/reference/results/uncertainty_v26/2020-10-17/scenario_08.npz,26476,233b31ea4794ca5481b17472bb30fdc14cde34390576dcd8d1b93047e0444756
data/reference/results/uncertainty_v26/2020-10-17/scenario_09.json,1117,f1d752f9da68bc621b6502c7b23f97816fe42446b67046ada1c8518e0bf8a1b5
data/reference/results/uncertainty_v26/2020-10-17/scenario_09.npz,26667,b36f232b77a275233ee22219f0cbb162dec8b4fc59bc739642b18ac50e29da55
data/reference/results/uncertainty_v26/2020-10-17/scenario_10.json,1119,7a31e1af6be369a0c2c2ef513e00185d7c63cd5c46c819ebe7311a32c7ef27c5
data/reference/results/uncertainty_v26/2020-10-17/scenario_10.npz,26407,cc4ff54599114823dcd9b695d3d483dbeec13790b1d67a21e149011df5cdaf0e
data/reference/results/uncertainty_v26/2020-10-17/scenario_11.json,1118,3c79ebb5ca6f7297cecd34c53ddd2261c05b9e3a2de4fdcdadbec8bfe1dcd8c3
data/reference/results/uncertainty_v26/2020-10-17/scenario_11.npz,26382,56a4adb86550830dcf7923777633eb59ef694274e8ed371f4856eb6a8303ee91
data/reference/results/uncertainty_v26/2020-10-17/scenario_12.json,1107,f16ee3e88a2f35ec85d469060d481171dc43992e99e456e13a51fbd3ca951083
data/reference/results/uncertainty_v26/2020-10-17/scenario_12.npz,26423,8388e0921c5e15c0049f2c1e24dac3406ce7d56ee119172189cc5fd70805ec3e
data/reference/results/uncertainty_v26/2020-10-17/scenario_13.json,1118,22f336d2829b544e5e8b7a69ba9e6dc0c517d98805ea15148a07d0b30df19bfe
data/reference/results/uncertainty_v26/2020-10-17/scenario_13.npz,26441,41cd95ebf4f522bd476a748d72e919bd609e1c0fcb8a05f3e94fe0a2faacf816
data/reference/results/uncertainty_v26/2020-10-17/scenario_14.json,1120,33dbcff31efe0e46e8311dbde9ff73ca2cbf126b5ef1b395da2f5a05dd4d565f
data/reference/results/uncertainty_v26/2020-10-17/scenario_14.npz,26252,8dfd294737496a2503693bf315e9ee7a06142a4ee374a8b039a1472de1276708
data/reference/results/uncertainty_v26/2020-10-17/scenario_15.json,1119,7ab100e46ba3ea0f3c11c894244c0da5f8c883c2d71ccc3613e9cb194d6c430e
data/reference/results/uncertainty_v26/2020-10-17/scenario_15.npz,26341,1616c92eca4f88e7af9f3c68dae85d3d04655f331b84b5525e958aad6dc69269
data/reference/results/uncertainty_v26/2020-10-17/scenario_16.json,1119,ce6165b919f098dfb476b02357fadb3e3b72e8da0d6bf9d6db81f7309ab39c53
data/reference/results/uncertainty_v26/2020-10-17/scenario_16.npz,26524,530fd406a70e60c48fb6acedba63c4a23cb01c673d9099c8d1a4b2d2ca3c3e46
data/reference/results/uncertainty_v26/2020-11-29/manifest.json,5963,3f3e05fbd0a449d24ed87193416abcf26ec4d22e3fff949a47d108c170b064ac
data/reference/results/uncertainty_v26/2020-11-29/scenario_00.json,1074,ff8fec2f007b4b00cb319b337f904232d1d3657a6effa21f70b97e373662ed8b
data/reference/results/uncertainty_v26/2020-11-29/scenario_00.npz,15934,64732e5fc8f3cf10da98893e1a5f445489ba8709e908a596a3ce2ff326533fb6
data/reference/results/uncertainty_v26/2020-11-29/scenario_01.json,1112,41548407e91ced3c462b626d4ce1c26fb574aaeb0709be34ebe7e39916a65983
data/reference/results/uncertainty_v26/2020-11-29/scenario_01.npz,25936,8d3e3756981208d513c7b490e2e5424fa91b2367cd3cbb4e759260480587f8e1
data/reference/results/uncertainty_v26/2020-11-29/scenario_02.json,1112,0186b6b8cafd340a2fd5584ec35eb8a1fd6de86aecb7db059aac749a6e2ac07b
data/reference/results/uncertainty_v26/2020-11-29/scenario_02.npz,26029,efd3b775566725fa9655394d358f43b5a77c050486b0b48f7a8d4d90b1122b18
data/reference/results/uncertainty_v26/2020-11-29/scenario_03.json,1110,5fe3b23e49c36586f5d04e26084cae4ac3b77cba91b516a8cd196aa6188c98e3
data/reference/results/uncertainty_v26/2020-11-29/scenario_03.npz,26113,1517f9d7782748e8601dde1212b7b28332bd90356917eb9892fc57c33e8d2bee
data/reference/results/uncertainty_v26/2020-11-29/scenario_04.json,1112,81e5f4e393c8482924721011f1a527ca09db21f2ed4d2584f87cc3aab8df0ec6
data/reference/results/uncertainty_v26/2020-11-29/scenario_04.npz,26067,c3084b8d81947740270c7d5c390e5c02b962fea37c2c8cc4997eb7aea384cc7b
data/reference/results/uncertainty_v26/2020-11-29/scenario_05.json,1117,043d6c735a852529bcfd2f0e0efb88792e42633d160872379a787d68c40f0de1
data/reference/results/uncertainty_v26/2020-11-29/scenario_05.npz,26231,542451004c17971b78c48b5dbe502671a6e32154f32cbb80d0efce302e21ccea
data/reference/results/uncertainty_v26/2020-11-29/scenario_06.json,1118,c9319c266526fc7efd04e167beaf075eeaa165a117795181f001e23650822312
data/reference/results/uncertainty_v26/2020-11-29/scenario_06.npz,26145,c8a9e1bcb62d3caa49783116ece1b5fbe2f16cb171bbafe978b620e8927fa91d
data/reference/results/uncertainty_v26/2020-11-29/scenario_07.json,1118,88452a84839fb9bba01da172d1c047e226c666e4f39b416c9d4f3df08b05ac20
data/reference/results/uncertainty_v26/2020-11-29/scenario_07.npz,26211,b5c03d53a38c5ec6aeae2f0ad245ca56999c39c97f1ac631ec1c69d20c403a74
data/reference/results/uncertainty_v26/2020-11-29/scenario_08.json,1118,e5720e4531a960b83757c3de4bebe451900ade0be2ecd08f63ba710a7ea8da39
data/reference/results/uncertainty_v26/2020-11-29/scenario_08.npz,26167,30843606e5c7932ff6c661feb39c01f3e7e220de64efe46a1c2e0ddab031ef12
data/reference/results/uncertainty_v26/2020-11-29/scenario_09.json,1117,d1fe2aead9967425546f4b8ca1ee9c8d687f196ba0cefc2e38e2a32f0eea9a7e
data/reference/results/uncertainty_v26/2020-11-29/scenario_09.npz,26156,3e9f8b017f2f340f64ae084400ae371d8b6173ec93606b0f1cb5962ce3f16d00
data/reference/results/uncertainty_v26/2020-11-29/scenario_10.json,1119,17e7adbd3cf5fe715937f388e5259a5a60d6fdb5d2052217439b4eb2360eea29
data/reference/results/uncertainty_v26/2020-11-29/scenario_10.npz,26096,f243419795663ba549c9d3f63895f5c41a029086663accc492f1d2d39a532519
data/reference/results/uncertainty_v26/2020-11-29/scenario_11.json,1120,845f01e00af782a65b3b40a5a81dd59a69adf0889731224bb0b360b07021c4a6
data/reference/results/uncertainty_v26/2020-11-29/scenario_11.npz,25912,7724671ef633d1419d7d4ad7392bbadd99339132217f91bc6097d0051d5ac64d
data/reference/results/uncertainty_v26/2020-11-29/scenario_12.json,1119,4073a778e1e16d51067af9627cff1bf6d897739b5405b5be0031f294bd15dbeb
data/reference/results/uncertainty_v26/2020-11-29/scenario_12.npz,26156,a3ec9eac41eac60683413da4daca9ca29d0dc0209726c2da21589e7a4637e100
data/reference/results/uncertainty_v26/2020-11-29/scenario_13.json,1118,2b6f658a035471e700d1b05c980de9c3c1ef75ae8adcd6cd60505a50ad04638c
data/reference/results/uncertainty_v26/2020-11-29/scenario_13.npz,26129,70fe5130cf7fa22e67c70df03155a8c8aa3b4bf87f44e678c7a2f724f627df6e
data/reference/results/uncertainty_v26/2020-11-29/scenario_14.json,1120,de1649a5cc803ab22bae9d5f83d5efc4997ca9df8ba3f6b820cc1c2ccb9423f3
data/reference/results/uncertainty_v26/2020-11-29/scenario_14.npz,26125,9a9416d5c7f11312ef6dd944e7aa8b9d4d404da6548e911486027419dc3a810d
data/reference/results/uncertainty_v26/2020-11-29/scenario_15.json,1118,a2234e3472e8b212a62fa34b64baae33419d3c0eec2a236bd6c03caa4d9aca95
data/reference/results/uncertainty_v26/2020-11-29/scenario_15.npz,26184,b5fb822acb6e71c610f99ef7e8a3b4fdb1ff17f5a460196e20d5149ae7cabd38
data/reference/results/uncertainty_v26/2020-11-29/scenario_16.json,1119,ab758e496da1176956df31b0daee4216380b74618f490fee43a28fc3b2fbf746
data/reference/results/uncertainty_v26/2020-11-29/scenario_16.npz,26208,984e3ad409dff24ce2fa7cb583f66a2f06f132ef872726d51e0d72bba1265f81
data/reference/results/uncertainty_v26/protocol.json,1781,d3d4f8a1bca5ed324f37262b4e000613b4c50c9643862f3f7bd1f7db5a89f3b9
data/reference/revision_v28/figures/convergence_reference_audit.json,3144,ea18b1a32710b60de83c71a075551c274cf1dd2f7678b585208f8a127e997309
data/reference/revision_v28/figures/hourly_carbon_power_data.json,20251,96c41d6ee3c166ba06ceb148caa8fd48e8840dbc8019f8eb6d5a9091d905163c
data/reference/revision_v28/figures/library_geometry.json,327,a81b44d94350078aaf92b27384e1314e5cb85a452961e74441ec63ccca8aa6e5
data/reference/revision_v28/figures/temperature_data.npz,253066,c29368733063082a59cd4431ba56fad3f507e11db80685621f666405dfb7dd04
data/reference/revision_v28/iteration_audit/2020-04-07.json,8118,e451aa2331d6024fe4deb21bc11e8063c99234c776a6c654be73be3c9a5e8785
data/reference/revision_v28/iteration_audit/2020-10-17.json,9952,e0015dad47e1a4862a570d7a6aee5aa18c5525c93f6f6754291bb08ab98e6eb2
data/reference/revision_v28/iteration_audit/2020-11-29.json,2896,3439d3480f7930bebe51ddec513477bbee74cee4a7660163df6c5dd9ae99baf0
data/reference/revision_v32/algorithm_results/2020-04-07/fixed_quota_inner.json,1879,64b993b93982d5238c4038930eb10d1d3cea5d2e849fb1bfc1fcfd84dac4ef2c
data/reference/revision_v32/algorithm_results/2020-04-07/fixed_quota_inner.npz,254,b93ff64003143b699045379b8cc9602db074fe1d4e4df3ad59c57b6c1b582014
data/reference/revision_v32/algorithm_results/2020-04-07/original.json,8986,6e758f8148d2f5e43b66ecd11ce784d7b49d79b585e24c1926f2627cef2c3e79
data/reference/revision_v32/algorithm_results/2020-04-07/original.npz,471,eb67f3729e38a5d74f10af39c5aa97e60f316187d9b0bfa07394b4c9b7af4cc5
data/reference/revision_v32/algorithm_results/2020-04-07/recovery_reuse.json,10946,1c36ccef33f73a695c0cf9540dc279e2381a52bc5972cf489dece8d6152c9af3
data/reference/revision_v32/algorithm_results/2020-04-07/recovery_reuse.npz,471,eb67f3729e38a5d74f10af39c5aa97e60f316187d9b0bfa07394b4c9b7af4cc5
data/reference/revision_v32/algorithm_results/2020-10-17/fixed_quota_inner.json,1889,a8ec36b71a8a1322350435ffea883699caaca3d3005fbc60837932d069ae9435
data/reference/revision_v32/algorithm_results/2020-10-17/fixed_quota_inner.npz,255,fd26466cd2238cc274d0f3f01cc3f22c05c608d5dc747716d288acf3c42d8f10
data/reference/revision_v32/algorithm_results/2020-10-17/original.json,9915,f41b27b8ca5ff885048357da913eb629a2339fbb5294a89f16246ab57529ab0e
data/reference/revision_v32/algorithm_results/2020-10-17/original.npz,472,190b2ed62b44e8c3f7451ad3d0d882026c79ff0459a4997e2610723a8a27b71e
data/reference/revision_v32/algorithm_results/2020-10-17/recovery_reuse.json,14121,f3e115bed9003495cb176bc381f9d9bac8541c36679678432d9ee325c7bade06
data/reference/revision_v32/algorithm_results/2020-10-17/recovery_reuse.npz,472,190b2ed62b44e8c3f7451ad3d0d882026c79ff0459a4997e2610723a8a27b71e
data/reference/revision_v32/algorithm_results/2020-11-29/fixed_quota_inner.json,1422,169035e37f5953fcd5b4a682f663e6a08bec63edf36f12870d24ecfb6b428de6
data/reference/revision_v32/algorithm_results/2020-11-29/fixed_quota_inner.npz,254,b0d868b9e8dc38fac5ed2936f4236b183ad985ce3eb3c8ee3a9e3a4c27859d99
data/reference/revision_v32/algorithm_results/2020-11-29/original.json,6816,2bf09c339b587d9da876e78410d4f4ef734e1eca64b17ceb7ca96511d7450721
data/reference/revision_v32/algorithm_results/2020-11-29/original.npz,431,d6e5cbb9b1cc2ff0b00d475eea253cbff88f400f6caac68d7e22a58ea1a32175
data/reference/revision_v32/algorithm_results/2020-11-29/recovery_reuse.json,10598,0a08944fe4992d4726045ef7befe93bf5f9a7f2851aafd1c221750c0d95b08b9
data/reference/revision_v32/algorithm_results/2020-11-29/recovery_reuse.npz,431,d6e5cbb9b1cc2ff0b00d475eea253cbff88f400f6caac68d7e22a58ea1a32175
data/reference/revision_v32/algorithm_results/benchmark.json,6925,4715929504b349713f3d84c5ae4100e33ab4597643f31898b22337e4c256a2af
data/reference/revision_v37/experiments/ac/2020-04-07.json,97729,21353009c3813247eb440a491ad8c4e7b683ac1ba78281e0cb3713ad7f08015d
data/reference/revision_v37/experiments/ac/2020-10-17.json,105035,4f821e4a516b7513cf4d2cc13b47c65b03fea9a9d8074a74c0fb3a5691e5c879
data/reference/revision_v37/experiments/ac/2020-11-29.json,104684,e2dc2878896dfc14c112a48f370384fd38b7ba48f21d2e312650de68cbff1281
data/reference/revision_v37/experiments/ac_corrected_q_limits/2020-04-07.json,78412,7c89fb45fa20560071f077d2cd0e9312e2097451751e3900392b4d55f4b178f7
data/reference/revision_v37/experiments/ac_corrected_q_limits/2020-10-17.json,64618,5eef9317f53a1ece0eed7d2a31168bb396a23487592fd6a0b588608d2ee42808
data/reference/revision_v37/experiments/ac_corrected_q_limits/2020-11-29.json,79265,4d15d152548dc95378aa972281bb58268a60a99f6b48cb7de30c27cd07b3e5c7
data/reference/revision_v37/experiments/ac_corrected_summary.json,222289,7c0487d1c4bd8b350fab9ca1448cab3a9dd44a5c2ffa4bbeb66078b28b586074
data/reference/revision_v37/experiments/ac_final/2020-04-07.json,107037,18665664f9f61b8a08e0c3a82f924959a12caeb6ac15e789a7c50fa10286523b
data/reference/revision_v37/experiments/ac_final/2020-10-17.json,106818,f5411399f035c211b6c838cc3b22006b36f5cceac2a06dfd9b9d80f3a69342c6
data/reference/revision_v37/experiments/ac_final/2020-11-29.json,107716,181616e9ff14e1e12b2c068fd844915061c47b2fbc2f0bb38e3f22a1038cd1ca
data/reference/revision_v37/experiments/ac_final_summary.json,321565,fd345af8f02b3670547412ddd32bdd437d8ecf52f414783c9b4491503cab0406
data/reference/revision_v37/experiments/ac_source_equipment/2020-04-07.json,108432,a83b1a6debf69a28eefbde7978d9984b60ea51aedac1cff32573152c7bb66966
data/reference/revision_v37/experiments/ac_source_equipment/2020-10-17.json,108751,37b980eaa56dc06147aaaa714a5bcb1dfdec9e31dc7c5b75521361ad18e95c2c
data/reference/revision_v37/experiments/ac_source_equipment/2020-11-29.json,109220,6227cc5d7b5996ec50a3af32abce18e2edb200a05f5fcf47f9e4cb5201c471e9
data/reference/revision_v37/experiments/ac_source_equipment_summary.json,326397,6718549cc9eea9bc8755ca31dc4a3908a034f12fafe754da0787e79296bacf67
data/reference/revision_v37/experiments/ac_summary.json,307442,1aa9407795a9594562b3125dc0bf90904f8085ffb3532f6654239a206dc4a877
data/reference/revision_v37/experiments/baseline_hashes.json,2893,29949704ec801ea5269679d4f3d987cde0286fe927601b4ac7e74f43a5c2df4c
data/reference/revision_v37/experiments/dense_grid_protocol.json,274,ec8004d33f1467a8826e5868cb2523def5a7d6d58265a344cd3e685468a4f0ee
data/reference/revision_v37/experiments/dpp_benchmark.json,4619,7f44c018b93e8fea8e44bfe0234629290017222ef7571d7f0c13979ccf200722
data/reference/revision_v37/experiments/dpp_benchmark_failed_search.json,13296,539e05532e40d04227e4bb931a2df6747497ede1a6c805fa6d0742be9c5f7e9b
data/reference/revision_v37/experiments/final_evidence_summary.json,1353571,92efa35a376b840db2f044143225ba70353eb508b31d95e42a6e25b3cb0d6e7f
data/reference/revision_v37/experiments/numerical_retry_protocol.json,655,70db2930cd1264e73a771dbd03e6d7c0c06eb1ae287de6c7494aea6a80dfaa69
data/reference/revision_v37/experiments/oos/2020-04-07/draws.json,11321,3d9ce001bf24e194026ad85f80cac31cc8aeac6dece01881d3318d19d9b69fd8
data/reference/revision_v37/experiments/oos/2020-04-07/first_stage.json,499,2079157607ec0eddbd34b8f1d47d539c9be724e5a7a5803a018f61fe91cef94c
data/reference/revision_v37/experiments/oos/2020-04-07/in_sample_000.json,8186,4cffaecb45b2fa9a4e086b77388b45dd961db3b5b735f57e051b7e6c5ce7cc73
data/reference/revision_v37/experiments/oos/2020-04-07/in_sample_001.json,8563,1637a3cc834265b5685c55a4a72dca27d2943d1d470689b763c28f4ed85dbdd6
data/reference/revision_v37/experiments/oos/2020-04-07/in_sample_002.json,7030,2f88977938e14c46b5d795984372fdd49f5c6a73608f07b9e6efdf09dd9d5320
data/reference/revision_v37/experiments/oos/2020-04-07/in_sample_003.json,10850,a7cd472656719f21ccf56323cfc2fcab3f473307f1f7018bdfb77d8e65531b74
data/reference/revision_v37/experiments/oos/2020-04-07/in_sample_004.json,6996,4fec4c60add2f6a5782b08f44cdf2e0802bf2f6987d1c66a713b71242f276cbe
data/reference/revision_v37/experiments/oos/2020-04-07/modes.json,3540,f519cd886f507d5be437c6116afe97670f20001df907e451505cb4b410957473
data/reference/revision_v37/experiments/oos/2020-04-07/search_protocol.json,612,36cf64d62abae3a841a26da454d2d69ae3edf9265150a2fe9f5e790d27a8dcce
data/reference/revision_v37/experiments/oos/2020-10-17/draws.json,11437,89103d890a163d970eb7608c0b472f6c70f67cc8feb0ab2ae55ed3902b6096c4
data/reference/revision_v37/experiments/oos/2020-10-17/first_stage.json,504,6d69ebd1b0e426147da1a87e1fdf87849b7c2780dba03f3cddb5d33aaadef3f9
data/reference/revision_v37/experiments/oos/2020-10-17/in_sample_000.json,10632,226323fa73bb7a3a6dd0d639ead9c97f53e9b0092d13209fff133204fb640cd1
data/reference/revision_v37/experiments/oos/2020-10-17/in_sample_001.json,7079,d383acb86bdb90ecf80e2ebd1adf451db505688ec142b4865d76efb413afbe8e
data/reference/revision_v37/experiments/oos/2020-10-17/in_sample_002.json,7911,223f48311a2970b628ce89a3809672d950152747077a858e69972e38f0382e18
data/reference/revision_v37/experiments/oos/2020-10-17/in_sample_003.json,7076,89712c3d2dbefcbbce4181de9dc82d12cd1f6d46327b7d6894dd74b1daa22b8d
data/reference/revision_v37/experiments/oos/2020-10-17/in_sample_004.json,10131,845ed3d6efd9dd3f7e68255c918ae8724481119d57ef2696ef4dcb11dd11ad68
data/reference/revision_v37/experiments/oos/2020-10-17/modes.json,3148,1cf54476f50af71485b70e3e25a76e337e985b177789330a1c24a09f2aaa56c8
data/reference/revision_v37/experiments/oos/2020-10-17/search_protocol.json,612,36cf64d62abae3a841a26da454d2d69ae3edf9265150a2fe9f5e790d27a8dcce
data/reference/revision_v37/experiments/oos/2020-11-29/draws.json,11437,f3b283551e68defcf32fdab7fd2dd64692a16bb9573253f662ef7924976dee66
data/reference/revision_v37/experiments/oos/2020-11-29/first_stage.json,506,57edc76201dcc35c16225c98820eeac3ae39d485d46e9b1e4d9b9ce5133131ce
data/reference/revision_v37/experiments/oos/2020-11-29/held_out_000.json,6265,313aa49326a30b598e0e85c12784d83ca57513a56df5dcb513d1d8f090ce2f71
data/reference/revision_v37/experiments/oos/2020-11-29/in_sample_000.json,7801,32e62bb4d588ea0bb6e9a55d91e58a9a5a8535f0d2616af244c3f9ebb53e7901
data/reference/revision_v37/experiments/oos/2020-11-29/in_sample_001.json,10043,81d0289d73329dee515cc7fdb32c299db80ef7f9cd2705f2216b8083e3d04119
data/reference/revision_v37/experiments/oos/2020-11-29/in_sample_002.json,8519,533d97c65572c6b4711a1150ed289c3869c65cda9adca5bd5d8510c7458ce6e0
data/reference/revision_v37/experiments/oos/2020-11-29/in_sample_003.json,7790,104b2031971b5b8b1487f8ce10900228c79c89dfc0e085939811b54d159ba812
data/reference/revision_v37/experiments/oos/2020-11-29/in_sample_004.json,8548,900b103e759928e5915e43c16fb35f0ccaa92ffbececfeca0d90726a7303edc0
data/reference/revision_v37/experiments/oos/2020-11-29/modes.json,1252,0b1d26d7a8fc6e708309292f5d246814123ba08a7c0af39eb447e2c32b1190b8
data/reference/revision_v37/experiments/oos/2020-11-29/search_protocol.json,612,36cf64d62abae3a841a26da454d2d69ae3edf9265150a2fe9f5e790d27a8dcce
data/reference/revision_v37/experiments/oos_cold_solver/2020-04-07/draws.json,11321,3d9ce001bf24e194026ad85f80cac31cc8aeac6dece01881d3318d19d9b69fd8
data/reference/revision_v37/experiments/oos_cold_solver/2020-04-07/first_stage.json,499,2079157607ec0eddbd34b8f1d47d539c9be724e5a7a5803a018f61fe91cef94c
data/reference/revision_v37/experiments/oos_cold_solver/2020-04-07/in_sample_000.json,8190,25b57146221ecad95541b1c3b9cb0eafd685da6c4cf534bde406a9100edab76f
data/reference/revision_v37/experiments/oos_cold_solver/2020-04-07/in_sample_001.json,12161,2c050f9a88ae74811dced169a47400caa410ebbb7344d06f42bb760d1a69f7fd
data/reference/revision_v37/experiments/oos_cold_solver/2020-04-07/modes.json,3540,f519cd886f507d5be437c6116afe97670f20001df907e451505cb4b410957473
data/reference/revision_v37/experiments/oos_cold_solver/2020-04-07/search_protocol.json,612,36cf64d62abae3a841a26da454d2d69ae3edf9265150a2fe9f5e790d27a8dcce
data/reference/revision_v37/experiments/oos_final/2020-04-07/draws.json,11321,3d9ce001bf24e194026ad85f80cac31cc8aeac6dece01881d3318d19d9b69fd8
data/reference/revision_v37/experiments/oos_final/2020-04-07/first_stage.json,499,2079157607ec0eddbd34b8f1d47d539c9be724e5a7a5803a018f61fe91cef94c
data/reference/revision_v37/experiments/oos_final/2020-04-07/held_out_000.json,10649,6179e09af0b001a8e1f1e185456392e05d9cd02bf9512c6a3a04503c2a7e2108
data/reference/revision_v37/experiments/oos_final/2020-04-07/held_out_001.json,12901,c926869020543f1e148b17136743375a2fc654701ce5af91a4b196a184be6ec1
data/reference/revision_v37/experiments/oos_final/2020-04-07/held_out_002.json,14329,02f3a9fd4c16aa18da8f193c684be7894699bbfa348e08fc904bd5a4e8fb9c48
data/reference/revision_v37/experiments/oos_final/2020-04-07/held_out_003.json,14542,0b31f4f4c6716dd2a704fc1b72074b2a118f1e614236cd09393dc36a555e092b
data/reference/revision_v37/experiments/oos_final/2020-04-07/held_out_004.json,15224,5379a3f7387988196bfffce23db52821ac3ce64d5977cd267c21c7bc588a6b71
data/reference/revision_v37/experiments/oos_final/2020-04-07/held_out_005.json,11199,e614af90120901981d455afaf12c6fd9c3e122d5d325bf03f53c52d91818c2a6
data/reference/revision_v37/experiments/oos_final/2020-04-07/held_out_006.json,9711,92f2b7e9c0f2b5d34b34b1b2cb7addfea61e88fbe77c6d78d6a01ec5ccb64d63
data/reference/revision_v37/experiments/oos_final/2020-04-07/held_out_007.json,14565,a91dd307e0093be9c681e6cbb04ebea400a92a8f59231a1e4c7b5ce4641cce6e
data/reference/revision_v37/experiments/oos_final/2020-04-07/held_out_008.json,8068,73921c1eb5351a649dc5c1715c362e6e52e5acc028a136a826d239e911116a07
data/reference/revision_v37/experiments/oos_final/2020-04-07/held_out_009.json,15164,34b19eb0eb7923788959bd7ffdef736f5f62ca451d909dbafbca809c0e9c795d
data/reference/revision_v37/experiments/oos_final/2020-04-07/held_out_010.json,12041,afd90c4575c88119b5aae5252e20da122382606700314ed53b212ecc72aec08e
data/reference/revision_v37/experiments/oos_final/2020-04-07/held_out_011.json,12055,df7b9b3a09861deba1afe99865af70a12991288656c36a2a305e3fb5e38330d9
data/reference/revision_v37/experiments/oos_final/2020-04-07/in_sample_000.json,5424,96fb2afa4d221506fb3b9c0e5e02e582eb291d529c6618e839959d3516a2af42
data/reference/revision_v37/experiments/oos_final/2020-04-07/in_sample_001.json,9624,1f55c3c098df58f1bedfc9857fc6540d61fdbafbb191785a8b1bec53a0c3dde2
data/reference/revision_v37/experiments/oos_final/2020-04-07/in_sample_002.json,9613,7051519ffde3c22b7f2b8c9c92bdd6e1e32b57d28c16f61c7cd9b66b2bbcebb2
data/reference/revision_v37/experiments/oos_final/2020-04-07/in_sample_003.json,9597,75c08922ab684f399f2a44ee352804d974b46373a9b4a58d87981fda8146dc5c
data/reference/revision_v37/experiments/oos_final/2020-04-07/in_sample_004.json,9631,396513f4da304e4c21537a7b93e8f5e9fdc139f5dc9c9178bb93eb083635228e
data/reference/revision_v37/experiments/oos_final/2020-04-07/modes.json,3540,f519cd886f507d5be437c6116afe97670f20001df907e451505cb4b410957473
data/reference/revision_v37/experiments/oos_final/2020-04-07/pressure_000.json,7910,1bd97a8164f26fba00f8e53e6afc47d36b7d861005e6126c58b16d7e9633e5bf
data/reference/revision_v37/experiments/oos_final/2020-04-07/pressure_001.json,14158,37d0d656c081763b99415a7163612063601cf6ce225cea017df091498d57c979
data/reference/revision_v37/experiments/oos_final/2020-04-07/pressure_002.json,11156,850422e1151e5479b63b7a0d9556f692559008e555c831ffab0d9dfbe12747ed
data/reference/revision_v37/experiments/oos_final/2020-04-07/pressure_003.json,11228,05b611dd21487361167d9bb8550ba6a28c8279d2161914ef87bb10ba4113e75a
data/reference/revision_v37/experiments/oos_final/2020-04-07/pressure_004.json,10910,7e1d2e8718f34a73ef7537bb6845a363785d4ded1648b6f72cb3b8200d9d42dd
data/reference/revision_v37/experiments/oos_final/2020-04-07/pressure_005.json,12410,14c4012eaf50f45d03dafc16aff6b5d7202f666715600dab3d3c1e1acfde241c
data/reference/revision_v37/experiments/oos_final/2020-04-07/pressure_006.json,10918,2d435b5bd9ce8173e79c780de39883a9bb67c36131969f08c3aac486761ff826
data/reference/revision_v37/experiments/oos_final/2020-04-07/pressure_007.json,10920,1f01e3e7c9a4c811f53e7a71b111170150c270c1f1a423b96a615be3d340e80a
data/reference/revision_v37/experiments/oos_final/2020-04-07/pressure_008.json,10915,0c53a5a1525d014e670b2403e4efdf87c456f8880692b0066fbedf46e5e0879c
data/reference/revision_v37/experiments/oos_final/2020-04-07/pressure_009.json,11221,647b0f29e2f52cf2501b10c9ed5472c7921cd4e368a5f45888b8cfd5f4a79f9d
data/reference/revision_v37/experiments/oos_final/2020-04-07/pressure_010.json,10988,1e738e5d22e22463902f6e07cd8c0be0a839afe957b6712b5428c158acb944fa
data/reference/revision_v37/experiments/oos_final/2020-04-07/pressure_011.json,17558,bbc4deefdb0a0e6d5f6406d0484ce689ddb69d48f141628dc7fc60af0b741272
data/reference/revision_v37/experiments/oos_final/2020-04-07/pressure_012.json,10990,5efc240daf0b3a24378b2f40d97de7834354e162617811f39f99cbad6dce73e7
data/reference/revision_v37/experiments/oos_final/2020-04-07/pressure_013.json,11151,34adef9ed97b689501cc0d26c81cbfb982923cf09dfe618599ff1c8229a686ce
data/reference/revision_v37/experiments/oos_final/2020-04-07/pressure_014.json,11895,761996034f8b802f7fb2706424c0dc9c7492b088e3a9d3f6bbbd750c4b272e17
data/reference/revision_v37/experiments/oos_final/2020-04-07/pressure_015.json,14209,a573892cb27ddd4a998c47ad912262f46e125460c3966e556ef0bfd13d0b91e0
data/reference/revision_v37/experiments/oos_final/2020-04-07/pressure_016.json,10916,338523bd5f1480b2d99b9c897ce2f4caf91945418bd6eef6154ca0338616e307
data/reference/revision_v37/experiments/oos_final/2020-04-07/pressure_017.json,11135,e5d16dcbfbfa06c597d209b8a5893d09393364c6b86e8421e5f52784c80912bf
data/reference/revision_v37/experiments/oos_final/2020-04-07/pressure_018.json,10889,0e7d9aa145f7cf7688a41fdd290a9292996c5ee9b626d8c740e246eaef6363c6
data/reference/revision_v37/experiments/oos_final/2020-04-07/pressure_019.json,10922,50c7237d9bc35e47d12c4d39789236d61eb91c296acb2566bd3b23a3452f0a55
data/reference/revision_v37/experiments/oos_final/2020-04-07/pressure_020.json,8574,586aae502e76367d2a3dd953e8974a2b6da60c8dc470bc7a35e3011493fca55e
data/reference/revision_v37/experiments/oos_final/2020-04-07/pressure_021.json,10947,80b24b6bc58824f628ce23ac739f343a9e2bf8f6e02edc057cb92eb572163b62
data/reference/revision_v37/experiments/oos_final/2020-04-07/pressure_022.json,11208,69e2505b8f6fd75ba2bf8088d116b16549f1441070fa7d9869c117c3fc5ed6c3
data/reference/revision_v37/experiments/oos_final/2020-04-07/pressure_023.json,11245,37cff33f15d2c1d4c8032879b1b874931cf817ea75b8255b7207a2b97e88cc20
data/reference/revision_v37/experiments/oos_final/2020-04-07/pressure_024.json,11054,7651d6227b9f4f41764da5b74f5f8c493afe0a30f197b0b73261f0731eea82dd
data/reference/revision_v37/experiments/oos_final/2020-04-07/pressure_025.json,9515,e7a4497b907d0a177c120ab8dfc76ea6cbfb7a8d083bd5925e3342ec3dbe9824
data/reference/revision_v37/experiments/oos_final/2020-04-07/pressure_026.json,11218,4a2916c5eb2938d874c5126c76a9233190f5b414537ed58d368dbe1d7b6f2bea
data/reference/revision_v37/experiments/oos_final/2020-04-07/pressure_027.json,13292,9b037c9a4bd8c436938e8ddad002e7151380eba2e1e91579d5434f2e51e87546
data/reference/revision_v37/experiments/oos_final/2020-04-07/pressure_028.json,7775,5c7291abb6357c80c4eff160245353ce772641f251baa65388fa32cc6a0c91bf
data/reference/revision_v37/experiments/oos_final/2020-04-07/pressure_029.json,11037,8c8c5b2a45ea9d8b6a0d3aa0024bd7b3264f7cc433df9fef6d8a8fe1cb40beb6
data/reference/revision_v37/experiments/oos_final/2020-04-07/pressure_030.json,10996,289ba0a9ad8257f7b2a54aadf2477dd001058a752805b2546b8d3d2e002950eb
data/reference/revision_v37/experiments/oos_final/2020-04-07/pressure_031.json,10903,35f6594724e82552b87f02844f25207802b10d1031aca9a4f08de6ec065ace7d
data/reference/revision_v37/experiments/oos_final/2020-04-07/pressure_032.json,11185,b3aff3a30669dfcc3d6eb54476e0d02791da79b04db5b2bd3cb394503c3adc6e
data/reference/revision_v37/experiments/oos_final/2020-04-07/pressure_033.json,10856,58eb81a8b67c77e53d2a50b23cdb9453e083df88aeaf3b9f3a1c4786bd77a23c
data/reference/revision_v37/experiments/oos_final/2020-04-07/pressure_034.json,11007,7f324436958bc568009d22e0f1a995a98b1564a23585f7ae64e95348fc9b8c8b
data/reference/revision_v37/experiments/oos_final/2020-04-07/pressure_035.json,10856,f688702525b4490e6fc04ef0dc357f685f929d2a06a1780e6f27d960e96de12e
data/reference/revision_v37/experiments/oos_final/2020-04-07/pressure_036.json,11768,867090b0cdcea006f04436f89d6d13feae229ab1e649e86d87950f34962e10ba
data/reference/revision_v37/experiments/oos_final/2020-04-07/pressure_037.json,17545,cbccf7e5f287c75a87eee0e82c0be1a0924a081ff8699ca558e44a4b04fd5d74
data/reference/revision_v37/experiments/oos_final/2020-04-07/pressure_038.json,11958,3505c3d71115550b2d778c9e111ea87901b69318043bab02cd31d3a1cac9c575
data/reference/revision_v37/experiments/oos_final/2020-04-07/pressure_039.json,10955,3f212186a86ebf6dcb56060f6acff96c9826f16010c71f3a6c6c7ba5c6e68608
data/reference/revision_v37/experiments/oos_final/2020-04-07/pressure_040.json,10959,d0973c715a5bc0c2d09c1817f48932d0c457f9db4f91d9da6afcaedfa1dd7814
data/reference/revision_v37/experiments/oos_final/2020-04-07/pressure_041.json,10944,0c03a0ecba294f4f4bdd011cba17387b4155eb3691f8d4b78975d5626d70c2f1
data/reference/revision_v37/experiments/oos_final/2020-04-07/pressure_042.json,17259,72a450aa3f7efc66a01e91c74ff3280f2493501d36fd8ceba6120bdd5adaf446
data/reference/revision_v37/experiments/oos_final/2020-04-07/pressure_043.json,10924,83f6ce2f91ffc5bfeb4eeddf484bc2087aa45210ba03662a84ce7cb00304eca1
data/reference/revision_v37/experiments/oos_final/2020-04-07/pressure_044.json,11011,18ecd85433126d79f0204fedf18fc0951ff0f709f43846173655dae10ff348c7
data/reference/revision_v37/experiments/oos_final/2020-04-07/pressure_045.json,11182,d89a00c3875737004693d46be6735a0eaa41e4262870fc41dd5da14123e5850b
data/reference/revision_v37/experiments/oos_final/2020-04-07/pressure_046.json,11190,388a451391ef8eece3d4eacec418e5e2da824d660d5e72d7a31220afeb456ba5
data/reference/revision_v37/experiments/oos_final/2020-04-07/pressure_047.json,10970,4792a98b55a1bb09557da9fb7b45e9eb2888ee7f614c989b122c4e132ae0912c
data/reference/revision_v37/experiments/oos_final/2020-04-07/pressure_048.json,10926,e00bf049981a3a0caa5b847af163cf8d23b54fefb85eb888ae68cc57d6bad81a
data/reference/revision_v37/experiments/oos_final/2020-04-07/pressure_049.json,11706,4ed81b5c3a86e9e57da94c5f1f366978bcd1e9511766c4cde9e8cd9fd6682615
data/reference/revision_v37/experiments/oos_final/2020-04-07/pressure_050.json,12690,d2f943b386ee3a19e58a00e81a40a64fa98580ffe2f0ec8042f16884ee0cd818
data/reference/revision_v37/experiments/oos_final/2020-04-07/pressure_051.json,13325,0db0aecf737d631e71f05fd60b9ffc5c460b8fb3ecef390aab781e10c0bf58e7
data/reference/revision_v37/experiments/oos_final/2020-04-07/pressure_052.json,13355,dee52fdf6cb60f3509e3937812fe0939736ab4bf937b5590bbc3d27a9e68c736
data/reference/revision_v37/experiments/oos_final/2020-04-07/pressure_053.json,11018,3871df36a8100982236271f6ac1cc4b56a7d281cd61e4e1b248f61db4d97e320
data/reference/revision_v37/experiments/oos_final/2020-04-07/pressure_054.json,11176,0c7bf4279c4ee969f1bee477b235ac8aae08beb6d8a9b6d28e3866a4a6454a29
data/reference/revision_v37/experiments/oos_final/2020-04-07/pressure_055.json,11229,0c7ce660cfe1abf93709b7e99f5a64aec4cc34ccc63338146debbe563d76fa0a
data/reference/revision_v37/experiments/oos_final/2020-04-07/pressure_056.json,8878,fd0ccc185465ad3895a88969e1e78e010883c60274d7bdd39524d01054712087
data/reference/revision_v37/experiments/oos_final/2020-04-07/pressure_057.json,10919,56db64e4f7e219fbd1e1a92b99824f5c1dc671474dabe8e52efb875b96f362e5
data/reference/revision_v37/experiments/oos_final/2020-04-07/pressure_058.json,10994,467b064febb9d27eb398efe9a7e6e56c89ecbf38371ab45a0d1366d5188b3780
data/reference/revision_v37/experiments/oos_final/2020-04-07/pressure_059.json,10970,4918d05c54a5cb852356ac4e487b5b74bc79dad4c7a97ae03b889f3b0af1d385
data/reference/revision_v37/experiments/oos_final/2020-04-07/pressure_060.json,11065,51ee9feb91157929a8c790f3dfc43d4778c9ce81d3a4ef9e91f1fec94db220b1
data/reference/revision_v37/experiments/oos_final/2020-04-07/pressure_061.json,10893,7dce62deac47db5d31e52ff1019764177ae44de3f3838525eca497f0398ade7f
data/reference/revision_v37/experiments/oos_final/2020-04-07/pressure_062.json,7809,567d7f4c4a79649ab7aca6f5c86df7f16c00aebfc4d42b1f7c3839811688e681
data/reference/revision_v37/experiments/oos_final/2020-04-07/pressure_063.json,7812,c1fad3ba90941c6ced140b84b1af1c52ab74b4e08f3b23e876f62d3c6ad00353
data/reference/revision_v37/experiments/oos_final/2020-04-07/pressure_064.json,10952,40eb0fd738b534f4b61fa4224c16989e4e4509df78b95bc1bc9cc066b8a6d87e
data/reference/revision_v37/experiments/oos_final/2020-04-07/pressure_065.json,10888,9eb79761dc56d1ff51eabef93cb9128e30aa482e7c285756c18662e834490fbd
data/reference/revision_v37/experiments/oos_final/2020-04-07/pressure_066.json,10928,850144768bde2c6ef42c999a61f64fd21e34f89f65964261cee72bf7742e1ccb
data/reference/revision_v37/experiments/oos_final/2020-04-07/pressure_067.json,11852,509f7df13be3e312d6eda6f8d3a4092d6e9b21673194ca6095a90d97c2b6eb5f
data/reference/revision_v37/experiments/oos_final/2020-04-07/pressure_068.json,14098,1562d6d460e26efc5e06429e10cc308e31097ef5e7d469dd68d1461e873d41d1
data/reference/revision_v37/experiments/oos_final/2020-04-07/pressure_069.json,10914,d2c520193856c81472f18a268761dd8d31316b206cb17a0eb53ce55e253fe930
data/reference/revision_v37/experiments/oos_final/2020-04-07/pressure_070.json,10985,81d5cda46aeba6aca66e88fcecd8ba7fbabe6770090f3e01748054ca7d52868f
data/reference/revision_v37/experiments/oos_final/2020-04-07/pressure_071.json,11284,35c3561bb8aec0d3562adf34e040bdc1aae47bf8beed6b9f551421a78d0f9b2f
data/reference/revision_v37/experiments/oos_final/2020-04-07/pressure_072.json,10869,1743cc6edda474db5eb36e615aed1725e326f91334945751f19cfc1cf779317d
data/reference/revision_v37/experiments/oos_final/2020-04-07/pressure_073.json,11137,9ef0b10262b86569095c100795ee6a6d5174078fcb2428610418e0e0f8e9f7e8
data/reference/revision_v37/experiments/oos_final/2020-04-07/pressure_074.json,11041,6ed18bbc8d5417a29ab3bb94453aac62f34ec33778a6c3248e78a7d939297cd8
data/reference/revision_v37/experiments/oos_final/2020-04-07/pressure_075.json,10904,eadef0f5f01c18ed3f9bbe73c3cd33d41ab4a6ac45ffaba1a2d5289937b26892
data/reference/revision_v37/experiments/oos_final/2020-04-07/pressure_076.json,17291,2832d22c3392d6566a5d54842bd7d27daff81a01b4c150163545a296f857621d
data/reference/revision_v37/experiments/oos_final/2020-04-07/pressure_077.json,17206,ffc61f619eb18050715531d83a879874f29c3a8c5b3dcf346aa9a6016f11edbd
data/reference/revision_v37/experiments/oos_final/2020-04-07/pressure_078.json,17605,b92393d5d10414ec639fe0a9de479fcad605baf23574cc624429283ffc0e9428
data/reference/revision_v37/experiments/oos_final/2020-04-07/pressure_079.json,10927,e4fd2ffe91ed7b38b067a56d664e6b193444a5b4c9b5d27b10b1a76aaa202e0e
data/reference/revision_v37/experiments/oos_final/2020-04-07/pressure_080.json,11767,45a583509a320f7e9683200284f4ed609f14548a21ddc7507d9d772efe281021
data/reference/revision_v37/experiments/oos_final/2020-04-07/pressure_081.json,14111,abd40d8c897dd64fe25d007699830acb5f9a03eb9344a2acd20098786ab493fd
data/reference/revision_v37/experiments/oos_final/2020-04-07/pressure_082.json,10967,c842a43070302bee1cbc25fe101cf45900fb8d20327df895d09fe9728feac0b0
data/reference/revision_v37/experiments/oos_final/2020-04-07/pressure_083.json,10950,d72c6dd9ce2ebb15ff2f89ae0a44a5566e6b9cc9ef6899ad9b9085c8cae7c536
data/reference/revision_v37/experiments/oos_final/2020-04-07/pressure_084.json,10934,fe9380725a5366df4412f0dcdc57f1324d2fad3f541229eefb9c4cbed75a513d
data/reference/revision_v37/experiments/oos_final/2020-04-07/pressure_085.json,10879,caba4bf37ff99c1ba71136040384814a8a579c844b4a89382ce30e9613b3a741
data/reference/revision_v37/experiments/oos_final/2020-04-07/pressure_086.json,11206,85fb572d33945fbabfb287453328d5d242acc84a7536f387d648e35eb14b6df0
data/reference/revision_v37/experiments/oos_final/2020-04-07/pressure_087.json,10959,288262e7b334d3bffafe366874ff5280cea4a699b674f6245a6358e4adc72c45
data/reference/revision_v37/experiments/oos_final/2020-04-07/pressure_088.json,10923,1dc2e26f4c0961605dd60e8ad9e043701c0f1e2086a7a2648c862c6812035fd5
data/reference/revision_v37/experiments/oos_final/2020-04-07/pressure_089.json,12063,7f6cfa89b8842ac04677c67ae8db3a0c182bea12f761f7d300967e6b8beeef58
data/reference/revision_v37/experiments/oos_final/2020-04-07/pressure_090.json,10292,05d75c8412d81872bc74b093f3f300b0078c50e7d6e254b7d0eb1c9e81b96688
data/reference/revision_v37/experiments/oos_final/2020-04-07/pressure_091.json,11758,281f9afa969e25a743944374e2965abde8f9b3149668f9db157253f74a71c98b
data/reference/revision_v37/experiments/oos_final/2020-04-07/pressure_092.json,10916,a7d8a6300590efa306e870b9d25fd69d567b53bc673bbf6deb43f05fc77eb7ce
data/reference/revision_v37/experiments/oos_final/2020-04-07/pressure_093.json,12027,b5a35a5586a09ccbe67ed7daaa77c6561953b8bb4b6275aa2a432d0ab2c2d4e7
data/reference/revision_v37/experiments/oos_final/2020-04-07/pressure_094.json,7727,afe9e6bf399858c2794be0c8a2286738c11502df9f6c46911081112967ffa6b6
data/reference/revision_v37/experiments/oos_final/2020-04-07/pressure_095.json,10929,2c5666ebb39d982c37bc5722e9f2c73c0076276e6a3200d1035814401906219b
data/reference/revision_v37/experiments/oos_final/2020-04-07/pressure_096.json,5645,e152fdc773fac3ddcf87e2d8053a04eb495183aa5c8091d449f4d95b60c5c964
data/reference/revision_v37/experiments/oos_final/2020-04-07/pressure_097.json,11232,fe30cbe499fd4484b22952d41ba75171008c90396d332ec4e08ca56a284fa5a1
data/reference/revision_v37/experiments/oos_final/2020-04-07/pressure_098.json,17214,2346e9effd74b9b8aeb80f00df2da0e4f80138ea9454b6c207063bf2dd08eeca
data/reference/revision_v37/experiments/oos_final/2020-04-07/pressure_099.json,10930,4370a337bdbebb172a99612de914a76ad0267386e6a9875e4de2b3f52b0e169d
data/reference/revision_v37/experiments/oos_final/2020-04-07/pressure_100.json,8569,bbabe3fe123e47253c0dc6923bc93650fb47baba5b39a0cf79a7a0f24deca05a
data/reference/revision_v37/experiments/oos_final/2020-04-07/pressure_101.json,11091,ce544b319d1ef6ff939644cf2675eeeb320931a747357a0e8d495a86d998f720
data/reference/revision_v37/experiments/oos_final/2020-04-07/pressure_102.json,10908,eb20adff0bf8632291543482b7edd6f83be3134983854f587b75b33c1f64ed87
data/reference/revision_v37/experiments/oos_final/2020-04-07/pressure_103.json,10896,c7c74e050e5ddc8619727dcada2d72d67cd7b40bf7678f3ebd230f95897c1c2a
data/reference/revision_v37/experiments/oos_final/2020-04-07/pressure_104.json,11854,9bf37119979ba052f6060421c79196cdc3e5de2c2477334b98336a35a0b3b475
data/reference/revision_v37/experiments/oos_final/2020-04-07/pressure_105.json,11694,7826246bec44139b7eed786311133e1afc7e41b834686e0dbfcd7c422975f84f
data/reference/revision_v37/experiments/oos_final/2020-04-07/pressure_106.json,10971,e08a8906647ec0a9e4964da95b6a5b0353af95b9612bc831a2a280692a4b059b
data/reference/revision_v37/experiments/oos_final/2020-04-07/pressure_107.json,10975,303f42b594b22b4a16c5b8cce414804eb7b701705feea438ce58619de456f3b4
data/reference/revision_v37/experiments/oos_final/2020-04-07/pressure_108.json,11787,41829b49b0ff800070840e81fe3598675dd36f6bc13cd68476523d15e1b6b91a
data/reference/revision_v37/experiments/oos_final/2020-04-07/pressure_109.json,10806,ba024b769aa5983de243e26156fc3bfb96a3dc97e9d6c2806e30f348e5da46c8
data/reference/revision_v37/experiments/oos_final/2020-04-07/pressure_110.json,7796,6c768c8333d5a0cc79e508c1b4d2deb36506b8f04aa44cf782465aa3682f50bd
data/reference/revision_v37/experiments/oos_final/2020-04-07/pressure_111.json,11724,70c279630169abf4d0f89707f8f47a6ed74f391dd85179da5a87cfed20a8103a
data/reference/revision_v37/experiments/oos_final/2020-04-07/pressure_112.json,11142,bc3ed8f7a7477d37f6ad0a568512549fc94b6b23cdd9b26a6f4cf135d43b7673
data/reference/revision_v37/experiments/oos_final/2020-04-07/pressure_113.json,10830,984f9c8fd582eaf4a797efe131b0cf1127bbb6cd965203b55fff5cdc3d644fc2
data/reference/revision_v37/experiments/oos_final/2020-04-07/pressure_114.json,11090,84cbf23b01ca2a64c2b7a37e9ce9523c863844ff91ad2b2d08211ed213bc71a5
data/reference/revision_v37/experiments/oos_final/2020-04-07/pressure_115.json,11094,03eb1a78215f29cb58b9c83d481bcc1b0f2e3aacdb29ea1e4173162ac9cfa5d0
data/reference/revision_v37/experiments/oos_final/2020-04-07/pressure_116.json,10896,8a8128c9899ecf6ef7aeb47376758b3b4ccbf184c3a2675a6f82c842eefb8c3a
data/reference/revision_v37/experiments/oos_final/2020-04-07/pressure_117.json,7810,af6997f7a59da7ff9034103802db404005ded106b036ec9558d75814ef54cb46
data/reference/revision_v37/experiments/oos_final/2020-04-07/pressure_118.json,10947,8c8ee8c114127d6d871aa6a142d04d91d487992ae6ed6c2998ee8139c773caad
data/reference/revision_v37/experiments/oos_final/2020-04-07/pressure_119.json,10936,5690d8a1339558cbf32c7d8c4a7b8e5ddbc47875c036800d5b893561f69e9496
data/reference/revision_v37/experiments/oos_final/2020-04-07/pressure_120.json,7948,215a7760122df5312ebc7140a8549e8534e821757da5713d91622e8476f04ebd
data/reference/revision_v37/experiments/oos_final/2020-04-07/pressure_121.json,14457,8c47a6152d7672bef61fb3a2d6f443746277e444428c45fca41e59f491d44f98
data/reference/revision_v37/experiments/oos_final/2020-04-07/pressure_122.json,10938,dfb70143c4e881dad1450ae42b62413c547b7da35fcb91132d38c5c9b4ff6582
data/reference/revision_v37/experiments/oos_final/2020-04-07/pressure_123.json,17298,eed3992d77e5ce4c47db0175abd204d309c36b89ab94cce108ab0760302e55da
data/reference/revision_v37/experiments/oos_final/2020-04-07/pressure_124.json,17117,d64ed58c9001b19d8416fab72eeef4eaa0ba72ac7c28c0513f1508653abba124
data/reference/revision_v37/experiments/oos_final/2020-04-07/pressure_125.json,10915,0140d57acd4d0eab37c8460f95d7e34bd878f8ac2d1dbd31627909b0318a6c0b
data/reference/revision_v37/experiments/oos_final/2020-04-07/pressure_126.json,10932,9e8c024d935f197aa7637a1b6e84cf50e5f37c45604527b01d05f52bd99d18ea
data/reference/revision_v37/experiments/oos_final/2020-04-07/pressure_127.json,10892,b7ae448cc009809218669d8047e86302a854084e7dba7fa4a85570e1ca5c1c85
data/reference/revision_v37/experiments/oos_final/2020-04-07/pressure_128.json,10913,e50a9c1bca0084f4c75be178bb1566df7270d7e11e50046ce24058012f7eb3f7
data/reference/revision_v37/experiments/oos_final/2020-04-07/pressure_129.json,11143,80260193622eb80357c4ac305a59288c989e01cf2d15e0b335cffd277a68367f
data/reference/revision_v37/experiments/oos_final/2020-04-07/pressure_130.json,11076,325ff2d6ef8e13ebbde4ae284a8271bf69d6a10b5fc2c8e481052bc9ab92cd98
data/reference/revision_v37/experiments/oos_final/2020-04-07/pressure_131.json,11026,4addd64aad218b2d23cee9f48085319ffac69881df17d4421d82a5c2de5b6855
data/reference/revision_v37/experiments/oos_final/2020-04-07/pressure_132.json,17224,5ac9fa5300edc6ee419b8459a27654ad8ba03f56a7b792537661eae6c272e0b0
data/reference/revision_v37/experiments/oos_final/2020-04-07/pressure_133.json,17255,38ed70b7f90310e3f82cc44aaa5491fef159fd95c3b83a46e0877305b65ac6bb
data/reference/revision_v37/experiments/oos_final/2020-04-07/pressure_134.json,11091,61caa2669877c7131e581382d97ea4ec5d05ce404efbecf7f3969e1e2e6ef237
data/reference/revision_v37/experiments/oos_final/2020-04-07/pressure_135.json,11218,b817a6699d9a34f02ceabaf0454693965c8c21fb5fb40989a355b336383cc3e0
data/reference/revision_v37/experiments/oos_final/2020-04-07/pressure_136.json,11842,4678c37eba60f2495ed8276a1c1bd8cf0f84f4fcea8a397839aaa21f490a099b
data/reference/revision_v37/experiments/oos_final/2020-04-07/pressure_137.json,10912,5b4391e125c7bbd48542cf928ac1f77d71dd43e691779845a4bbeee3e1b101b4
data/reference/revision_v37/experiments/oos_final/2020-04-07/pressure_138.json,10971,beccb2c48c8525f1b73103128c95075589c3bbf49c3f89c22613541f54ae49cc
data/reference/revision_v37/experiments/oos_final/2020-04-07/pressure_139.json,10948,5b959084751335624b19ad0261ebc4b57a06b40e2d6e33cef861ab2dc1efd22d
data/reference/revision_v37/experiments/oos_final/2020-04-07/pressure_140.json,11071,5ff226f97560e2d3b2752acc5527bae4eb2f551b8a11575454127e96953ef424
data/reference/revision_v37/experiments/oos_final/2020-04-07/pressure_141.json,11150,8d14853e68a6c7db7410103c53f3fb5ebc38f704717a6c679529537a7b80d55e
data/reference/revision_v37/experiments/oos_final/2020-04-07/pressure_142.json,11232,69f719233a33c73cb2c98d67b5330a9bc7db1650c9749fa234a29d6966e82441
data/reference/revision_v37/experiments/oos_final/2020-04-07/pressure_143.json,11753,1c7a9f819a31ba23249791b0c585acfb9a8c8283c26f73204e6b127d088ea1ea
data/reference/revision_v37/experiments/oos_final/2020-04-07/pressure_144.json,7825,bdb882c9875c06ac5a74a69c4a6cd02cefe4fbc3c1367ba7475d30e54f426db8
data/reference/revision_v37/experiments/oos_final/2020-04-07/pressure_145.json,10923,038642a14e440f2da2603ba9dbbe58be6f3b27265702584699726e6afbbe73cd
data/reference/revision_v37/experiments/oos_final/2020-04-07/pressure_146.json,10985,5ae5e89ad2ef998a825cf4b733523d5f6a02db51b20bd21b76ea146a8048a4c9
data/reference/revision_v37/experiments/oos_final/2020-04-07/pressure_147.json,11142,59dd213f69d349148934e9c00d1505f528d616f9071989b3fa953998b73eb89f
data/reference/revision_v37/experiments/oos_final/2020-04-07/pressure_148.json,11732,1f9fb3a0978e23a0b750b4e5bb9bf2aa12ccc1213266c126f9afccd11cef74fa
data/reference/revision_v37/experiments/oos_final/2020-04-07/pressure_149.json,11186,6088af412b827ed3f0afa3b10992c9e6e1f0a73fa62637c8144b357b250727a9
data/reference/revision_v37/experiments/oos_final/2020-04-07/pressure_150.json,10941,06512b9d957ba6d5890971b79e5f134f286a01e29fe385640058bfbd5f6a7bb1
data/reference/revision_v37/experiments/oos_final/2020-04-07/pressure_151.json,7779,5777c65677989d851fbb0be10fce2f8364ac8402317128aa2311c61c40fb8545
data/reference/revision_v37/experiments/oos_final/2020-04-07/pressure_152.json,9490,67c9a6bfa193018581a3e3da5d4b101bd7b126b4cefe1d265dac30fce2875db2
data/reference/revision_v37/experiments/oos_final/2020-04-07/pressure_153.json,10971,de476db2e08a3af87f3990799f77c9e384f4a451504a46d76f3f2edae7d10ed9
data/reference/revision_v37/experiments/oos_final/2020-04-07/pressure_154.json,14181,b7ad7fd1cd0e5f8c011f8ad293a920bcb24ca6cd676c752c6f5e0a18fb09958c
data/reference/revision_v37/experiments/oos_final/2020-04-07/pressure_155.json,11108,42ee286075af021453ca42d9ac82e6718aada8f0fddcf535eacaf6d547970610
data/reference/revision_v37/experiments/oos_final/2020-04-07/pressure_156.json,7913,f8ae75c79dcd77cfb786b19ab5529edb28467ecc59204381337355309d9226c1
data/reference/revision_v37/experiments/oos_final/2020-04-07/pressure_157.json,10954,f03f789c77ff55056a80e74bb05173fb770f2e750f05628c17666fe443d6aef6
data/reference/revision_v37/experiments/oos_final/2020-04-07/pressure_158.json,11145,de41aea83ac3b1ae05669190a7f5dca29d07bd86bf9612859f7f51b46888e53b
data/reference/revision_v37/experiments/oos_final/2020-04-07/pressure_159.json,11229,a3bbf09176a3332d0728a713fe831983ce9627c35a8adeb8c57513092cf7b937
data/reference/revision_v37/experiments/oos_final/2020-04-07/pressure_160.json,10930,65e7953edf0987e74db2d5994bde1bdd576b11fc48edf0bd1312c5d98bacb1e2
data/reference/revision_v37/experiments/oos_final/2020-04-07/pressure_161.json,11935,b8f51dca586ff869a9c82674a9e62f1da53d12e7a8249cc81758af49466b11e6
data/reference/revision_v37/experiments/oos_final/2020-04-07/pressure_162.json,11241,1d22608028a563e40b84bc7cc933ebc42101201c5c246a8f8e342c8fa800b6ca
data/reference/revision_v37/experiments/oos_final/2020-04-07/pressure_163.json,11868,3e2f40b5bdee0ad40eef4a3bd4cf2cb11a0cad97012dfdb7d0b133d7c90c9414
data/reference/revision_v37/experiments/oos_final/2020-04-07/pressure_164.json,7773,3e7deb3ac9248cb99b5083247073f5fa0858f76ff83e84b1c0797f7c3e3ed13e
data/reference/revision_v37/experiments/oos_final/2020-04-07/pressure_165.json,11129,58fe67232d643af084be9be05ff4aa9b5c1ae7d6992bc0be3f92fb53fb1b01d1
data/reference/revision_v37/experiments/oos_final/2020-04-07/pressure_166.json,12517,42bc45be3af6637f84eecf797772bafa122ab48c746947e73867303074233166
data/reference/revision_v37/experiments/oos_final/2020-04-07/pressure_167.json,11709,7b71d8bfbd32d6ef204c82b6212aeb12ce7f25d70fccec1607876b8c60d247bd
data/reference/revision_v37/experiments/oos_final/2020-04-07/pressure_168.json,11273,ada13092506e18c51c9125a7e14ae1f85ae56c0debda2d387efb43deb960412d
data/reference/revision_v37/experiments/oos_final/2020-04-07/pressure_169.json,17243,501a1dc6b84beeb68c619191c280fba2b0ff17f618e6d6ce860273283f51cf28
data/reference/revision_v37/experiments/oos_final/2020-04-07/pressure_170.json,17521,3ad4496b0cf302284008d936f4d3f14cea215720602a68193f5d0452456f0b91
data/reference/revision_v37/experiments/oos_final/2020-04-07/pressure_171.json,10944,f940c0cc4584a604e01412dd70ebd0c480f24bad297a6908985da36dcb2daf89
data/reference/revision_v37/experiments/oos_final/2020-04-07/pressure_172.json,16970,86c96c5b1faa81f4b481a2a3698d94c318032a4f94be478a758f29438ef82335
data/reference/revision_v37/experiments/oos_final/2020-04-07/pressure_173.json,11180,f32d034c70ee044b3107fcaf13ed37cc6c7e6a365ba0292afb1c4fde0ad32032
data/reference/revision_v37/experiments/oos_final/2020-04-07/pressure_174.json,10922,d6f3741b76541535d975d946a4ddc02356cdbc88a92f183abced5c1f5b91f4b0
data/reference/revision_v37/experiments/oos_final/2020-04-07/pressure_175.json,10886,2366c06820d3ef58e90306023919666757402ccca377d0c5510789697a04e952
data/reference/revision_v37/experiments/oos_final/2020-04-07/pressure_176.json,10929,93a13b1406d23c936b65f030f6bccbaad916440200fa2c3c0e3a2b2f1dbbe485
data/reference/revision_v37/experiments/oos_final/2020-04-07/pressure_177.json,11145,9d4a179aa4de219ac8993042a3e24179e7d56f8fc310906880a08a5ad7b2b417
data/reference/revision_v37/experiments/oos_final/2020-04-07/pressure_178.json,10947,89f72dcd25088668c286bc93b53c87c75d988a6df7ba6bc511667b074a26db3a
data/reference/revision_v37/experiments/oos_final/2020-04-07/pressure_179.json,7946,fc5553be0242574a8110cf9d52d28af0ffb4cf30bb707cb66bd87e9b1ef08ffb
data/reference/revision_v37/experiments/oos_final/2020-04-07/pressure_180.json,11717,7292d53960610b0df5c21e0452cb5d22d53fddff4aa49400c7812103119026fd
data/reference/revision_v37/experiments/oos_final/2020-04-07/pressure_181.json,17368,eddfd6fbbfa60f2e7303044b8cc20bb55ac9e59e2f008152304cbedf2eec5f7b
data/reference/revision_v37/experiments/oos_final/2020-04-07/pressure_182.json,11212,1d5d1933105e2f664e7498e3ae7fb2b08d157fdeec812be0755b59735fc14303
data/reference/revision_v37/experiments/oos_final/2020-04-07/pressure_183.json,10931,33deab5b91fa72b38084ca9a8d0751bd7f683701061b286b4d61737f33dfeeed
data/reference/revision_v37/experiments/oos_final/2020-04-07/pressure_184.json,7797,7ee446350f28c8b914c0111173359c3df5d62fe662e2ea1c1d02744aa29363c0
data/reference/revision_v37/experiments/oos_final/2020-04-07/pressure_185.json,11823,9da822c0092c07fc2f5e64ff8a234f170c6279093bc07163789fdcff0a648350
data/reference/revision_v37/experiments/oos_final/2020-04-07/pressure_186.json,17089,881a9903b065e5aeefa95aa38d9659cf60d78ace005cb597d57e6b5f6f34f16d
data/reference/revision_v37/experiments/oos_final/2020-04-07/pressure_187.json,11050,898481625c7db918eb09ce3dd60e3d911e81eb350cbe9c677559f3dbd12dcbb3
data/reference/revision_v37/experiments/oos_final/2020-04-07/pressure_188.json,17753,da624f5606ea7d0f0599b48b6fb7a5b40a2b5915c02c86cffb2e170a2533136a
data/reference/revision_v37/experiments/oos_final/2020-04-07/pressure_189.json,11971,ed522ef714f618d0fe696e7690b79e52f522d0f1afe4d97696bd86ae549f9d6a
data/reference/revision_v37/experiments/oos_final/2020-04-07/pressure_190.json,11145,2076d28d4d89328baca164ff22848ad64acefea21ffa9a1c1d8e422bab5dacf6
data/reference/revision_v37/experiments/oos_final/2020-04-07/pressure_191.json,10859,a159be55229db18299cf954daa687f333b38a0f1192eda2e80304df7638fd1d5
data/reference/revision_v37/experiments/oos_final/2020-04-07/pressure_192.json,10921,13041c95f4e527579cacbb2787edcdf726dbde5e55c048eeb0a3e0c1af7efa98
data/reference/revision_v37/experiments/oos_final/2020-04-07/pressure_193.json,10951,30dbd055771a6ed2e298fc3278d5d0d0ea4e7e6187a16bd8b8d52b2f861e2dd9
data/reference/revision_v37/experiments/oos_final/2020-04-07/pressure_194.json,10906,05c729549ec41215cc88305662e204b662bdb69564ba18cc28052615e0c17e46
data/reference/revision_v37/experiments/oos_final/2020-04-07/pressure_195.json,11998,b328341f28d2d68a9593590fa159007eb287cf6d4e9a2359767b0aa6872e25b8
data/reference/revision_v37/experiments/oos_final/2020-04-07/pressure_196.json,10911,dd222263bdc59eb862c45b0899ddb8d91c7b1985e55f9a5e83312a2f2686d9c3
data/reference/revision_v37/experiments/oos_final/2020-04-07/pressure_197.json,14084,506791044f7c4a595e2020ea0281d914a39d379abfc0b49a9493a0c2cc7efbc3
data/reference/revision_v37/experiments/oos_final/2020-04-07/pressure_198.json,10848,f52e563d3fb867a73f61c8b3d00275114ed9fa99cf9987a967f9f1cbaac2ccad
data/reference/revision_v37/experiments/oos_final/2020-04-07/pressure_199.json,10898,445301e531e420e1ca038be3d292f7f300b11e1710cfa6a7d298a8baec6fe983
data/reference/revision_v37/experiments/oos_final/2020-04-07/search_protocol.json,612,36cf64d62abae3a841a26da454d2d69ae3edf9265150a2fe9f5e790d27a8dcce
data/reference/revision_v37/experiments/oos_final/2020-10-17/draws.json,11437,89103d890a163d970eb7608c0b472f6c70f67cc8feb0ab2ae55ed3902b6096c4
data/reference/revision_v37/experiments/oos_final/2020-10-17/first_stage.json,504,6d69ebd1b0e426147da1a87e1fdf87849b7c2780dba03f3cddb5d33aaadef3f9
data/reference/revision_v37/experiments/oos_final/2020-10-17/held_out_000.json,14428,6467d94a2b72e3508a7a3c2b536c9243da9464b6467d09318689f6b46ffaa211
data/reference/revision_v37/experiments/oos_final/2020-10-17/held_out_001.json,11204,8ead1cc434c0aa69075254aaf9278e71f81398d1df1e5a88526508458fb0f318
data/reference/revision_v37/experiments/oos_final/2020-10-17/held_out_002.json,17014,c4b9c477e3143181bc820acf6b67ececfaf76fe7b8bdf3c58cbd4212da734980
data/reference/revision_v37/experiments/oos_final/2020-10-17/held_out_003.json,14408,7f26bea0538d8129e1d7b7fd7268c1bc9cc484934720873db8891b34aa7986d9
data/reference/revision_v37/experiments/oos_final/2020-10-17/held_out_004.json,17098,0a393a6c768a3086b8b49545bd460e715796a1974987e550a8f0e87da4bccfe6
data/reference/revision_v37/experiments/oos_final/2020-10-17/held_out_005.json,17886,2204071456f98f01057ae10906ca68d762d38e7eb40932a80e61405098d60f63
data/reference/revision_v37/experiments/oos_final/2020-10-17/held_out_006.json,14420,16d3e7db2383749bf186a493705f64cc5c1501c9f4ced44fc36140cb3f62d37f
data/reference/revision_v37/experiments/oos_final/2020-10-17/held_out_007.json,17845,a15799a0f96aae76c8f22431d84bfabdf9b74feaaf39111ce6974c7d710c2dfa
data/reference/revision_v37/experiments/oos_final/2020-10-17/held_out_008.json,15294,9bd101b13ee7a69303c82816572231259a9de32bc18b149586e73881edbd1c8f
data/reference/revision_v37/experiments/oos_final/2020-10-17/held_out_009.json,14492,116020e7a582099db95430dde86eb18af2244949789c2938db03d7ce3533ad75
data/reference/revision_v37/experiments/oos_final/2020-10-17/held_out_010.json,11158,f35d788fbe774402293f582d2f9df78283b98abdaa04594fe5ca4823d008b5b9
data/reference/revision_v37/experiments/oos_final/2020-10-17/held_out_011.json,17827,6c69d02726e3c8c69659c30f0abbcfde1885e3e04da6b30dfda704e874214580
data/reference/revision_v37/experiments/oos_final/2020-10-17/in_sample_000.json,5746,8b1764d0a7ac9d4c3f8575c38518212cab55380df064c4d2502188578254363a
data/reference/revision_v37/experiments/oos_final/2020-10-17/in_sample_001.json,9760,115d5bae9e8b3a7f23bcb3336f7a23c86f124a6f5da9b6237ee9c708b16c950a
data/reference/revision_v37/experiments/oos_final/2020-10-17/in_sample_002.json,9959,2fc3bd9b982bf79450cb5bfba7d17dab9f4ba06cb7ce9e5fb248bf2bc3a5b4f9
data/reference/revision_v37/experiments/oos_final/2020-10-17/in_sample_003.json,9592,b448a6a0aa7be210f1fdfcf79f22455f7fc6072d1e2eae6bc36343522bec55c7
data/reference/revision_v37/experiments/oos_final/2020-10-17/in_sample_004.json,9939,11f02be67882c1e7e05636e0fbe14791d709420399c5d28e1e90ac4ae79a16b6
data/reference/revision_v37/experiments/oos_final/2020-10-17/modes.json,3148,1cf54476f50af71485b70e3e25a76e337e985b177789330a1c24a09f2aaa56c8
data/reference/revision_v37/experiments/oos_final/2020-10-17/pressure_000.json,17573,21120455f738a449f93d1ff0b366bd03b3b14e109b37f4a4060e5ea33694875e
data/reference/revision_v37/experiments/oos_final/2020-10-17/pressure_001.json,17598,8bfb72c973782955eab4da919326ee8ba38bf9768bcc79ada53613cdb3dfb550
data/reference/revision_v37/experiments/oos_final/2020-10-17/pressure_002.json,17581,f89fbc8b8b2d9ec9e79b8f18394e2b9cc6afa05dfeb4f322e26155f3a59a6000
data/reference/revision_v37/experiments/oos_final/2020-10-17/pressure_003.json,17606,bff1c87ab8b2b4b4c5349d38c061bcc7722274d72793f55296e454651c2e65d6
data/reference/revision_v37/experiments/oos_final/2020-10-17/pressure_004.json,11160,511f0bd935d571308463fb79706c24f001820593c4272cdeadacf71a3b374fe2
data/reference/revision_v37/experiments/oos_final/2020-10-17/pressure_005.json,14326,60d2d36b8bc01d2d56a0ede8b9d5df3b42e07f8797338222a5d2e82e638da3b2
data/reference/revision_v37/experiments/oos_final/2020-10-17/pressure_006.json,14789,f51388b09bd123893d9aad440a28e8ef077ce4a48546710191096a50b38585c7
data/reference/revision_v37/experiments/oos_final/2020-10-17/pressure_007.json,12081,c107a700c134ab89e40c11af1a6da39cd3b750f033ec8b97f413dc6a8e15a278
data/reference/revision_v37/experiments/oos_final/2020-10-17/pressure_008.json,11999,026a867eb530d287b8622c29c7661946a6f3ab82bc9834ceac00483d0aadcbac
data/reference/revision_v37/experiments/oos_final/2020-10-17/pressure_009.json,12811,57a0a3729a9b960e6bcab961c885029d64b91115b06fdfadbd1346e27743ce0a
data/reference/revision_v37/experiments/oos_final/2020-10-17/pressure_010.json,12729,8dc7eb458f455116bce9ee6bf1a888a312a34e819fd579b79d08453253f497a8
data/reference/revision_v37/experiments/oos_final/2020-10-17/pressure_011.json,15186,0b8cd9cf86d97f5943c259b95fb38c650072273c1a4e03b17fa68b653b9dbc87
data/reference/revision_v37/experiments/oos_final/2020-10-17/pressure_012.json,11225,a458db6317f8dddaca9c044b6fbc1a6a3ce256f6f85390f02ad19343694ad5a5
data/reference/revision_v37/experiments/oos_final/2020-10-17/pressure_013.json,17599,a1a7315ac9b8f4e9d43f64f9509392d1769b12ab8d5d6e6c12f89e6a31a34e75
data/reference/revision_v37/experiments/oos_final/2020-10-17/pressure_014.json,7912,a43ebe9a9fc62935a4ba7bca7245afdd1bbeaa5d82276f5519f2b7dacf7806be
data/reference/revision_v37/experiments/oos_final/2020-10-17/pressure_015.json,17639,6728d20eb9b04f0fd044a42a815634aa32dab373e1e4d5dcf85b9a03cc0c19c6
data/reference/revision_v37/experiments/oos_final/2020-10-17/pressure_016.json,15941,70127dc211b61beaddbc0f1986b2edb003b1c6106a983620bbbee2aca0b443fd
data/reference/revision_v37/experiments/oos_final/2020-10-17/pressure_017.json,7937,79a37c212acf991531ebca9c54956a5acea0ebd41a5c157c7806bffa1cac86ae
data/reference/revision_v37/experiments/oos_final/2020-10-17/pressure_018.json,11945,5076b7623a347c0492f19bfdd97b12a99e8f77032c61e5728f95cdff3301be7a
data/reference/revision_v37/experiments/oos_final/2020-10-17/pressure_019.json,17524,951004ffea536703c018008c443592000e84258ec8f43a36738b0978ada01621
data/reference/revision_v37/experiments/oos_final/2020-10-17/pressure_020.json,15048,ac60105cd8446608a35abc80d244b242145a929078701d018111936a5ebc61fd
data/reference/revision_v37/experiments/oos_final/2020-10-17/pressure_021.json,11076,dc4f63aeb7c5552bafc6cbec5622383ca66db2da59b7cd671f8b0b8852ce2c21
data/reference/revision_v37/experiments/oos_final/2020-10-17/pressure_022.json,17654,37adcac713aa946fa3db5af7aaea1ca2b9af2018b516c7585dcb0a43fc19b63d
data/reference/revision_v37/experiments/oos_final/2020-10-17/pressure_023.json,5716,a0bc339dc986a51acb1e61bc8e6203bb153ee0b546f3c2b319b463710a6057b2
data/reference/revision_v37/experiments/oos_final/2020-10-17/pressure_024.json,17716,1f0461959f28c8876077baa8076a39c6387644583c48d505ff617e4a83e7cba3
data/reference/revision_v37/experiments/oos_final/2020-10-17/pressure_025.json,17589,fecd455d6cd631988400892ca7a831ea9aede9eb48738eee0eb7f77114cdcef1
data/reference/revision_v37/experiments/oos_final/2020-10-17/pressure_026.json,12460,59459ac94944a84dd9b0e88dd26f727ecb230a44cb69c7ab3e65bc5675ec2002
data/reference/revision_v37/experiments/oos_final/2020-10-17/pressure_027.json,11109,1e9f8140c101c13b05ac9fdd563eb02adb179b2b651bcce86122b4baa3022680
data/reference/revision_v37/experiments/oos_final/2020-10-17/pressure_028.json,13580,db907700f926233aa015feec6a52342c4f5a68ed908be84a30066c6f980b6771
data/reference/revision_v37/experiments/oos_final/2020-10-17/pressure_029.json,7995,016dd989579a323b0655934f76f973781d9778c3e6add4b17d707573be204a4f
data/reference/revision_v37/experiments/oos_final/2020-10-17/pressure_030.json,11895,d109639c7bc530d5ba57fda5774bc87aff8fc121794dbce055b23a76816dff09
data/reference/revision_v37/experiments/oos_final/2020-10-17/pressure_031.json,14233,fbc3f15edc0d26f26ce86e6923270b3b4ce3b9b0c21cad8bf83a4bdfca592f70
data/reference/revision_v37/experiments/oos_final/2020-10-17/pressure_032.json,15149,338251022d796c30ba7f9010d91e5da2fc681d1f3ce2b4515afb7c6247b182fa
data/reference/revision_v37/experiments/oos_final/2020-10-17/pressure_033.json,13204,070ac2f209c2ee7b3c1ea843fb69b7b4e3a76c00a266104c8b2b58c3e0356bef
data/reference/revision_v37/experiments/oos_final/2020-10-17/pressure_034.json,11237,f7380f7a51ebe0bcc4f00bdee621ece43335df6f5a57d4a31cc8176e4fe0423a
data/reference/revision_v37/experiments/oos_final/2020-10-17/pressure_035.json,11108,d0fe9913ada417f4402d04b243405992b25540084f91e9857e384346d3495b62
data/reference/revision_v37/experiments/oos_final/2020-10-17/pressure_036.json,11256,b556efe4ee423a46bd0657fe16db565b2d8ad3fbc8bb9ac8dd6a1d4eaf29c30e
data/reference/revision_v37/experiments/oos_final/2020-10-17/pressure_037.json,11216,8ca9ed77ace94f932059129fe077c1eb7dd3c9c8d71884f87325498a25910c52
data/reference/revision_v37/experiments/oos_final/2020-10-17/pressure_038.json,16094,ca63287d8fbf18be7b3431ecf81e96997fcb464d4a8f1f1e1135b4497138d40c
data/reference/revision_v37/experiments/oos_final/2020-10-17/pressure_039.json,11897,603cbebb1a5f2272d27c5aa682ea3d21d8343baaa75905486bb7aa4b1fe7b9a1
data/reference/revision_v37/experiments/oos_final/2020-10-17/pressure_040.json,17636,dd639a009ea2fe137f1ad3fcf34652fe4994f0627ee8face401b66257aba3461
data/reference/revision_v37/experiments/oos_final/2020-10-17/pressure_041.json,17570,7b9a2ede533096f4d23beb4431d7fe0447aa67a5a981db6001ab483ec77cb175
data/reference/revision_v37/experiments/oos_final/2020-10-17/pressure_042.json,11698,c5253d2b76d2cbbe853576e73e688642e43c69db3f7437bd5d70d844d09b312c
data/reference/revision_v37/experiments/oos_final/2020-10-17/pressure_043.json,11170,d78600da71b535f25339121cb713d5dadd7ce8130305af1ac5c3be8d469269d1
data/reference/revision_v37/experiments/oos_final/2020-10-17/pressure_044.json,10929,158da8b9a588fa8882a270a75e45a53598fe4cae0c92b98a1d81a3c6634d90e6
data/reference/revision_v37/experiments/oos_final/2020-10-17/pressure_045.json,15061,9aaac21f7b82f45ef8ea7fecab5ed1a61550b6645280096d64b0c455bd809fbe
data/reference/revision_v37/experiments/oos_final/2020-10-17/pressure_046.json,14338,cedb18b6eaccc99a21aeffda6e9b34c165e083c9bc162316827f606316c997f2
data/reference/revision_v37/experiments/oos_final/2020-10-17/pressure_047.json,17639,25fa2eba30b2eb49aff213ddaab5f07355eb010d73be0c6306c7496a955daac1
data/reference/revision_v37/experiments/oos_final/2020-10-17/pressure_048.json,16006,f76475ad653fe2a8fe37ca1ecdb0708573f73613cc1861466e038a6e40bebc29
data/reference/revision_v37/experiments/oos_final/2020-10-17/pressure_049.json,7947,98d547c40435338f2967108de6bb2675c82aba5510ea5ceebf55345614cbe7a0
data/reference/revision_v37/experiments/oos_final/2020-10-17/pressure_050.json,11828,38205e8f532a84a4c5d7b5ce89c2aa54ceb3a6e8298b7fe343f981e815151dd5
data/reference/revision_v37/experiments/oos_final/2020-10-17/pressure_051.json,17481,f7f69cf671577e3ef5c513320b6767f2be934503a2d7c4e95ea04f7be4255887
data/reference/revision_v37/experiments/oos_final/2020-10-17/pressure_052.json,9610,e5de7c2a3d0d15de3bebab091e27f7445a7aaa041167b89a2478ab5f9f982b40
data/reference/revision_v37/experiments/oos_final/2020-10-17/pressure_053.json,11113,88a106ce8212fcbff30b109906f0b579117e5559ff26f051d47c34d624626006
data/reference/revision_v37/experiments/oos_final/2020-10-17/pressure_054.json,14341,3f3d6e8759760b713553e76521ff5675a528d58975577130bd15796470d75253
data/reference/revision_v37/experiments/oos_final/2020-10-17/pressure_055.json,17585,53bb49e23a3ea18abb768c68f738fa49e4846313642f18e65adbd9ed8095a74e
data/reference/revision_v37/experiments/oos_final/2020-10-17/pressure_056.json,12659,80e5552fba1d3d437c3b07ca91d12a63ac8915ddbb79bf4a53e2741f1f5e252c
data/reference/revision_v37/experiments/oos_final/2020-10-17/pressure_057.json,13495,210811ce4c653fca9cd6f0aa08568bfff91997b1d6877a8717e23daa3730e0a2
data/reference/revision_v37/experiments/oos_final/2020-10-17/pressure_058.json,14201,fac8abfc71a9ffc8b6d510e040253a1543fe4d5a46bb46fea619dc08c31e9507
data/reference/revision_v37/experiments/oos_final/2020-10-17/pressure_059.json,7916,8fd98dbead370ad6f8b4a3da76eb9870acc77eb05f7833a32a6894324d2fa6f0
data/reference/revision_v37/experiments/oos_final/2020-10-17/pressure_060.json,12853,ce20f9ff80396681281b4eb86a0bfd24849ece708c236506b343e5b1513001d7
data/reference/revision_v37/experiments/oos_final/2020-10-17/pressure_061.json,12804,855de485e2a13cbfc74e42c4141ea88a51b3e71663fbc46314be70e4b43099ed
data/reference/revision_v37/experiments/oos_final/2020-10-17/pressure_062.json,13605,43f48de123421aef89e1448103d230a0b60f01fab6ad2dfa3f5f166fb5bc17ce
data/reference/revision_v37/experiments/oos_final/2020-10-17/pressure_063.json,11173,93cdadfe829f51858bf99625262a27205fdfcbb604802ca7a22d56f7ece17c2e
data/reference/revision_v37/experiments/oos_final/2020-10-17/pressure_064.json,14219,4c2890c1e514af6084178ea98cb155c93c48e865b5ebeb99e0044bfc51492d04
data/reference/revision_v37/experiments/oos_final/2020-10-17/pressure_065.json,8737,58d54f2a4e3ed502723ec3ca7aa698be78896bf78c712303f8db7637bceba01e
data/reference/revision_v37/experiments/oos_final/2020-10-17/pressure_066.json,14376,a33dd79f8090128c11f506a693bb64aaca0a47430980a346e0f9ba377d05f7a3
data/reference/revision_v37/experiments/oos_final/2020-10-17/pressure_067.json,17642,f1a63db700b23f1b3dde2236a9fa5f0bfb0f5f78d64dd1f05ddb3f05dc729e1b
data/reference/revision_v37/experiments/oos_final/2020-10-17/pressure_068.json,11198,2091d3ce5c4dec64812d03f14acf46dbf2b32d1961bf62d86d0dbd7a2c02cc16
data/reference/revision_v37/experiments/oos_final/2020-10-17/pressure_069.json,7789,76ee7cad82de7792d3241c06fc6274f9c6b4b0e9590726e277f25903362d4ad5
data/reference/revision_v37/experiments/oos_final/2020-10-17/pressure_070.json,17723,7f4d4c9b01d453a4ee8e3697484ff018889b5a10afc0370c246562cce117694d
data/reference/revision_v37/experiments/oos_final/2020-10-17/pressure_071.json,17617,71c50e1f9947a79b17927daba9d27f5f98ac81db9a3f2d55c14cf3d5c2ddf4a1
data/reference/revision_v37/experiments/oos_final/2020-10-17/pressure_072.json,15045,517c0e03ee1c7b8e590f2c991aa27082c49edbc1842b34526c27ceea543813bc
data/reference/revision_v37/experiments/oos_final/2020-10-17/pressure_073.json,11125,84edfa0df0961aca3a08ae3e7820030ca04f96add805e23f2ebee7ce870608e1
data/reference/revision_v37/experiments/oos_final/2020-10-17/pressure_074.json,17503,492d65186656a967b928f3e60186d28a96cfa34abf8b000145c4197d0114c6f8
data/reference/revision_v37/experiments/oos_final/2020-10-17/pressure_075.json,16027,faa2b6461a90adfb63b34d01610cbba87f08aeae849532ab5d0fdadd471f5fab
data/reference/revision_v37/experiments/oos_final/2020-10-17/pressure_076.json,17505,33fbb25fc8265cf50bfbd15e92491a6290008412ee35cf02248ba9cb246c2d81
data/reference/revision_v37/experiments/oos_final/2020-10-17/pressure_077.json,14414,b756122f3eb8b676b162b5ba7735193fa702dd1ba36c36a47d1e73dd6058108a
data/reference/revision_v37/experiments/oos_final/2020-10-17/pressure_078.json,8951,14ddf0ea4784472a083ec0eb5c6154aeded2336fd0c3bcc10822d088853dd33e
data/reference/revision_v37/experiments/oos_final/2020-10-17/pressure_079.json,11201,7df6d9ae9c7209ed9619664ba40959b5024d96b36f7d9715816e8ef5ca6abd36
data/reference/revision_v37/experiments/oos_final/2020-10-17/pressure_080.json,17505,7f72d04c317c5e8b1320c080fd7cc63719975a868378688f49aa2aa8c992dfa6
data/reference/revision_v37/experiments/oos_final/2020-10-17/pressure_081.json,17569,22ebb3c4fc9c775e2bf1be804985ceb2dbf043f3871d15bc4f2a545ef58e3359
data/reference/revision_v37/experiments/oos_final/2020-10-17/pressure_082.json,11209,81b0e5b16830d390ddec405d6fb4da614a2bbdd189f312b44fb12c282ff64995
data/reference/revision_v37/experiments/oos_final/2020-10-17/pressure_083.json,8698,61b245ebb39951549184d1172e47f06abdd196e07728c556598a0504423399f9
data/reference/revision_v37/experiments/oos_final/2020-10-17/pressure_084.json,11125,74fd56ebb9f9949521b6bbd8cc9cf92970618982ab6dbd2b0ffc69ba160f2da8
data/reference/revision_v37/experiments/oos_final/2020-10-17/pressure_085.json,14477,24c8fb57ff98727c5571c2c9d920d6ea3d5fb374ab90991412a9c3ddada2511a
data/reference/revision_v37/experiments/oos_final/2020-10-17/pressure_086.json,16762,c8243a22365db17aa6c8152a27ed007e63f9aa155852fd5af0f06ad2e23592cc
data/reference/revision_v37/experiments/oos_final/2020-10-17/pressure_087.json,14376,dcc4425f79ab5d2bc2c19cd745d5240d3be0457bec57118443bab995e2bc0b5c
data/reference/revision_v37/experiments/oos_final/2020-10-17/pressure_088.json,11806,de068036d393c161134a92385ac247e86f251b896ac8fae617b80c7475a2841c
data/reference/revision_v37/experiments/oos_final/2020-10-17/pressure_089.json,15164,24789f2ea6d359bc5121d76fda25f716e186c981ea0da307e3c2fa1bb4fdcf68
data/reference/revision_v37/experiments/oos_final/2020-10-17/pressure_090.json,17657,5b4da4a20fea2acf3b4f6c42a211cc908566f698855889c4f630a665badb7631
data/reference/revision_v37/experiments/oos_final/2020-10-17/pressure_091.json,11072,a05ad2ec96dcd9820fe5ae42468efe186d90cf923dbbd873087eb3d0c6c12233
data/reference/revision_v37/experiments/oos_final/2020-10-17/pressure_092.json,14277,e6be5c1c8e36160baa1bde1f8b354a4b4c2e12a8433a35d7bd1cea89faf2dd65
data/reference/revision_v37/experiments/oos_final/2020-10-17/pressure_093.json,15136,6868373269145677f61234fe04660b4d558d9fcbc4b84591ad9f1d32d226f59d
data/reference/revision_v37/experiments/oos_final/2020-10-17/pressure_094.json,16813,dd24189ae0c4f199bfb327a9da898b2762e8533ab7de66a3b198fe6928e76afc
data/reference/revision_v37/experiments/oos_final/2020-10-17/pressure_095.json,15175,c08837ad9c54eb0566da961f6b2e198cd2a0c780059215d5b173065f0ad908de
data/reference/revision_v37/experiments/oos_final/2020-10-17/pressure_096.json,10856,085d9d8928536918a56f4b71656e047f963be1f8e9c6afa8f29936f16f797bf4
data/reference/revision_v37/experiments/oos_final/2020-10-17/pressure_097.json,14324,317835384676f51aab566b7c9efa5545327fd8897d99f43aab461440c563f07e
data/reference/revision_v37/experiments/oos_final/2020-10-17/pressure_098.json,17577,daa935b3f078cb6ad7a3993780051eb052f6f44dcb73e0433ce2baf0caddb4fd
data/reference/revision_v37/experiments/oos_final/2020-10-17/pressure_099.json,11845,4d8eb476a84dcfc35155f2e548dc0322555a1bee75095a05522f67b0fd088b03
data/reference/revision_v37/experiments/oos_final/2020-10-17/pressure_100.json,14074,6770ed20b71c25c5549ee55cfd673f4dcdd3951602d872c9765f595ee7d43699
data/reference/revision_v37/experiments/oos_final/2020-10-17/pressure_101.json,16758,1dd3f29e95aace21bf0c2b52888557f2c4edc19154a5a0ed719500e038e48c67
data/reference/revision_v37/experiments/oos_final/2020-10-17/pressure_102.json,16879,ef164d1e4e3fc7fca5d9e8c265101b3a5957642b838aa36b2a413daf34ed84f0
data/reference/revision_v37/experiments/oos_final/2020-10-17/pressure_103.json,14456,7557dc57d409a8fa9e58bb761cd64ddf42f8b9031ad7ec420e601439a36645e3
data/reference/revision_v37/experiments/oos_final/2020-10-17/pressure_104.json,17567,8f13469b11960c30336c5ec1d214fc711ab0dc4510f9ec261653a21829436c68
data/reference/revision_v37/experiments/oos_final/2020-10-17/pressure_105.json,11938,4c6d7b333af814941d0ced44a62bee44fa8efae80f5aebaf497abc4840b5ce76
data/reference/revision_v37/experiments/oos_final/2020-10-17/pressure_106.json,11018,b4b23a89afc528d29002d7a6f25dd368e4fdacc4acbd100f682df3f140ab9300
data/reference/revision_v37/experiments/oos_final/2020-10-17/pressure_107.json,17458,08690d2a6701cb7903b5bd6c48ec936dd75a3f8cc0c449265a73f64433497856
data/reference/revision_v37/experiments/oos_final/2020-10-17/pressure_108.json,15167,1419f96814466f8375cd1ecd62eda8354d52d529147b146e8e01edf412618ca5
data/reference/revision_v37/experiments/oos_final/2020-10-17/pressure_109.json,17577,1e187ef3f2e4df08dc62629841a0d07f2bc35bc98951bb6c5acae3b2679ca798
data/reference/revision_v37/experiments/oos_final/2020-10-17/pressure_110.json,15187,19a5cedf9727e16e1f4250eca0f960acaebc8dbd837af5c95fec4d17712b1c17
data/reference/revision_v37/experiments/oos_final/2020-10-17/pressure_111.json,16767,eb5715e738e161ed35a8c101d0bdbda8ff9a1b5cd082c5c35ac2604233b265cd
data/reference/revision_v37/experiments/oos_final/2020-10-17/pressure_112.json,11128,32fc6d3a252b2feb84c5238110508fa4f4ae485b0e94adf9284f1c41459bb06b
data/reference/revision_v37/experiments/oos_final/2020-10-17/pressure_113.json,11905,6a8deedc000fcbd8b99ad5a6e867e16f82a1821616607b6eca3ea32782ab7d22
data/reference/revision_v37/experiments/oos_final/2020-10-17/pressure_114.json,14373,4fe72c2ddb66650bf5368faadec3aa5f5021f26c9f1d31fbfb19ea1634ddf031
data/reference/revision_v37/experiments/oos_final/2020-10-17/pressure_115.json,17687,22337205e07734b71144c51ac259f01a69459cc08a8025d934b365e483d2bc23
data/reference/revision_v37/experiments/oos_final/2020-10-17/pressure_116.json,13501,0db1db2b097343d95b5b2d26d924d34e1676f57a2fa3bfd5d423a407615a4388
data/reference/revision_v37/experiments/oos_final/2020-10-17/pressure_117.json,11613,100aeb89fce5236bded421d58cddbe7bae9dbbb2dd63b556eb265cd241446251
data/reference/revision_v37/experiments/oos_final/2020-10-17/pressure_118.json,14458,671c0c8ca34c656006937def8a5224e21081224113e2f158479b0b9840406505
data/reference/revision_v37/experiments/oos_final/2020-10-17/pressure_119.json,16711,26b2edf2e2a7652e76923579b48b13c27e1e3d53350385386855b2ccd36c41dd
data/reference/revision_v37/experiments/oos_final/2020-10-17/pressure_120.json,17610,1080a920fe1569fa7cec3a5a2b8d44fa45e064e5b9126dd7f0eb033dd6928435
data/reference/revision_v37/experiments/oos_final/2020-10-17/pressure_121.json,13608,dc90e380c36d0c93da069f29bc17ef3c31e97b13bbf9501fc51b279859b2b71e
data/reference/revision_v37/experiments/oos_final/2020-10-17/pressure_122.json,17677,55a933c500191aa06d5365679b1bd8f678ca1464f6353a18c77735dc54931e45
data/reference/revision_v37/experiments/oos_final/2020-10-17/pressure_123.json,11168,3f9ed85958ee2c112af578e1626070f0364bab09f7ab4d250a3bcdc4930a39ee
data/reference/revision_v37/experiments/oos_final/2020-10-17/pressure_124.json,12033,541a54fcab031d2965920ac9174328c5b3e51c72e6a8184433b15bb06120bee5
data/reference/revision_v37/experiments/oos_final/2020-10-17/pressure_125.json,17551,81b095a0331086cd1888d1ab8484cb059687f3a3a7195886d65aca7768a0c85b
data/reference/revision_v37/experiments/oos_final/2020-10-17/pressure_126.json,7944,ffdc68378afe91029cb49681f638767eb605935a3231dc72c54dc0c32686f250
data/reference/revision_v37/experiments/oos_final/2020-10-17/pressure_127.json,17621,0042a523821ba2b4860ac0ae232d098fe7bf13d611fb6af272a8a7794df7a8f2
data/reference/revision_v37/experiments/oos_final/2020-10-17/pressure_128.json,17676,e1446fc5a13601e376e224fe0eaf2038822536ff1c39207ad419fae71f7cd892
data/reference/revision_v37/experiments/oos_final/2020-10-17/pressure_129.json,14252,c3c9485b3c785e7e398d97bbd464446c73d89aee1d64bf38d5aa8bf7d8bd9556
data/reference/revision_v37/experiments/oos_final/2020-10-17/pressure_130.json,11809,d0714a61df433400a4571d5c7b3c2936b3c259ec6162e4825689b1567ba26742
data/reference/revision_v37/experiments/oos_final/2020-10-17/pressure_131.json,10947,3e20a7ebc1c6eaf835b441ea097275968ac82dc2e2d8dd0d1c48d66be89006c4
data/reference/revision_v37/experiments/oos_final/2020-10-17/pressure_132.json,14251,3a66bda119a977a01a54f4b343dfa07e65c69103db43e7dcf3d858bf4e9e84cd
data/reference/revision_v37/experiments/oos_final/2020-10-17/pressure_133.json,11278,1948a22ce33bb38064cf85fea469707811685788564063510a1ae027660074d7
data/reference/revision_v37/experiments/oos_final/2020-10-17/pressure_134.json,15218,74c10424e614dc4abcea30570dc988ca697b8b8963aeeab9e77314d7345ffdf2
data/reference/revision_v37/experiments/oos_final/2020-10-17/pressure_135.json,9590,728ce5c9243f4642a9a6ddaf161bc957976659e2f8d4bab7e34ab0a00ad81f18
data/reference/revision_v37/experiments/oos_final/2020-10-17/pressure_136.json,14891,ffb0c69626f705f1cf483e77f36ddeb55b9b11212b190b7bcda006c5ecc7361d
data/reference/revision_v37/experiments/oos_final/2020-10-17/pressure_137.json,15036,a7aac4cd4dea7582d86f6ffd1f3f4596c337be46c413f7cbe35f594988aa7916
data/reference/revision_v37/experiments/oos_final/2020-10-17/pressure_138.json,14143,15713af5734f7380f827b96624706ff2261fa0a126842aae249767a7028b0ead
data/reference/revision_v37/experiments/oos_final/2020-10-17/pressure_139.json,17480,781806be00cf6360cd9da1fed5f18aa1d23c56eb7db5fde3f2b8c7eeea6fe2f5
data/reference/revision_v37/experiments/oos_final/2020-10-17/pressure_140.json,11017,d848cee06fbfa1876ca10e9618ef3d72ba18095bbf95789e1a98049ce1506b86
data/reference/revision_v37/experiments/oos_final/2020-10-17/pressure_141.json,11887,60f1123b3caaeb40112b7679bf49b96e3b47cbbb5ea9ef7ea4dca217d7ee595c
data/reference/revision_v37/experiments/oos_final/2020-10-17/pressure_142.json,7817,c965f1981a299e15b5080cb6dc66ea4ba135a69af3420f4ff12b35f0d84701bf
data/reference/revision_v37/experiments/oos_final/2020-10-17/pressure_143.json,11260,48cb8dfd4e16af770aedf3f7a6578e65eb6f2dbe81c6a1feafa025a3cc693858
data/reference/revision_v37/experiments/oos_final/2020-10-17/pressure_144.json,14366,4538a7cfbb689e2c96f2c5adc93f00b532c3d09b62d54daaaae0eee0d1bd478c
data/reference/revision_v37/experiments/oos_final/2020-10-17/pressure_145.json,17518,a1d842cdbac3e79dc7b310be48146e9669c79baa296af2abd2bbfb202d8a7f07
data/reference/revision_v37/experiments/oos_final/2020-10-17/pressure_146.json,14301,20882113c3346a6e331fa27af2cdb5c4d74dc4877affe662c83bed98d7c8e3d0
data/reference/revision_v37/experiments/oos_final/2020-10-17/pressure_147.json,15202,87b57f3c6993173ecc008aa3f78f778fc339ca196e1057fa171f120359b595cf
data/reference/revision_v37/experiments/oos_final/2020-10-17/pressure_148.json,11106,bfd4b8d6613a5249dac364ddeabe8a4576fad981ebcae83ae9317dd81094d648
data/reference/revision_v37/experiments/oos_final/2020-10-17/pressure_149.json,11092,577d229d063fade55a3b365bb54f65484ce378b83de988f03173ec736d21b795
data/reference/revision_v37/experiments/oos_final/2020-10-17/pressure_150.json,11206,f783286bfac62f6e3caa97839922f77434bc44aef12878cb49e9e14e98dc9509
data/reference/revision_v37/experiments/oos_final/2020-10-17/pressure_151.json,7922,c281e7386f17276c95be33455adc32d17797272a4f6ca8a92d918f130256c03a
data/reference/revision_v37/experiments/oos_final/2020-10-17/pressure_152.json,17724,252d5aebc77694cfc5f5ce7d62ee00de6682cc7a9667ab901796179c02873676
data/reference/revision_v37/experiments/oos_final/2020-10-17/pressure_153.json,11793,9f0e5b51c0ebfdc1bd79c53e65997f7fbb14cd4012fc24cdff41d91cfe5b7180
data/reference/revision_v37/experiments/oos_final/2020-10-17/pressure_154.json,14315,1403972b66ef3d2bd82182eb0ae1c1e6b3a15e9db755853c7044a60f1d86cb20
data/reference/revision_v37/experiments/oos_final/2020-10-17/pressure_155.json,10876,abeec63f5f012c8a1a205fd9285a31ae6d1d8396a2b2b134be074f2e906f6944
data/reference/revision_v37/experiments/oos_final/2020-10-17/pressure_156.json,12646,09fedbb4682134d555c3f424e64de28e8b6b5936ae6aec18942416ce834cc4ee
data/reference/revision_v37/experiments/oos_final/2020-10-17/pressure_157.json,17503,30fe0a06f0c17316502826570fcc647c3a38774ebf8ac1e0ddfb1b4847f185c6
data/reference/revision_v37/experiments/oos_final/2020-10-17/pressure_158.json,16018,641a2147ea07539e58d7eacd141c26dbe9aba1768069418ee411bd6d81e97953
data/reference/revision_v37/experiments/oos_final/2020-10-17/pressure_159.json,15182,eab272636862e28838db910601e627d6d65197e90442ea7d22e2dd2926a66bfb
data/reference/revision_v37/experiments/oos_final/2020-10-17/pressure_160.json,12788,708a67c2968e50561d8eafc760f80bfea4f5ba91a6aae350a359410d52fb2cff
data/reference/revision_v37/experiments/oos_final/2020-10-17/pressure_161.json,14377,dd9b64c5f407138ecc6f2e3e4fb96cd73a1f4419290118508db4aa72fd3c536d
data/reference/revision_v37/experiments/oos_final/2020-10-17/pressure_162.json,17570,4457542a6dfa9765ae548ad588503d84d7f870fa72779974a0d1efca42ce83dc
data/reference/revision_v37/experiments/oos_final/2020-10-17/pressure_163.json,7904,e01a4686b688f779d185bf19f308f5c6d961993bb5b4e9b2d4b44d3fdc3b4603
data/reference/revision_v37/experiments/oos_final/2020-10-17/pressure_164.json,16813,ebd2e091f13da41e730119cce67d3fceae728157b181b4d6f9172559f3b8f6ec
data/reference/revision_v37/experiments/oos_final/2020-10-17/pressure_165.json,7838,75793c1c0e18da63935d4cdc24369b3c0a3f4f0c4919cc8f45625122cb731be0
data/reference/revision_v37/experiments/oos_final/2020-10-17/pressure_166.json,16793,99be4b62696f4b972d9a2a83843f9328458fe931be5802271c3dc61135d7b9fb
data/reference/revision_v37/experiments/oos_final/2020-10-17/pressure_167.json,11951,59ae29076c8b4c6f7f190dc85d2c0cacaf9fb9d42b01c10b79e1e82969e2e5f6
data/reference/revision_v37/experiments/oos_final/2020-10-17/pressure_168.json,12518,7420883b296f88233c22b64bce1350231b48379012695b7b3c0b6b4b89bcd46b
data/reference/revision_v37/experiments/oos_final/2020-10-17/pressure_169.json,11051,dc446fc5166a5ae4155f14e4cc2e04741f5535e1f11402bd1a8ce30d8cf02155
data/reference/revision_v37/experiments/oos_final/2020-10-17/pressure_170.json,10888,69b20b74b2a0f3d3634ba40948b9a5a9486b092a62da97f651f9e5184d641ca1
data/reference/revision_v37/experiments/oos_final/2020-10-17/pressure_171.json,14100,379f80356d6eb650fd51b7155c2a9ba6462d551194a1474b8a37adff87c10434
data/reference/revision_v37/experiments/oos_final/2020-10-17/pressure_172.json,12415,d07412cec2687054947f1941693dedfc074a2de4ce0039f421357b2160d3159b
data/reference/revision_v37/experiments/oos_final/2020-10-17/pressure_173.json,11002,55f0df8eb5e1e829029ca42c3789a658fc2636b660dc8db0a252f84b5383bca9
data/reference/revision_v37/experiments/oos_final/2020-10-17/pressure_174.json,17533,a281b2286e393769de4524900dcdb5a53e01e0696d961a6f2e6d6ead035ea1a4
data/reference/revision_v37/experiments/oos_final/2020-10-17/pressure_175.json,17613,2d43895816f807c6257a269e05b83508f91d4caede363eae94a9502a8cc17dac
data/reference/revision_v37/experiments/oos_final/2020-10-17/pressure_176.json,11154,bcfee2004909da31526a5c9399160a706c878aea054b8934bcc34ace6d9c6447
data/reference/revision_v37/experiments/oos_final/2020-10-17/pressure_177.json,17154,6e520e05374b1393c202605dbcd7b525cb955ceea264e745652b69f17f73982f
data/reference/revision_v37/experiments/oos_final/2020-10-17/pressure_178.json,11059,5ffe2f8e6f08be532d582825d003572c78aa3fd0f97ea96c5e9630c4f211843d
data/reference/revision_v37/experiments/oos_final/2020-10-17/pressure_179.json,10865,6f10ae7016454fed3edfa1cb5a90c753745af93177b61ae5287d42dca8d924b6
data/reference/revision_v37/experiments/oos_final/2020-10-17/pressure_180.json,15989,0ecc8a40898de551c02840d7a183191ea80fe933a5384a31d2386e6347f6d5ac
data/reference/revision_v37/experiments/oos_final/2020-10-17/pressure_181.json,11795,06ef070f185afb2ceafe993e66725f2d7758f42d250b2a559f81a6d61c660e9f
data/reference/revision_v37/experiments/oos_final/2020-10-17/pressure_182.json,17674,2ba4f9c2a6aba0b51650ff413668eaaff3d4baacfaade07fb7905e81f570cc7c
data/reference/revision_v37/experiments/oos_final/2020-10-17/pressure_183.json,11697,933949d8ac87aa8a154641a327424f949d7681e0b56172ed479fc6360be3694d
data/reference/revision_v37/experiments/oos_final/2020-10-17/pressure_184.json,15900,a8417af509ac4f5dd59fa7318fb7cd2ac28e21ad4cb95933891311c2bfcd931e
data/reference/revision_v37/experiments/oos_final/2020-10-17/pressure_185.json,17607,279434961c6e8734fee4a8a81ea69100cefa5d0db7fd523eae714df266372779
data/reference/revision_v37/experiments/oos_final/2020-10-17/pressure_186.json,12420,97168276264c9167a684b5892a735db57ebb662023df748e99205daa4dced1d4
data/reference/revision_v37/experiments/oos_final/2020-10-17/pressure_187.json,10986,e13aedb2af2dca265d65b861328ae6e459ff424d1f58c2b30ba473c44e12ec23
data/reference/revision_v37/experiments/oos_final/2020-10-17/pressure_188.json,10936,5f004c910915ae5855fed02b9448859a73ee5a316694b55d4d0edb981e8abcf0
data/reference/revision_v37/experiments/oos_final/2020-10-17/pressure_189.json,17595,9a60c1845989030431d24da5b119dce3907f2a6bf1965ba05ab6bba7160c437c
data/reference/revision_v37/experiments/oos_final/2020-10-17/pressure_190.json,11076,94470cec8d65f8f290c4957b0eac89324706725a6abfddeedbfed49129bac610
data/reference/revision_v37/experiments/oos_final/2020-10-17/pressure_191.json,11769,f83bf9fd52f1b09454e654a4d34210c877c369c9e2854ec7230880f2b8a092b4
data/reference/revision_v37/experiments/oos_final/2020-10-17/pressure_192.json,11136,a946be2d13ebfb8ee3016e1601c50fbe227c0cbae87b118cc291360c9e2df5e4
data/reference/revision_v37/experiments/oos_final/2020-10-17/pressure_193.json,17686,2ea5578707de99b404f5828ff256de75a53cf703e618e1bab472b2ce3dab7cf0
data/reference/revision_v37/experiments/oos_final/2020-10-17/pressure_194.json,15022,c0f32933b7f645b54624db18ebead3c700c157ff67556e25907d54d8c35df0ab
data/reference/revision_v37/experiments/oos_final/2020-10-17/pressure_195.json,11941,239e681e42d6de925e5b936e260ed2c67216f794382a7045083018fe5df55b6d
data/reference/revision_v37/experiments/oos_final/2020-10-17/pressure_196.json,8602,32a1b84eca29b467082aed6566e1f6144b353eb9aad95b6ff7bd64df0edef167
data/reference/revision_v37/experiments/oos_final/2020-10-17/pressure_197.json,14274,fd7004099f273af177f52fa01fea4a7a4887bcda6c6fc64a3e038bcacb1bb7c2
data/reference/revision_v37/experiments/oos_final/2020-10-17/pressure_198.json,7884,879ed22e16204b0ca42deb50c05cb752b476267321a5508d80d9f94f9a13c220
data/reference/revision_v37/experiments/oos_final/2020-10-17/pressure_199.json,13564,84b66ba34e467be2fe2a4eaed8400ec5ba608485034e7fcfc8154c09d96608d4
data/reference/revision_v37/experiments/oos_final/2020-10-17/search_protocol.json,612,36cf64d62abae3a841a26da454d2d69ae3edf9265150a2fe9f5e790d27a8dcce
data/reference/revision_v37/experiments/oos_final/2020-11-29/draws.json,11437,f3b283551e68defcf32fdab7fd2dd64692a16bb9573253f662ef7924976dee66
data/reference/revision_v37/experiments/oos_final/2020-11-29/first_stage.json,506,57edc76201dcc35c16225c98820eeac3ae39d485d46e9b1e4d9b9ce5133131ce
data/reference/revision_v37/experiments/oos_final/2020-11-29/held_out_000.json,11151,029a572ada120a9ac1a65e5ea17616ffbcd800649a0f264010bb75ae7d04f523
data/reference/revision_v37/experiments/oos_final/2020-11-29/held_out_001.json,12272,3cff8ce77922ac2e8435f763f17afba3322f34b2818998532bc697d9b730c05a
data/reference/revision_v37/experiments/oos_final/2020-11-29/held_out_002.json,14436,a23a42cfb96393eb1b93641be2cc381eb65cd141c62009ff3672be53867652b1
data/reference/revision_v37/experiments/oos_final/2020-11-29/held_out_003.json,15265,0e29ed206fc6d9bd230b6f13e2c5537c43c07c54853f0544a54963079affdc62
data/reference/revision_v37/experiments/oos_final/2020-11-29/held_out_004.json,15263,e2ee919750441772bfa8e88a4a3183df59b17d618d712f087f8589494f0daa2d
data/reference/revision_v37/experiments/oos_final/2020-11-29/held_out_005.json,12318,4ff8d1ebae4253ce59d1775f2a8f944dbe4772660dcac3c5ad320ff2377a83e4
data/reference/revision_v37/experiments/oos_final/2020-11-29/held_out_006.json,7394,5c5755d3646e8e27a403894c0e820eaca4ba9d4502ea7a89d0403333d7fb8124
data/reference/revision_v37/experiments/oos_final/2020-11-29/held_out_007.json,15291,5a02b1a549784a34b6768708bd2d6b31cb130db5d372edbe953dfa239ef96aec
data/reference/revision_v37/experiments/oos_final/2020-11-29/held_out_008.json,14467,6c95fa1a8c83ba3b5889bd0aaeaf936931be45ea30043ede75d42a0639d696d5
data/reference/revision_v37/experiments/oos_final/2020-11-29/held_out_009.json,14735,6e142b56034f80d133d7bbd190e80835e67a62869f3cfbef55b0b506ee06e782
data/reference/revision_v37/experiments/oos_final/2020-11-29/held_out_010.json,14408,abfbea558b7bc903a8bee7c332248c401f173d80891f14767e64f89fa49e8bd0
data/reference/revision_v37/experiments/oos_final/2020-11-29/held_out_011.json,11306,03d9a9ae051005381f6aec44e913592d0894786e17ad9e9b4536906dc9338ec6
data/reference/revision_v37/experiments/oos_final/2020-11-29/in_sample_000.json,5825,6dde86ce1483d3b45592b3b781feee3351a38df252269d5f7693983a65f85c4d
data/reference/revision_v37/experiments/oos_final/2020-11-29/in_sample_001.json,13751,6330b85a4bb1c5593199b3a08d0ae775d5b0f38f814b338d690b80f6607045db
data/reference/revision_v37/experiments/oos_final/2020-11-29/in_sample_002.json,13711,dabab630edfd2f384e6201b7d83026c572e4713622082cd94bc39b6b4acb5c44
data/reference/revision_v37/experiments/oos_final/2020-11-29/in_sample_003.json,13682,972f4bfc11662690dad665b029b222f6a1ba07eba89af66ddf42dcb3e2766bb9
data/reference/revision_v37/experiments/oos_final/2020-11-29/in_sample_004.json,7265,6a14f8e420df4081fcf49c997bf00fad61158b3892356286b7d1e68a78dc10a5
data/reference/revision_v37/experiments/oos_final/2020-11-29/modes.json,1252,0b1d26d7a8fc6e708309292f5d246814123ba08a7c0af39eb447e2c32b1190b8
data/reference/revision_v37/experiments/oos_final/2020-11-29/pressure_000.json,15135,ba807ed8d549f693c840639d3126555775cf9f9f68376b757b24bffb7c750297
data/reference/revision_v37/experiments/oos_final/2020-11-29/pressure_001.json,14438,5a7c1c419d70bc38b964fc4cf8706f1f2e597f84e9f3e9488551cad818848078
data/reference/revision_v37/experiments/oos_final/2020-11-29/pressure_002.json,14504,8ce695ce6115feda103de90662da4550e839f44f6ace42ae71fe208b0aa4bb46
data/reference/revision_v37/experiments/oos_final/2020-11-29/pressure_003.json,12149,e48b86d169b159d5fd30fef07079a5df00effabf6a6d73fa359fd2d1d6d9cbd4
data/reference/revision_v37/experiments/oos_final/2020-11-29/pressure_004.json,14313,663ad8d612046d603cb53644bde4ed7c3e72d7c9d92b52c2394cc17fac0bf95c
data/reference/revision_v37/experiments/oos_final/2020-11-29/pressure_005.json,9033,3a7fba294e9f820cc89df6af3dead4a0a89b94e7908058649e6fd507965f40f1
data/reference/revision_v37/experiments/oos_final/2020-11-29/pressure_006.json,17512,b013391d4e0e0cf3e3b1a035cd0ac5a75c76c24dc842299578ca01a565db705f
data/reference/revision_v37/experiments/oos_final/2020-11-29/pressure_007.json,14376,532d642fa490d9bf02d5ecc6fb881108ea707484d37b775dd38592c99374ed31
data/reference/revision_v37/experiments/oos_final/2020-11-29/pressure_008.json,15186,19e9e9189cd474d91929f6e68c6b82e64cdf28cdf2ba6465643e87d9faf68cca
data/reference/revision_v37/experiments/oos_final/2020-11-29/pressure_009.json,10544,5dfa410f81cb1b510be160b3f3e393cdb5b4e94dce19eca4f13eeaaa975a4136
data/reference/revision_v37/experiments/oos_final/2020-11-29/pressure_010.json,17627,70b6bf8f5fd03c826f5bd9578256eb0bc07e8daec8e4cf5749a8abee3b91c19d
data/reference/revision_v37/experiments/oos_final/2020-11-29/pressure_011.json,14482,ca97efa6f5229063bc20157b31e39770dfd8c03e7f513e2329c04d82f5a20b6f
data/reference/revision_v37/experiments/oos_final/2020-11-29/pressure_012.json,14380,8864ceb08b8e7fbdb6300cf01b2f49db97418345f4b5c665f380daa5a31e3c35
data/reference/revision_v37/experiments/oos_final/2020-11-29/pressure_013.json,14490,0afb2830b8690e651544fcd455de1ad412e3011340758cae93c5d8642448fe0c
data/reference/revision_v37/experiments/oos_final/2020-11-29/pressure_014.json,17591,cb42188324a86d006a4fec61e592f936edb4c9fbd2bd23c015a9dd99d9763400
data/reference/revision_v37/experiments/oos_final/2020-11-29/pressure_015.json,14350,a06994cff0731d2efee88e89e22b03b051cbb0fe48aa0ffbc6b48f38de5bf7db
data/reference/revision_v37/experiments/oos_final/2020-11-29/pressure_016.json,14399,f2999df4e1cfd75da80ddc5a5c798d4ae96c535bc4a3b66c43723b5e8accff89
data/reference/revision_v37/experiments/oos_final/2020-11-29/pressure_017.json,17571,76921d0154ccbae6b0f573fc7f9c3257a7dac93198bfb75f1549ee69de6eb4e2
data/reference/revision_v37/experiments/oos_final/2020-11-29/pressure_018.json,15934,dd8f704b3a314a3ffd7a67d95fb90ce2469d5fb06e4af59dff89229eb6d7fc64
data/reference/revision_v37/experiments/oos_final/2020-11-29/pressure_019.json,13469,73b3d4598d82fc17595ca1acc3f7d4360a2610f980080087181880c858466bb3
data/reference/revision_v37/experiments/oos_final/2020-11-29/pressure_020.json,14322,0f5f20dacb0c81862e725c1ca6a4ecebed9463423c75352d76de8256d5b9b06b
data/reference/revision_v37/experiments/oos_final/2020-11-29/pressure_021.json,15192,fdf6b4bd97c2ae36c444ca59bfb7a7fbd4657107cca182403e152476afd51666
data/reference/revision_v37/experiments/oos_final/2020-11-29/pressure_022.json,14367,9dc661024566a65767ed0cceab4b15ec24e2d551ae0681909a5406f6572010c3
data/reference/revision_v37/experiments/oos_final/2020-11-29/pressure_023.json,14387,a7549c6f07251ab19c2f3db231e401ac6e38be11d15a5b78077300ffb5285763
data/reference/revision_v37/experiments/oos_final/2020-11-29/pressure_024.json,14333,f49ff161d655a9f142a92ec55c31c73523b36fa22eaf2d0bf6c1b2a923633fef
data/reference/revision_v37/experiments/oos_final/2020-11-29/pressure_025.json,14333,b5bb6576897cdfa39d13c5217e4d0f18f8e06d4d1998360750fffea1c0b87d20
data/reference/revision_v37/experiments/oos_final/2020-11-29/pressure_026.json,14361,4f17053ce6a9770b77c4d8e871d2417a336be448652dc61a6c77722785565339
data/reference/revision_v37/experiments/oos_final/2020-11-29/pressure_027.json,14348,e4d9b80871a34807263a75ea7b70edc984b361448cafd3fd57566578d43f3731
data/reference/revision_v37/experiments/oos_final/2020-11-29/pressure_028.json,9756,04c58368cfae671a94920bc362f8eb7bafb410c5a5a778e3a56b0b866eeab5e9
data/reference/revision_v37/experiments/oos_final/2020-11-29/pressure_029.json,8967,10a3e71d54152cfcc58f4a098ae98c9e5fd7d28ca1f4ea6c925ddb9a8d510a14
data/reference/revision_v37/experiments/oos_final/2020-11-29/pressure_030.json,14407,591e2694f9e97d29da8608b0c56bd79be4aaf73c21071bec99d554e7145bd7e3
data/reference/revision_v37/experiments/oos_final/2020-11-29/pressure_031.json,14493,5b8d462966a35a14eab386c4566ec361b39e073fea308b5009ab6905314092b3
data/reference/revision_v37/experiments/oos_final/2020-11-29/pressure_032.json,15949,17e6f162375b7f52f80692602de1536b6689c8e55fc0dabeb0a3b898772b242d
data/reference/revision_v37/experiments/oos_final/2020-11-29/pressure_033.json,12120,5a9eed50301e3236702f71fdc0f03195907187c66104a53a4a12137134633277
data/reference/revision_v37/experiments/oos_final/2020-11-29/pressure_034.json,15248,f088400bd0ccae4e1cb3ea91ff397ac9715df4fc53f2bab9d4b6538344a50a08
data/reference/revision_v37/experiments/oos_final/2020-11-29/pressure_035.json,15895,f28d7f32f7a6916cff913e923bcfd9e1adc1536b9ad99f4cd31b56a611b2d423
data/reference/revision_v37/experiments/oos_final/2020-11-29/pressure_036.json,14350,673a0a5b4ab14b225d63ef24e0631538a6fc7f937fdfbc9d0da1b6511190bba7
data/reference/revision_v37/experiments/oos_final/2020-11-29/pressure_037.json,14332,0a5df780ee04322917bf3f9e5ef4e6ad008ddd64f36e1fb5da03b161d86cb998
data/reference/revision_v37/experiments/oos_final/2020-11-29/pressure_038.json,14385,00e89c18b102617562fd5e9033b753b5c4ed378506bb062a2d01f489a58c2b4c
data/reference/revision_v37/experiments/oos_final/2020-11-29/pressure_039.json,14322,aecf6a4c2ac531423f57d01a43aa72453e11b8463e85f6ab5bd6b862f55bb563
data/reference/revision_v37/experiments/oos_final/2020-11-29/pressure_040.json,14365,ddee7c7d6cb039264e1a084054e2cac19fe353d7041b5c86908e81ae538099c8
data/reference/revision_v37/experiments/oos_final/2020-11-29/pressure_041.json,14425,c9d0890301fb022bf136200236a563364f6fc4c7f595f231292aca3097081c71
data/reference/revision_v37/experiments/oos_final/2020-11-29/pressure_042.json,14419,e32c67a79bd3436fa3dfbc17a0fafad0b3a50eb774b528161472fcd0468879d8
data/reference/revision_v37/experiments/oos_final/2020-11-29/pressure_043.json,16768,616fc4da6563db8e0d04238e97443e321273b221b1080f6f91555492b15d6df8
data/reference/revision_v37/experiments/oos_final/2020-11-29/pressure_044.json,8924,445c81f81a9c965cfca0d433ac0fe681e09da1798d16988e96b2f3676f4e1cf3
data/reference/revision_v37/experiments/oos_final/2020-11-29/pressure_045.json,15189,5069c7e4ea43b04eed73ad20d28c97e22f3d5a875cae73d212881c042f7ae4dd
data/reference/revision_v37/experiments/oos_final/2020-11-29/pressure_046.json,14376,5d089f4c94b0777fed1b5cecc350aaffe595d109b892a94b937e77be56ec2666
data/reference/revision_v37/experiments/oos_final/2020-11-29/pressure_047.json,14452,086ead631222ce03a9f2aabf87a0cf39c45cbee14c799d3058236e9f5616ccfd
data/reference/revision_v37/experiments/oos_final/2020-11-29/pressure_048.json,15173,abb0296a821504426ab5d86201406685a59799cda3b34b19bba4127068967bd0
data/reference/revision_v37/experiments/oos_final/2020-11-29/pressure_049.json,14346,3234d4bc0314f4e77183a0ae0eba954574872527ea2afa71529792aa967a5c89
data/reference/revision_v37/experiments/oos_final/2020-11-29/pressure_050.json,15950,f29c619b81d8587a74caf3d52e900978ed4e063f60d8c13c6e293ccde1be7bf4
data/reference/revision_v37/experiments/oos_final/2020-11-29/pressure_051.json,17534,a6af61d143a2e8b0caca643146b0b1d31196bd98f34aa77fb828a165dadada74
data/reference/revision_v37/experiments/oos_final/2020-11-29/pressure_052.json,15961,d28bd03bfe7963b003b7ef9be1540e1b969bba116252358c457f97ffa91e3885
data/reference/revision_v37/experiments/oos_final/2020-11-29/pressure_053.json,14329,68f0c6a70ef4ea48bcbfbaf5e0fb21f3c2e1b85c158eb788e6d79bbe070607b7
data/reference/revision_v37/experiments/oos_final/2020-11-29/pressure_054.json,14506,016366e4469d24180ad2c29c919d8ecbc753b16e2cb157e43ccdbc4442674b2e
data/reference/revision_v37/experiments/oos_final/2020-11-29/pressure_055.json,15100,f0627cfa0bdf298506bcc0332f60c25282d0f8b062898678715eb88e9870b0d9
data/reference/revision_v37/experiments/oos_final/2020-11-29/pressure_056.json,14378,c6738ffa75d035d46801bb9e15c3086cab07a85b14b9aa72616e857c6a140677
data/reference/revision_v37/experiments/oos_final/2020-11-29/pressure_057.json,14331,237c5212ea2af139fbd2448008d2d1edeaacee0f345407237a382b32a4c40c86
data/reference/revision_v37/experiments/oos_final/2020-11-29/pressure_058.json,11913,fd8e9814aced1d1b10138019f4ca6363244f9e09e315c306e88aa1b7c84bdf37
data/reference/revision_v37/experiments/oos_final/2020-11-29/pressure_059.json,17503,77bf9b3084c8755acacc640d041b1381cd8cdaed5fd6d74de82b257ea641aad2
data/reference/revision_v37/experiments/oos_final/2020-11-29/pressure_060.json,9769,da3e2c49fcc4bdde60bac0636084a64409a714bbace60610ef46aacdb63057d8
data/reference/revision_v37/experiments/oos_final/2020-11-29/pressure_061.json,14318,9b0e52945b3758a3a0cca3aa66b9ebf7a416f1c6cc8ae2cddde9857c9e1dd648
data/reference/revision_v37/experiments/oos_final/2020-11-29/pressure_062.json,14409,d849a07bb6316643bff1e49589cd82b1487f3e1b19490af351d8b955ccd98a5c
data/reference/revision_v37/experiments/oos_final/2020-11-29/pressure_063.json,14347,3edb042f5aa3ef0f5390bb86473d029f8546285fd47aef6250ce9bc779f6bc0a
data/reference/revision_v37/experiments/oos_final/2020-11-29/pressure_064.json,14387,a1f3cabd921f519d78eddaab3b59853e1aa621bdcd3a7a7ea4bb09b82410baf3
data/reference/revision_v37/experiments/oos_final/2020-11-29/pressure_065.json,17512,f426cf25d38810ecab9f67fb0d28061b3ff413490ce4f466f1bd5b56d113a814
data/reference/revision_v37/experiments/oos_final/2020-11-29/pressure_066.json,14368,074b639147bd489475cf9d85505c288fe63c52fba0c5eeafc415477d25cda585
data/reference/revision_v37/experiments/oos_final/2020-11-29/pressure_067.json,14340,10a14126ef78c54bbc7ed99d3e3b58286172181f7868207bfe8439b9a7df5c09
data/reference/revision_v37/experiments/oos_final/2020-11-29/pressure_068.json,15289,ef8f0fbed04c7ffae642915e3f9d3f40c0723832bf367b3509f899226f15828e
data/reference/revision_v37/experiments/oos_final/2020-11-29/pressure_069.json,12759,45901f8587cfd35f957554cbf6686b9ee8f4c2051c0d6508cc393a50c5ca4b0a
data/reference/revision_v37/experiments/oos_final/2020-11-29/pressure_070.json,9007,9f303aa5a5332d547346f58d249ddef92fd7e68ecb9aa5e1d55a7a8e1a181bba
data/reference/revision_v37/experiments/oos_final/2020-11-29/pressure_071.json,15206,6a928d991d9b2157804e53baf21adff60a0a3e7fa8b0517660575c81af5cffd0
data/reference/revision_v37/experiments/oos_final/2020-11-29/pressure_072.json,14376,434378c216180bd22a9f5f54582fe493246997af13740de370f1da45ba185f17
data/reference/revision_v37/experiments/oos_final/2020-11-29/pressure_073.json,14453,29dcab2549ad218aa9231428b4b846c43b13b9ace417d92f8a0d97ed6f889a42
data/reference/revision_v37/experiments/oos_final/2020-11-29/pressure_074.json,12190,155d55037128359be9457840649c214fb939a2bf9d326ca662ccc0d68fa55fac
data/reference/revision_v37/experiments/oos_final/2020-11-29/pressure_075.json,14325,070d235fbda24516afb04f56bb127609d40b93e0960f49870fde9ed0277d398e
data/reference/revision_v37/experiments/oos_final/2020-11-29/pressure_076.json,8965,3091002d9e97a3cbf4dcebbca0857caaca172df9ba11fa7603a9e735067e8320
data/reference/revision_v37/experiments/oos_final/2020-11-29/pressure_077.json,14383,f6ac0378845b5401acbf25d5c2d60c14f6e0e6aacdd0b9ff1b275e0cbdae3388
data/reference/revision_v37/experiments/oos_final/2020-11-29/pressure_078.json,14304,ca0c6dac75699383e46f9998361875fa50297b84072c7b5c44eceef8e4846097
data/reference/revision_v37/experiments/oos_final/2020-11-29/pressure_079.json,6737,9bfbac11a202ad9a5fe66283e84e04f9ff3079e178272673e1278b58238aecec
data/reference/revision_v37/experiments/oos_final/2020-11-29/pressure_080.json,14368,2ca0877f274f9b5f9b5c090601828cf5ebe67838ba3e4a01e8e0d68041f19822
data/reference/revision_v37/experiments/oos_final/2020-11-29/pressure_081.json,8787,288b79b7fdf024e9e6fc8147b1d908e32d955701bda4134e80c743c86f0abbba
data/reference/revision_v37/experiments/oos_final/2020-11-29/pressure_082.json,16770,efdbe86c5e1ca4272aafa2e2bff3977b51a1fcf5e9667a79d2f8d0d017d9ba56
data/reference/revision_v37/experiments/oos_final/2020-11-29/pressure_083.json,14352,09145db78f352beab41bc6f07a35fca9b2de417d3d9b07ab49644f9cfeda68f3
data/reference/revision_v37/experiments/oos_final/2020-11-29/pressure_084.json,14317,eede0254bdb5bcb84b83e14d6a6aca1ea7476da5d3c1456b4bc9eb289eee01e9
data/reference/revision_v37/experiments/oos_final/2020-11-29/pressure_085.json,14296,be5694e9e95ce2413a48469744f3873cbe899276eee529578305de47106a9c8b
data/reference/revision_v37/experiments/oos_final/2020-11-29/pressure_086.json,14370,061793883ea51d4a25bc3ac27d2cadfa42b5c276217c451c6e34dfe5317c9ad5
data/reference/revision_v37/experiments/oos_final/2020-11-29/pressure_087.json,14395,dca0ec85eebdbb2775a973678f0c10e8ebe309a1d5ff1a2e55d12fbf5c391aad
data/reference/revision_v37/experiments/oos_final/2020-11-29/pressure_088.json,14354,30db96cddbc9445705fe2de9cc4269e1e36c43ca3ea0cf5c54a016ab784bf08c
data/reference/revision_v37/experiments/oos_final/2020-11-29/pressure_089.json,12208,1751a9447142604d2c163a895b0f5dffb57f4b5cf80ea5900ea459a927b42b83
data/reference/revision_v37/experiments/oos_final/2020-11-29/pressure_090.json,14396,ddc92498d6a9d70483c3e567e267408a71aba5c3a370811462b24ccfa23db7f9
data/reference/revision_v37/experiments/oos_final/2020-11-29/pressure_091.json,14396,0513829f7cfc99b8d515bb28f7c32e806c7fe8f66f1d7829b12078b104780a63
data/reference/revision_v37/experiments/oos_final/2020-11-29/pressure_092.json,14360,4805bbd47f3976115dc71f454bff4312061772df05f943d913ad4d82270f57fb
data/reference/revision_v37/experiments/oos_final/2020-11-29/pressure_093.json,14374,32e5e8d394f601529ca535e49ec551c85a2aabbc44f64e7d7ff90b5398c09259
data/reference/revision_v37/experiments/oos_final/2020-11-29/pressure_094.json,14366,e4c4f46bddc92836a53e7abd91f45fb4b0db5fa2856ed0b59812fa9cdc753620
data/reference/revision_v37/experiments/oos_final/2020-11-29/pressure_095.json,14394,a831bd8143f4ec44e40d5742110f776cedf3651e3075bb5ea1de6bf6e871c220
data/reference/revision_v37/experiments/oos_final/2020-11-29/pressure_096.json,14374,5abce783784abcc234bdb958bbd27ceaf009c2a741af788707ddfdabc7a38f3f
data/reference/revision_v37/experiments/oos_final/2020-11-29/pressure_097.json,14374,876849a73dbbcb9ab2f392511891ece24bf13bfdfa206409eea13ca1d7402271
data/reference/revision_v37/experiments/oos_final/2020-11-29/pressure_098.json,16008,db077a4eb0b4162c3e9200ff410ae78631a9d906e5635e4d4f804a90efd3f7b5
data/reference/revision_v37/experiments/oos_final/2020-11-29/pressure_099.json,10608,2338d56d190563c8845a52cec899cfe83303c0b215a294633ea98987619ba89c
data/reference/revision_v37/experiments/oos_final/2020-11-29/pressure_100.json,15284,7d0b804d52a7e1e0815292603cc65a337482c7023c0a22885732872f85ec8b59
data/reference/revision_v37/experiments/oos_final/2020-11-29/pressure_101.json,15101,edb95de77c4ef15056e8b51f1b6237a1556676ecaed0a8a8fe12939c51a83bac
data/reference/revision_v37/experiments/oos_final/2020-11-29/pressure_102.json,14424,e97c2215c9454b57ce753cc8e328b4eefa552e726c657939c3f946e34ddb5839
data/reference/revision_v37/experiments/oos_final/2020-11-29/pressure_103.json,14288,cb2b6bee7122c7e475818b648e47a18244ad8f5a60a70f42629c9568635dad4a
data/reference/revision_v37/experiments/oos_final/2020-11-29/pressure_104.json,12737,bd15ad85257f5c07e4bba3e124256820852c223ed48734821f5bf1f7ac189d8b
data/reference/revision_v37/experiments/oos_final/2020-11-29/pressure_105.json,17594,cc526692e341e83e9f663f719cb7255b190ccfed79d294f32140522f2b24aea9
data/reference/revision_v37/experiments/oos_final/2020-11-29/pressure_106.json,8908,24c9c9cf9b0012cbf6d21828125c52452d2ec7f33982e2237b0b74466f6fc669
data/reference/revision_v37/experiments/oos_final/2020-11-29/pressure_107.json,9566,b4f4c800ae9071da5398188afa303b433f78b0d30ec3c40dcb3ed9dbb266bfcc
data/reference/revision_v37/experiments/oos_final/2020-11-29/pressure_108.json,14374,753e7fed69d949958c2d460a24248e88f6c55fd14f1a069c943a63d813f285dc
data/reference/revision_v37/experiments/oos_final/2020-11-29/pressure_109.json,8911,e75da999909243e3a95de02363df139a93417f505a95f074437ba5d4fce66d4c
data/reference/revision_v37/experiments/oos_final/2020-11-29/pressure_110.json,14383,3fb05ab61f99a0cf87f88a958ea1d9671e71664fe23f8511adf585847bcb4535
data/reference/revision_v37/experiments/oos_final/2020-11-29/pressure_111.json,14424,fc7ecc701697dcd39b1df46e82bfb44019f4b432d8b47bbe6ea6dba10134e403
data/reference/revision_v37/experiments/oos_final/2020-11-29/pressure_112.json,14456,b7a4487a3f5e5c643a8dd9d649502940326eef7b45029baa375a4c847c34714b
data/reference/revision_v37/experiments/oos_final/2020-11-29/pressure_113.json,17591,163b3d35955122a0507a565a3eb92f30eadd7a52ace2a954a5fdcbd3afa58e30
data/reference/revision_v37/experiments/oos_final/2020-11-29/pressure_114.json,14290,9628473b4db1e667a8249621b05c1f2bb63467a6bd46884b380685bb0af37191
data/reference/revision_v37/experiments/oos_final/2020-11-29/pressure_115.json,16776,8591554ce12cafd68f83f6e12a29d1ebbf6eefa85f35734b963e34a56189264e
data/reference/revision_v37/experiments/oos_final/2020-11-29/pressure_116.json,9809,ca3bc53196b7d9992c796619001b38f735d9803962985a1bb5738765eed83020
data/reference/revision_v37/experiments/oos_final/2020-11-29/pressure_117.json,14371,54f163cbb1e84a66b6d6559d24a21b6d8e2ca25e9536b0c19cbc8dab17589174
data/reference/revision_v37/experiments/oos_final/2020-11-29/pressure_118.json,14340,472e4493413ddce9994871408eca10acff4f2c346f12b547a1e15eed44ccdf55
data/reference/revision_v37/experiments/oos_final/2020-11-29/pressure_119.json,8926,0bec60306a157529f259bd6c5dbc3f7ee51307d962090162fbad1a3c02df0428
data/reference/revision_v37/experiments/oos_final/2020-11-29/pressure_120.json,8985,21d69534c2b1f1f30a8a5ac98dd32d3f26029c810438bb1a3bdf015aa1d7c8e3
data/reference/revision_v37/experiments/oos_final/2020-11-29/pressure_121.json,14450,e82b4c31cbbd11e92e13e2d732ce14a350dbdc447b52bcfd2e9dba469b3ce494
data/reference/revision_v37/experiments/oos_final/2020-11-29/pressure_122.json,17620,e5d0e93622d4f478b9f1790687960ee008e1514eb81c5643e6c0e40e53f75a2d
data/reference/revision_v37/experiments/oos_final/2020-11-29/pressure_123.json,15157,30e35fea4114088767d71987779e70c3fe7cdfdc57c9cb568ae9e892d22a5fda
data/reference/revision_v37/experiments/oos_final/2020-11-29/pressure_124.json,8989,10c56421845324b0b08d18029ae6cb5f4662df914ef0997976439bce78ab7238
data/reference/revision_v37/experiments/oos_final/2020-11-29/pressure_125.json,14490,27583c4dcd23773c5a74af81fe61fcfc8dcc3ea73fbf9127cab6500538140f15
data/reference/revision_v37/experiments/oos_final/2020-11-29/pressure_126.json,14491,0556a76a91f451abee8fd216427f496ec6495287ffa430619a3cf83ad3a93bb7
data/reference/revision_v37/experiments/oos_final/2020-11-29/pressure_127.json,14438,62600d6039c049c4dc711768989d028055c57350e4239bba61d380c154a6983d
data/reference/revision_v37/experiments/oos_final/2020-11-29/pressure_128.json,12018,4c1f2ddf92cbf8cc9d352e0183ee3612417b1a136632baa7d0b215a8b012a93a
data/reference/revision_v37/experiments/oos_final/2020-11-29/pressure_129.json,15130,d0dc8ec6773af070ed9d4601951635b5f85ee77ba98d227e276b4e5204d237a1
data/reference/revision_v37/experiments/oos_final/2020-11-29/pressure_130.json,15870,ddd1a36e9bac22627644ec9d78bb7edafaaed69b5534163a97538e1b4e552f48
data/reference/revision_v37/experiments/oos_final/2020-11-29/pressure_131.json,11992,7b559fe5cc68e13cf330694e8c4d343d5b9d50e29622481f706eadbbbb6b7528
data/reference/revision_v37/experiments/oos_final/2020-11-29/pressure_132.json,17632,bdc90369ed47f5440376fe8e82b96dd792e4d3be01eb8a0062d5af39f7ea1199
data/reference/revision_v37/experiments/oos_final/2020-11-29/pressure_133.json,4318,5ed8951c25f6d94d522004a64169abf6a3af2bf6c8b8b6c3c37e19fd3a59cb67
data/reference/revision_v37/experiments/oos_final/2020-11-29/pressure_134.json,11918,c4b8cadc355376a7e12f9b76cdd2e62d269adace53e9cb1ab52efeeb0540ae3d
data/reference/revision_v37/experiments/oos_final/2020-11-29/pressure_135.json,11938,c654b1cf205b55adb056b9ad5ff26c98a3113b680685203da5407953cd3327a7
data/reference/revision_v37/experiments/oos_final/2020-11-29/pressure_136.json,8935,c11fad39e39e25acfa7b430a8c908126a1943a86c67010469432fe0e6105f1b9
data/reference/revision_v37/experiments/oos_final/2020-11-29/pressure_137.json,14362,9c113cfb872c757cd573c8bce1985dfda1a3faf38bf69efca9103d6136e3d3f8
data/reference/revision_v37/experiments/oos_final/2020-11-29/pressure_138.json,14378,2b7ace9718c2ac2d9adbc5a499242605031bd743043f351360f2b5290ab23e7b
data/reference/revision_v37/experiments/oos_final/2020-11-29/pressure_139.json,14456,8f6fe88b53b9ac9743707ef83a107128f14dbb8351c186d8df499fce30f1d817
data/reference/revision_v37/experiments/oos_final/2020-11-29/pressure_140.json,16691,c3b4f9342ed11b17382570f84acaa81d3918061788eae57198ec292682976488
data/reference/revision_v37/experiments/oos_final/2020-11-29/pressure_141.json,14388,31b7270775b1e14b3132488b8a7cc989a7ede406b57e13d8351dd49a103e9c58
data/reference/revision_v37/experiments/oos_final/2020-11-29/pressure_142.json,15129,86eb8884cd6418cd3caa8f69a62d30ae9a5b585f50beaa3d60a224219b42e228
data/reference/revision_v37/experiments/oos_final/2020-11-29/pressure_143.json,12059,885d69ab7755b1476c65e0e6da27511eb284e9f7d38fe0cc3855f916aa684d7f
data/reference/revision_v37/experiments/oos_final/2020-11-29/pressure_144.json,14321,9aae3603497d2a6a28a62d649b8451fdbaeff65dd191fc0656ff29cf7f7054ef
data/reference/revision_v37/experiments/oos_final/2020-11-29/pressure_145.json,14357,b5f16cd2af79074ba184a0e4c17de87e586f1517a4d43e7fc8f96f9652982a3f
data/reference/revision_v37/experiments/oos_final/2020-11-29/pressure_146.json,17598,4742dbff81ca4f807a14aef40f1c2ba543eec8b88d80ea34152ea0b76dc0a2fe
data/reference/revision_v37/experiments/oos_final/2020-11-29/pressure_147.json,14290,755820feb48f60baebd16158d1d0ab35b101e275048cfe5887a34cc37e756c17
data/reference/revision_v37/experiments/oos_final/2020-11-29/pressure_148.json,8935,7f479060dcedd0b8a8ba88d1ab321b6d15f7584909c3c27657df5fdbe2c0fb5f
data/reference/revision_v37/experiments/oos_final/2020-11-29/pressure_149.json,14446,ec1382c178652dd3a057c28cddc7e2f02f9ec03cf89b826859f4da5fdeb0c8a7
data/reference/revision_v37/experiments/oos_final/2020-11-29/pressure_150.json,8927,2e293dc884bf5c135d22a8a49a59034d024b5f4008f286867196bb07fb1ab145
data/reference/revision_v37/experiments/oos_final/2020-11-29/pressure_151.json,8961,55ef37a880386cc1ff17f194cbba9f9a0d0f9f9a7b1fa98ccfcd6b00cf16bfa1
data/reference/revision_v37/experiments/oos_final/2020-11-29/pressure_152.json,14356,f72a4bcdc15419860ffb9b9689326a1b29f08de74f96637da00c999545b8369b
data/reference/revision_v37/experiments/oos_final/2020-11-29/pressure_153.json,12199,2e5c4d98b6cb4f110aac77cc15bce1c1224ae058325bf6797e7a4e7078038fc7
data/reference/revision_v37/experiments/oos_final/2020-11-29/pressure_154.json,3529,a62ad42293096589e79870200fcd0d9e3270ea3e82681914be046516215b949d
data/reference/revision_v37/experiments/oos_final/2020-11-29/pressure_155.json,14349,8fba56c804d07baeafd50274f4f46efbded63dbe6a31b69673929cd1215e4341
data/reference/revision_v37/experiments/oos_final/2020-11-29/pressure_156.json,16081,88fcaab3867a345f3305dd585ebf1863ac00b8ce1475e1e9495997ed6c5aa919
data/reference/revision_v37/experiments/oos_final/2020-11-29/pressure_157.json,14345,b2f881c0aa2270808688a3cb44be6d2012a729ef4c80c541a322319390f0d952
data/reference/revision_v37/experiments/oos_final/2020-11-29/pressure_158.json,7949,b27313c8b732e8eda676a785648e719fe98a4f37e10ea2e92bfb1e83622d626c
data/reference/revision_v37/experiments/oos_final/2020-11-29/pressure_159.json,14290,8edde1305f61d8e5b1a8350ee8e6f0c3b40a546a9f3782855e8efc0679eedb50
data/reference/revision_v37/experiments/oos_final/2020-11-29/pressure_160.json,14415,8676cb48471b7d7b4a3a295037f6eb6ba36485fa792282378fbae9af238a92ae
data/reference/revision_v37/experiments/oos_final/2020-11-29/pressure_161.json,14392,254b853df464c9f73cf4fb0eb9ffe2082c13d0f685a6b365f6462ffc0a6aefa9
data/reference/revision_v37/experiments/oos_final/2020-11-29/pressure_162.json,14356,11108e9a50c74f86a82bb1f69719cbdc7253d0c6d6c06ae510281a8410de801f
data/reference/revision_v37/experiments/oos_final/2020-11-29/pressure_163.json,14422,f2bc5932863ee1e04d0433eece4dbc84b82fc6776cda2c18190392215e9284c2
data/reference/revision_v37/experiments/oos_final/2020-11-29/pressure_164.json,14443,0a818e32cd06b080bf574ead087e6d0b0311d9d228cee9c4a71a5aa9978fcc90
data/reference/revision_v37/experiments/oos_final/2020-11-29/pressure_165.json,9768,7284b6a3db3e2051274da7b6d82de4506ee61cab38c302512e0daff1cf3d65a9
data/reference/revision_v37/experiments/oos_final/2020-11-29/pressure_166.json,14423,0fec077cb435c9ff084acd415bb9b2b6095d312e23bb7baf5872858e08f48fcd
data/reference/revision_v37/experiments/oos_final/2020-11-29/pressure_167.json,14382,2513057cae6419db515830c87724c1680bb9a1b7192eed2d6d27c9ddbee3a07b
data/reference/revision_v37/experiments/oos_final/2020-11-29/pressure_168.json,9784,bca58621641cd1596d7487885d62f2bd03a32db6891299d625c69f5151e7704c
data/reference/revision_v37/experiments/oos_final/2020-11-29/pressure_169.json,14377,7f24ff21bc779018661ab625eff18e0fc54aaeaf55c47040122f798fa04235b3
data/reference/revision_v37/experiments/oos_final/2020-11-29/pressure_170.json,14318,1814c79d6bba2227868a7b6b44d318d39b4e1b1e24a15f9ed37f203a48680ad0
data/reference/revision_v37/experiments/oos_final/2020-11-29/pressure_171.json,8915,590670fc902334f27dc95dacd9d717824b8cb9da539f9f8bbbf8fb8226026712
data/reference/revision_v37/experiments/oos_final/2020-11-29/pressure_172.json,14395,820b03d98808bbdba54f4804e88158483dc179ce166527c4439ebab8ed448985
data/reference/revision_v37/experiments/oos_final/2020-11-29/pressure_173.json,14328,5a8c591001a2ac5c9c27962ba89c041d30168bcf1f57cbbff07497114ccf0472
data/reference/revision_v37/experiments/oos_final/2020-11-29/pressure_174.json,9007,c89daa1a9f49e6e6c47e43e89ebcbce41430b2521bb91a6e85b386412cc42392
data/reference/revision_v37/experiments/oos_final/2020-11-29/pressure_175.json,15990,de15fa11787e933560153c08c5e66373c4df5f5af38ed373d159c4f3765ff36b
data/reference/revision_v37/experiments/oos_final/2020-11-29/pressure_176.json,14374,e57e193cb709614f3d4f1bb7cf66eca3525fa92f5ef7855019f32358e7c1e1fd
data/reference/revision_v37/experiments/oos_final/2020-11-29/pressure_177.json,17437,f1802d5bf57f207abe806cbd4b5ed8e3c745bb33fdd5d61abc28b886944a93fd
data/reference/revision_v37/experiments/oos_final/2020-11-29/pressure_178.json,12740,37454080a2d52d9c8e6041b7b2049e00df2fe5c1b85f104511199a8d76209261
data/reference/revision_v37/experiments/oos_final/2020-11-29/pressure_179.json,12719,b7d3c7e30b4726e465c391e81baa467da087229ae5063a63a763980fecaf0947
data/reference/revision_v37/experiments/oos_final/2020-11-29/pressure_180.json,14396,ab0bdbaacaebce2b2b29cde0c45cd0752463d0b4326cf01b62520d493ee84e19
data/reference/revision_v37/experiments/oos_final/2020-11-29/pressure_181.json,14404,aaa955737b641b6afba2fc2983e98a6e560cd90c05f6324e1aed55b751d57bdd
data/reference/revision_v37/experiments/oos_final/2020-11-29/pressure_182.json,14359,906cccaf82c63cd7916fbfea1e9483f8f001c5e5668f2383ad9b91599fda0e8d
data/reference/revision_v37/experiments/oos_final/2020-11-29/pressure_183.json,14487,bfdf47ff07426ecd68e75243bca9b1d32d060a506b3a3c99602dd0875d4e1887
data/reference/revision_v37/experiments/oos_final/2020-11-29/pressure_184.json,14361,e841d74490b179fd9ab9fcb6a94f091cdccfe3e205917c0af63d487f798d3395
data/reference/revision_v37/experiments/oos_final/2020-11-29/pressure_185.json,14371,cb6a5777fd3577d282732929fbf8e1fca5de79eaeac5176f3982a471fdf018b2
data/reference/revision_v37/experiments/oos_final/2020-11-29/pressure_186.json,14364,2306b7ce4ad078cd1f28d561b8d1b1d90b2d2b7d9d808b354155b56f053b64cf
data/reference/revision_v37/experiments/oos_final/2020-11-29/pressure_187.json,14298,c12e38581ac870807bed674c51d2b84dcf12f044a704733303a0625ead6e0640
data/reference/revision_v37/experiments/oos_final/2020-11-29/pressure_188.json,15209,4f1ce14ab54d47be546fcfd497a56dbee7c7ef5a7102b0d6e71e1808d0d01264
data/reference/revision_v37/experiments/oos_final/2020-11-29/pressure_189.json,8985,e169a98f88f72fdcb9e058608f3c60e24481023d43bdadfc955a623b10d3070f
data/reference/revision_v37/experiments/oos_final/2020-11-29/pressure_190.json,15175,903a0224fa1913a9ab896e2c9393fecb108793444785d725d1bc99581d3e4655
data/reference/revision_v37/experiments/oos_final/2020-11-29/pressure_191.json,15161,faea36eab91085584b038847f2f0afd443a2d76e9d1faa48dcb2d183b96117f4
data/reference/revision_v37/experiments/oos_final/2020-11-29/pressure_192.json,12706,dd35dab8c25c479c99527ec7f581c94935a41b56ffcfd42f5d1867ee01dc464b
data/reference/revision_v37/experiments/oos_final/2020-11-29/pressure_193.json,16038,3e62a7d453625ea563aff127795ca8904787d774c8a24a2cc434baa2870082c1
data/reference/revision_v37/experiments/oos_final/2020-11-29/pressure_194.json,14434,14e903859c47a252363f060d2f36fb386077765ef75298ddae4efda3282f48ef
data/reference/revision_v37/experiments/oos_final/2020-11-29/pressure_195.json,14375,efbe541d9dc80735aa1c283232cdebcaca48339cbb9fe665bc0d80736cdf0445
data/reference/revision_v37/experiments/oos_final/2020-11-29/pressure_196.json,14391,1dfb06294611e17a038c485ec9801df414fb64b59589a70588904d1621462403
data/reference/revision_v37/experiments/oos_final/2020-11-29/pressure_197.json,14353,4499ca6e361a2a874e3a7a7c3b81bedd8985c815a49602f1a97078a6f356cab8
data/reference/revision_v37/experiments/oos_final/2020-11-29/pressure_198.json,17505,f7c157fe46d8f325befc1d966acce5d0e239634a7a52a71acb6f41c0e8ed78c8
data/reference/revision_v37/experiments/oos_final/2020-11-29/pressure_199.json,14353,ccaf299ce2ea3759bf495ad2e83e50ded1e1187ccfa9772ebf9b35236a13f201
data/reference/revision_v37/experiments/oos_final/2020-11-29/search_protocol.json,612,36cf64d62abae3a841a26da454d2d69ae3edf9265150a2fe9f5e790d27a8dcce
data/reference/revision_v37/experiments/oos_numerical_retry/2020-04-07/pressure_056.json,9394,2ea14c3ae220bcba1fe94cbb6f6e548d550505b3b753740dd157d69959510593
data/reference/revision_v37/experiments/oos_numerical_retry/2020-04-07/pressure_096.json,6159,d8f0e75fb59781671e3c62382b9e19f2363da1888e53250ef97bc819cbbbaf6f
data/reference/revision_v37/experiments/oos_numerical_retry/2020-04-07/pressure_136.json,12357,0b1372cf46ac19e904abdab48a0d0cc2d80a6325ce188b537ad852f4b0fef989
data/reference/revision_v37/experiments/oos_numerical_retry/2020-04-07/pressure_163.json,12381,8ae0e68e16e16e45597752995362950bc1701647e3881fd122f7fc8ec523ee2d
data/reference/revision_v37/experiments/oos_numerical_retry/2020-10-17/pressure_023.json,6232,e90f38bd0248c99a45f505800e2463ea9d54ac0b6be71fe20974c3309a21f742
data/reference/revision_v37/experiments/oos_numerical_retry/2020-10-17/pressure_052.json,10125,2c8409762a48ac4d78c4c997bf1672bca23c22f1e877439f5ba4763a2fd863ef
data/reference/revision_v37/experiments/oos_numerical_retry/2020-10-17/pressure_078.json,9467,94b62b1b31b92f8f62e104e69ac24ce6397cbd33aa2857415591d9d418a3db87
data/reference/revision_v37/experiments/oos_numerical_retry/2020-11-29/held_out_001.json,12785,0574b006dd5cdf2bb86b2c0d536abf1a4d3da2e49e89c32cad3aa012c31aed2f
data/reference/revision_v37/experiments/oos_numerical_retry/2020-11-29/held_out_005.json,12832,9aee76e15f7261c78e940d9aa30b334a69991cda426d7eab5abe23870b854e3b
data/reference/revision_v37/experiments/oos_numerical_retry/2020-11-29/held_out_006.json,7910,1a7e9d45c5a6a398aa17fd7f2f9b0ad649801b6a318197978107f2d7ca755067
data/reference/revision_v37/experiments/oos_numerical_retry/2020-11-29/pressure_003.json,12662,d147e395fbf9a88ad6c7a6819a6f2df6cebaf17147a17ceff2bf1ab5c4ba8a12
data/reference/revision_v37/experiments/oos_numerical_retry/2020-11-29/pressure_005.json,9549,1008a0af8b9286901764758104085386dd1c20b7833e21406673bddaac5ea570
data/reference/revision_v37/experiments/oos_numerical_retry/2020-11-29/pressure_009.json,11057,b20bfca278699d7b50877f11c1a320959baf76fa46ed21bc057274084b06914c
data/reference/revision_v37/experiments/oos_numerical_retry/2020-11-29/pressure_028.json,10271,f927cb12d876398527b4c8ee4c419298ff38d49046c3f46557c733b7a1ac8cf6
data/reference/revision_v37/experiments/oos_numerical_retry/2020-11-29/pressure_029.json,9482,22f5a89a8b973e5bfa293b319c339b7f9ceafc49669c0a99a99675224584a29b
data/reference/revision_v37/experiments/oos_numerical_retry/2020-11-29/pressure_033.json,12634,79502a9b81380b76f5b275e140955c8ec26f606517a71bff84d20f287a1704e2
data/reference/revision_v37/experiments/oos_numerical_retry/2020-11-29/pressure_044.json,9437,3c57729d87e372af1c8504a2afda14aaf6a46ec8fa639d74e7fc0ca010af984a
data/reference/revision_v37/experiments/oos_numerical_retry/2020-11-29/pressure_060.json,10284,7c620a03731f534749b7d971eae4b9095349ba9cde88bc2ce7331494a477fde4
data/reference/revision_v37/experiments/oos_numerical_retry/2020-11-29/pressure_070.json,9522,331db77372411f9997c5e05bb8125a9b711a64659a7b5a84bb5edf31c4323116
data/reference/revision_v37/experiments/oos_numerical_retry/2020-11-29/pressure_074.json,12704,5fb5d1269aa7ff27b9fd3b7adedbd0bc3477d062a28d9e3756452889df0df99a
data/reference/revision_v37/experiments/oos_numerical_retry/2020-11-29/pressure_076.json,9480,174df6b251ce10fcc94d2b92db7c35830d7b1eb0d1c12bf12d77726f4cd92e6a
data/reference/revision_v37/experiments/oos_numerical_retry/2020-11-29/pressure_079.json,7730,6072ca81b2af8c6058a78a497a4aac8530eb6f69e4a1cb300c9c81788b7a1ef4
data/reference/revision_v37/experiments/oos_numerical_retry/2020-11-29/pressure_089.json,12721,d43747a4a00be9af2a7b709d22dc8af8a14063a12ac9750f29fe6925a34417c3
data/reference/revision_v37/experiments/oos_numerical_retry/2020-11-29/pressure_099.json,11124,d4c22f0b80468ab4756dcb4156de2e79639c1222d4c06ca528f479a2038f020c
data/reference/revision_v37/experiments/oos_numerical_retry/2020-11-29/pressure_106.json,9420,f1579a09d169246a96978d883b76da1b9f404999607868b812129108de2c5608
data/reference/revision_v37/experiments/oos_numerical_retry/2020-11-29/pressure_109.json,9427,6c6ee672b22f90d5b0f97771dadcbdeec580cc5b3aa90d45cb87fbc1b0316fa3
data/reference/revision_v37/experiments/oos_numerical_retry/2020-11-29/pressure_116.json,10321,354330236dc3bd59cedc4ce39b02c88647b07a8fdd06c3bdc56a8806bd902666
data/reference/revision_v37/experiments/oos_numerical_retry/2020-11-29/pressure_119.json,9442,dcc5045618b90634332f3aafe73bc9cc7471b3745e2413454241d6a5036a7c8a
data/reference/revision_v37/experiments/oos_numerical_retry/2020-11-29/pressure_120.json,9498,b313c1ce46d6cda05c0407d8916cd1667bccdd40474269f02ae41d22be36cca2
data/reference/revision_v37/experiments/oos_numerical_retry/2020-11-29/pressure_124.json,9505,87255b6552794b525a945f057f7e486b6f70439c4928c778d9f1f54c8207f274
data/reference/revision_v37/experiments/oos_numerical_retry/2020-11-29/pressure_133.json,5315,752bacc9933041bcd6a1cd1e2f77a91d6362595ca91d6d450864442da58a3913
data/reference/revision_v37/experiments/oos_numerical_retry/2020-11-29/pressure_136.json,9449,edd5623190bb3e24f815032e9c12c9baaad8421e52095bd4caf46a1c7d978f81
data/reference/revision_v37/experiments/oos_numerical_retry/2020-11-29/pressure_143.json,12572,8fa7bfa6db4b4b7872a62d38894ff280c709cc77e18053ffd1e2b8dc6f1d4e1e
data/reference/revision_v37/experiments/oos_numerical_retry/2020-11-29/pressure_148.json,9449,a8cae1a1ccddf68c9ca8e4ab627df561686b0d992b0936ba3681e14cc4a19972
data/reference/revision_v37/experiments/oos_numerical_retry/2020-11-29/pressure_150.json,9441,83ff1cf00dde3f11f38cdf692f114bc01074a9aa1345074b0774ed0732324444
data/reference/revision_v37/experiments/oos_numerical_retry/2020-11-29/pressure_151.json,9477,1303fd2ed98b67eca9fd8b1235ac93ca067a76d95207f983b92a420b98f8f887
data/reference/revision_v37/experiments/oos_numerical_retry/2020-11-29/pressure_153.json,12713,17bc94a1e0c15d553f3ef5683747a8842a278d3d95c40dd6332dc5d84f14af72
data/reference/revision_v37/experiments/oos_numerical_retry/2020-11-29/pressure_154.json,4523,31534f68c58264807aac207e6f1bdb29be720e114c0bcbb496d08574aa561096
data/reference/revision_v37/experiments/oos_numerical_retry/2020-11-29/pressure_165.json,10279,f50125316a7b9559a5e41b7f2889c636ecbb9f3e7ef00a68904856206601a4d0
data/reference/revision_v37/experiments/oos_numerical_retry/2020-11-29/pressure_168.json,10295,dc73f23b0f40db11f1b8d49b57663bc68c36fee30be4cd036e8ac7c0402dc2ef
data/reference/revision_v37/experiments/oos_numerical_retry/2020-11-29/pressure_171.json,9430,9a31ffa4d2590304d6ec68964c27db6a8c210d2fe6f4e8ee1d7df5f6b828c266
data/reference/revision_v37/experiments/oos_numerical_retry/2020-11-29/pressure_174.json,9523,a20a82cffcb54d79663c035185ae70f614a1faff4942b34f713202d45d080c40
data/reference/revision_v37/experiments/oos_numerical_retry/2020-11-29/pressure_189.json,9500,f2ba35c1e3ca0135332ed90d97532da53f1c27719f379248dd360feb407bad22
data/reference/revision_v37/experiments/oos_partition_checkpoint.json,23099,b731900ff28c5a9fb4b14c46c3cbef2dc2ec4f21f17a433ccde59dc50d1b044e
data/reference/revision_v37/experiments/process_mode_validation.json,240541,51b319d9a5c7d5b3e6bfbaf17b2251b142c6f2aab9f5a456081b0d9099d2ba01
data/reference/revision_v37/experiments/protocol.json,1899,2b7aac8a3df477a6b6ffbad5817c9f077499364ef8070ea1e02ea5a41f03a8d5
data/reference/revision_v37/experiments/region/2020-04-07_0.json,43726,dd3baca10781bf23f96a324d817a31922f3b6f6af0f3a349b76dc1aa49d72996
data/reference/revision_v37/experiments/region/2020-04-07_1.json,44733,afa38e4746a738bc324ca8a41b8c205bc5ca9d583caf28a8b3891efee89edbcd
data/reference/revision_v37/experiments/region/2020-04-07_2.json,44410,399a96e38de4437fafd68e5396624d7a3757e30b19e546dffe6d6167f2c6c068
data/reference/revision_v37/experiments/region/2020-10-17_0.json,43975,ce237c181e6be840149727e85e34a73256459e32422651bdca45f26dc5929188
data/reference/revision_v37/experiments/region/2020-10-17_1.json,44596,797578dc6b1a9de1f04e4cbc279d2b408214776cdfc907a86015a06f8d53e437
data/reference/revision_v37/experiments/region/2020-10-17_2.json,44415,b1fc85e639b20fd70780a4d8ccfd24a56a7cb87d03065e8b94d5e1ab61f82975
data/reference/revision_v37/experiments/region/2020-11-29_0.json,44703,b3dbb9cc4909353337e30da39570ab739bb0afcb15f3a5f4ca6c191ca611e144
data/reference/revision_v37/experiments/region_dense/2020-04-07_0.json,157558,00adb6331d41db361da459e1630231ab575b061c3fad2f7f5628ee8d07dfae1c
data/reference/revision_v37/experiments/region_dense/2020-04-07_1.json,157575,6a72cbc2f02d0b346ed607464e563313d52ae6d24c3c999ee567bdf9c9f1595c
data/reference/revision_v37/experiments/region_dense/2020-04-07_2.json,157335,952a0f72cb66393d6e97144e68ffaff9ff12849bb0358ed42e060ea0ac2148e3
data/reference/revision_v37/experiments/region_dense/2020-10-17_0.json,157621,519b9c19db910398708fa8587a5b9419fd1533302f42c528811d5151ed74d600
data/reference/revision_v37/experiments/region_dense/2020-10-17_1.json,157582,05384b9425060dad7e0ce32e59464a945a03a746060306122a17603711d1fb52
data/reference/revision_v37/experiments/region_dense/2020-10-17_2.json,157507,8d56c272746ee2d7461accf565f4eb0b856618e35506298a23df6876678d4e38
data/reference/revision_v37/experiments/region_dense/2020-11-29_0.json,157694,532cf9878417d4ecc794073ae322518ae56833e4f77c97cd193c58616cad0846
data/reference/revision_v37/experiments/region_dense_summary.json,1215316,c2ee64729007ac72fb0416156cf1a0325c8780c0594301807243d4c33f0a1f80
data/reference/revision_v37/experiments/region_refined/2020-04-07_0.json,62157,1a993622d3736d66c7bed2c723ab96ebeb2a1d608fbac14ea29df71ccc8616ee
data/reference/revision_v37/experiments/region_refined/2020-04-07_1.json,63189,faf3d0bbda667bfd2cdd81dda2a393c5219b66e1abc414b1b85d054115991e68
data/reference/revision_v37/experiments/region_refined/2020-04-07_2.json,62737,be28332f137898e2b1c78276cd4a175e91cf6e86792d150cf03b9cd6b5cdea29
data/reference/revision_v37/experiments/region_refined/2020-10-17_0.json,62410,5de6c06cd02063c7772b06f9990aa0dd299786f5e536683bcd3b31014cb44f5c
data/reference/revision_v37/experiments/region_refined/2020-10-17_1.json,63044,e2df1b2beea6bece254cb6077623c9f5c9e41025b11ac326e3e3d8754ce7a999
data/reference/revision_v37/experiments/region_refined/2020-10-17_2.json,62808,f1fbb3bd91ec5fbabc619b1dee7f24b3995bc6b99e4fd6b22e8856abfa9c2890
data/reference/revision_v37/experiments/region_refined/2020-11-29_0.json,63283,1f6aa56495d083c1272fbd7a547ca1ef8ae95370c6e7a72a4bb2ecf800c592d5
data/reference/revision_v37/experiments/region_refined_summary.json,478502,738097a1c51ed4dce6d55cdaa1abba391becdfc11b72a66f21757dc8001f665f
data/reference/revision_v37/experiments/region_resolution_extension.json,338,a040a265ce45d0187903f0362fb9a0f42a41f701ba4a17540664379bace47609
data/reference/revision_v37/experiments/region_summary.json,340360,446a75252a90e4f33eba802fcf2e19312838677bc6e6b05d485285715dfb9898
data/reference/revision_v37/experiments/scaling/2020-04-07/10_0_extensive_final.json,611,c8673b38573aa32e0bda815e393d3c5b5d63cb578b4e05ca6938b25685af90d6
data/reference/revision_v37/experiments/scaling/2020-04-07/10_0_original_final.json,610,9fe3e5667d24b23bc2449240c066344e5739bbc7b2cfe66cde031087849ac9f3
data/reference/revision_v37/experiments/scaling/2020-04-07/10_0_original_trace.json,8133,fd8116bf4003c5a62880816fa81b9f6b0fe3e530d86cd79b8a423806a0db2b68
data/reference/revision_v37/experiments/scaling/2020-04-07/10_0_reuse_final.json,607,bd2a65937f8e36b3533f899507d23c21563195d70c1ebc9e82fbe4f222250b52
data/reference/revision_v37/experiments/scaling/2020-04-07/10_0_reuse_trace.json,8133,c213423347662edb0a1419e63d64675f7800de3e9ad75d5832ea29f05fa5d6a4
data/reference/revision_v37/experiments/scaling/2020-04-07/10_1_extensive_final.json,609,ec3e3f2af324e6949fcbbde72e88ccf6a598179bee6ba99254d3a98f8d9e3fea
data/reference/revision_v37/experiments/scaling/2020-04-07/10_1_original_final.json,609,4809c0d72669ec34e0ee65ac546f04435e2d608859225431bc0c21319e1ba04c
data/reference/revision_v37/experiments/scaling/2020-04-07/10_1_original_trace.json,8132,df30f324ddc887be4cb316f97540bda189bbdc1fa106ec500335f4ba57cd20e7
data/reference/revision_v37/experiments/scaling/2020-04-07/10_1_reuse_final.json,606,f18690eccec889a40c8d8872bfbf9ee035807becdaa403f54f81bcbd5dde7102
data/reference/revision_v37/experiments/scaling/2020-04-07/10_1_reuse_trace.json,8132,444aa486f128ae393613bd0b478070fdf8d68a8a940f4f2e584f5bd43d88fd05
data/reference/revision_v37/experiments/scaling/2020-04-07/10_2_extensive_final.json,611,245b3654ef32c5b1bc73190d9a1a5ca2e3d3d0a890e03905ef6499d7f8934957
data/reference/revision_v37/experiments/scaling/2020-04-07/10_2_original_final.json,610,d8cc4cd48212f014e2f75237fe47237dea77a4fd913fca85060971ad1a50fcf2
data/reference/revision_v37/experiments/scaling/2020-04-07/10_2_original_trace.json,8131,fa10a0a055c7bfe8e90432bfcf7d1906ad2ed5e8e9fe5f4f93fdce7e649cf785
data/reference/revision_v37/experiments/scaling/2020-04-07/10_2_reuse_final.json,608,6afb75e534f7cacf091ca65793230f054bcfc302d523f22698488921aae2009b
data/reference/revision_v37/experiments/scaling/2020-04-07/10_2_reuse_trace.json,8129,dcb02f69fa819283537773e8846aa3e27de33185b552ad672edf2421809a8350
data/reference/revision_v37/experiments/scaling/2020-04-07/20_0_extensive_final.json,611,ab102e6150d94334b9143d11928d51b95dbf192d049107d51445c629acf72541
data/reference/revision_v37/experiments/scaling/2020-04-07/20_0_original_final.json,610,a05c6f4e055d7db9155e19ea9c824911effb4b81f9d79dcd1c97a560344b8362
data/reference/revision_v37/experiments/scaling/2020-04-07/20_0_original_trace.json,14646,2740e8e7c41ed95efffcdda390096b9ea60cafe55be90d5af0db2c588e7e14bd
data/reference/revision_v37/experiments/scaling/2020-04-07/20_0_reuse_final.json,607,54e40d43f3041d96889d58adeb2927b9f6a47166d5e7595b9326a93de1faa820
data/reference/revision_v37/experiments/scaling/2020-04-07/20_0_reuse_trace.json,14645,2e5ced2a02937db900b180d0f8b047ed02fd635e5ce2d67ee72d1da4ef66cec4
data/reference/revision_v37/experiments/scaling/2020-04-07/20_1_extensive_final.json,611,6c3dbfdfcc7114f1f8739e9f5ef7400c7b6072f8aaebae5af29afe060be8d8f8
data/reference/revision_v37/experiments/scaling/2020-04-07/20_1_original_final.json,610,9ed4481ac27e8270a0daf6318d75045a2b62740eab46dee90bfec5547f9d3e94
data/reference/revision_v37/experiments/scaling/2020-04-07/20_1_original_trace.json,14642,c74c4d2fd93b2cdc1e3becba9d5a05a28e96fb27388ebd150e60db3342bf9173
data/reference/revision_v37/experiments/scaling/2020-04-07/20_1_reuse_final.json,604,6139dbd20d70e79c2a06b928c1958d414e635a2cf9e752414d45264fd5d50468
data/reference/revision_v37/experiments/scaling/2020-04-07/20_1_reuse_trace.json,14644,b0cc11d8655bcdd6a11f01c3279ae38f064e5c3607bd2939bfdf2d1ceb9d79ff
data/reference/revision_v37/experiments/scaling/2020-04-07/20_2_extensive_final.json,609,02504a3637f6cd3039d906eb0c349a8e88060d201b11bf12a64e194c0c4745a9
data/reference/revision_v37/experiments/scaling/2020-04-07/20_2_original_final.json,610,9eea000e00144a0f1da84235cc076c367a98690fa67e7791ca804b8f5925b7e0
data/reference/revision_v37/experiments/scaling/2020-04-07/20_2_original_trace.json,14644,eb683281517ec6a29009ce89c7f811ede61e4fabdd53d966beb17b4073e2b94a
data/reference/revision_v37/experiments/scaling/2020-04-07/20_2_reuse_final.json,607,89946a000f184ef6517746ee3042012c449489f052385f70c7270ff8a80b5f7d
data/reference/revision_v37/experiments/scaling/2020-04-07/20_2_reuse_trace.json,14642,e8dfc7b43eb113f3f8489435f646abe6a293f93748ab0467fbec84ef66b29a7e
data/reference/revision_v37/experiments/scaling/2020-04-07/40_0_extensive_final.json,611,c68be78fab000154120c04f65d9c9b5373d74fe97a708e8a991add7106416032
data/reference/revision_v37/experiments/scaling/2020-04-07/40_0_original_final.json,610,00ab8bb6859fa594760768b33f93add57005c759c9d8b4f32d8369406bc28c20
data/reference/revision_v37/experiments/scaling/2020-04-07/40_0_original_trace.json,27155,ae00b5dcacc7aef668270ff933bac126bd416d78b7235ae64ca30835197fbe83
data/reference/revision_v37/experiments/scaling/2020-04-07/40_0_reuse_final.json,609,b5db9678f58bb6d957d59a3f18f1c1e3923ad15132614edd67433490f4181a34
data/reference/revision_v37/experiments/scaling/2020-04-07/40_0_reuse_trace.json,27155,1c41583242f42eaa2ccd96cbeb8719449625d4958a5e102a473711379f687a7d
data/reference/revision_v37/experiments/scaling/2020-04-07/40_1_extensive_final.json,607,e373691df7a2c8ef6aa832feb7acf52d74e811493815ceda3f6a574bf91083ea
data/reference/revision_v37/experiments/scaling/2020-04-07/40_1_original_final.json,613,6bff6de34765fd6a3fd5811179a09ba3089e295aff1c2c2a99aef03deb36315f
data/reference/revision_v37/experiments/scaling/2020-04-07/40_1_original_trace.json,27154,240ed880fcb437e79c2d1ad7d01035081aa8fc6b9445f7bbe3ccebc454a6e986
data/reference/revision_v37/experiments/scaling/2020-04-07/40_1_reuse_final.json,607,baa9d5f5bed1d0329504edac6a390af5ac6dd37cad08e4ba4204d2430b39d60b
data/reference/revision_v37/experiments/scaling/2020-04-07/40_1_reuse_trace.json,27153,5e55af49ace934ea5a2e4a2f4ff357c8b6287ff16d2cfb3bb8de20a1b177d5aa
data/reference/revision_v37/experiments/scaling/2020-04-07/40_2_extensive_final.json,609,b219c58100f32f458e9a98d89c465c35830ef81ce405603c41639d4fd6e332e2
data/reference/revision_v37/experiments/scaling/2020-04-07/40_2_original_final.json,614,c90211ddd857351143a5309bc7ef4a8375e72788175fef9c2854c922443d1e99
data/reference/revision_v37/experiments/scaling/2020-04-07/40_2_original_trace.json,27149,061c51201970d20e0a9cd90451c831ba5187128485d358ce91a2e249626034e1
data/reference/revision_v37/experiments/scaling/2020-04-07/40_2_reuse_final.json,611,cf6ca317d5fa68600113f634767312087644e9211594695cea61fee7aa4dcb44
data/reference/revision_v37/experiments/scaling/2020-04-07/40_2_reuse_trace.json,27152,817d6f73e91a32a090f865689462597af10f353fd9e2a83061366062e8d80bd7
data/reference/revision_v37/experiments/scaling/2020-04-07/5_0_extensive_final.json,609,3c963f5f91b89fc86c2d7c7ac749f33b83156e2c5f8f1c3d9fd2bfb7e45c3564
data/reference/revision_v37/experiments/scaling/2020-04-07/5_0_original_final.json,611,3019112f9504699217d1fa4886a9db463915d05e0b98aa648b1c467f3c87a6be
data/reference/revision_v37/experiments/scaling/2020-04-07/5_0_original_trace.json,4585,e09efbc27d66650a8253e1428783bf8bc4d44ec90cb1626a9ba7c7c945b1c2e0
data/reference/revision_v37/experiments/scaling/2020-04-07/5_0_reuse_final.json,606,d546e5019aaa9f2e2336f3ee8ff9dc2839cae849d98da2f693128f0a244d2582
data/reference/revision_v37/experiments/scaling/2020-04-07/5_0_reuse_trace.json,4585,ab96354b78795dbf139b151b2eb20888042bf2bb79e6d037d194c31175d6529a
data/reference/revision_v37/experiments/scaling/2020-04-07/5_1_extensive_final.json,609,72ce9ef2c1cf0eb1af195c42975466dcccf0b3e83813ec5bd0da260317aa3567
data/reference/revision_v37/experiments/scaling/2020-04-07/5_1_original_final.json,609,3d2e8fb6e916df4042785bfd77fd62acd57700a90cacd30f656460dd4793dac4
data/reference/revision_v37/experiments/scaling/2020-04-07/5_1_original_trace.json,4583,8741b3cca6fc3f9f9d4e99439dd983e7eca6f42bee632ab30b6c7fd75c29076f
data/reference/revision_v37/experiments/scaling/2020-04-07/5_1_reuse_final.json,607,b1245a7e7b7d060d9ec546450cd3c220d7a4afad206c56e532530fa12121a75d
data/reference/revision_v37/experiments/scaling/2020-04-07/5_1_reuse_trace.json,4586,9b23cde8f1e7a8c5f446f08e21c68167b15941e294d08ef2afd4efc2ea369050
data/reference/revision_v37/experiments/scaling/2020-04-07/5_2_extensive_final.json,609,20bb6980f617e3d74fb757f1638d6e15ddea534961a8e8ba0602e57a56ecc717
data/reference/revision_v37/experiments/scaling/2020-04-07/5_2_original_final.json,609,20b224816982288a43b3f25cb0592547f3e9783e93cdee6993ee6c13b0333faa
data/reference/revision_v37/experiments/scaling/2020-04-07/5_2_original_trace.json,4586,70088f59703f9b5f842698a10ab011db53e706de165ac57af443ad57467ccac1
data/reference/revision_v37/experiments/scaling/2020-04-07/5_2_reuse_final.json,607,192a9716622ab55aa02d4092f58864fab4f717a160ac8e9c0696b90f6f7f62c8
data/reference/revision_v37/experiments/scaling/2020-04-07/5_2_reuse_trace.json,4586,b959601ab31d044608685ea3b788d9f625d4f8731795907b1c00339b799ba57a
data/reference/revision_v37/experiments/scaling/2020-04-07/completed_15.json,2363293,f9776b1dc2845dffe30443831c71c8e8c2deb038dee60a32e7cebae18a9efd6d
data/reference/revision_v37/experiments/scaling/2020-04-07/completed_19.json,1405593,c2cf9268c0399aeb8814b1774571ebb4f55bfab3732aeb48bc32901cb3d12372
data/reference/revision_v37/experiments/scaling/2020-04-07/completed_21.json,1405547,3b8a7aa0a2956314eedb025d20f385ea16e9d998b9d08fd9a24298ddea2b9343
data/reference/revision_v37/experiments/scaling/2020-04-07/completed_29.json,1404765,21b731cfe7ec7f55a6a3dbf9fd2ecd8ab9e8a0cc21af03ef23534ce6bec6409c
data/reference/revision_v37/experiments/scaling/2020-04-07/completed_30.json,1403886,0b65d337e1d7e58bb835887536ad447aa3f5ffe5a011d3a323e19ed97c079d96
data/reference/revision_v37/experiments/scaling/2020-04-07/completed_31.json,1405455,3d69be12b25c2f5b7838abf6e4dbb759813670d4e19177ee42f2c436e8c29520
data/reference/revision_v37/experiments/scaling/2020-04-07/completed_35.json,2362036,b4a7a4c70d5600ef28b0e73ed9c6f17ad67727060a29ebc0c3b26d7db24418a7
data/reference/revision_v37/experiments/scaling/2020-04-07/completed_9.json,1405838,b134ca6963005f651ae6a19fd0193ad06701dc3059c8b976880af73f234a2f87
data/reference/revision_v37/experiments/scaling/2020-04-07/completion_audit.json,1312,98f51bba59705442123eba852ed949ff2d4ff15889966baedbda68f63133d6c5
data/reference/revision_v37/experiments/scaling/2020-04-07/completion_unresolved_39.json,5304080,942fc77eab89ded8e224a1dcd80e2c0e403572be1f66b3b899f52ad5db81eb25
data/reference/revision_v37/experiments/scaling/2020-04-07/polished_39.json,10099092,8d14cbdb8561c9f1762c33de7532164a799ca7d0f3ebdbe926eb0e82f2699659
data/reference/revision_v37/experiments/scaling/2020-04-07/polished_original_cap_recheck_39.json,444029,73a02226a31ae36fc29d7c16bd271eb7171af06b8ce05ecf18900d6d51bcc78a
data/reference/revision_v37/experiments/scaling/2020-04-07/preprocessing.json,423,f54921dcce12bad0fa3217eac4e401d1cd9250c11d7b067b6a509c3d8738a8f9
data/reference/revision_v37/experiments/scaling/2020-04-07/scenarios.json,3719512,99bbc385180a12bcda8607f5b8692c17f74475bec71a2b9eace2bd6c2d7be385
data/reference/revision_v37/experiments/scaling/2020-04-07/scenarios_before_completion.json,3709288,974e8bc48a8d5bacc091b5f7ab6da48147eb77e1f9c67458ef8077e65ad60f20
data/reference/revision_v37/experiments/scaling/2020-10-17/10_0_extensive_final.json,611,c2c5a7c9c30adaba5a31409b31d158284e0ae725a32e4dabb9da1260c0df6388
data/reference/revision_v37/experiments/scaling/2020-10-17/10_0_original_final.json,610,bae15665c7300105f38ef4ad26806791f69f370da61726968fe715c4fd74b269
data/reference/revision_v37/experiments/scaling/2020-10-17/10_0_original_trace.json,11177,e65eba1a4828838090cedf6e1d05519e5981ac68b2128a943864495e43a7bc0f
data/reference/revision_v37/experiments/scaling/2020-10-17/10_0_reuse_final.json,609,17ca9e699b597c579a89b5b1364f6dc563370b385c1f27bc992f0159edbb0300
data/reference/revision_v37/experiments/scaling/2020-10-17/10_0_reuse_trace.json,10654,54ce9827826c8dd54a53454b9ce8d5c43f7765b5969f3293a08ab00e94a30d2d
data/reference/revision_v37/experiments/scaling/2020-10-17/10_1_extensive_final.json,613,4b1dc82f2623a4dd3f3ab7de837791e6117a80aee9bb0cd00d433402f1deaec3
data/reference/revision_v37/experiments/scaling/2020-10-17/10_1_original_final.json,609,40539a87297b2dd70e67ba9dfd8832ab27c0e12894570430132693854425a726
data/reference/revision_v37/experiments/scaling/2020-10-17/10_1_original_trace.json,11177,00070c6c483c3b32fc40de98e19ca3419ab8a2b97abe227e62c96c5c96fb6135
data/reference/revision_v37/experiments/scaling/2020-10-17/10_1_reuse_final.json,606,729716594c3092327e24389ace4cd7b385f4966c55077fa23aa2279ddf43267a
data/reference/revision_v37/experiments/scaling/2020-10-17/10_1_reuse_trace.json,10649,c683477be8ab0a1204d1d82e9f82f4f31737bbf4792e8058e41b7bfac0e39ddc
data/reference/revision_v37/experiments/scaling/2020-10-17/10_2_extensive_final.json,611,7f2015245c68f9995b3c4e2c90212336aaaa9957db96e862473a7841c6b4a06f
data/reference/revision_v37/experiments/scaling/2020-10-17/10_2_original_final.json,611,59218244f2c82d46ff0110ce8fbd99470e29d58aa48a1fabcf2bf083f5886bf1
data/reference/revision_v37/experiments/scaling/2020-10-17/10_2_original_trace.json,11180,7e8421cb7716f2de8e686d7003e6cd08631399634faa1e5cbabacf980c688901
data/reference/revision_v37/experiments/scaling/2020-10-17/10_2_reuse_final.json,607,bb8ca9740cf224dd6792ccd9a60b4b1f61b7ffa66065fa030ba86e8b88cb5851
data/reference/revision_v37/experiments/scaling/2020-10-17/10_2_reuse_trace.json,10649,88ef4e9cd12e7c186f48de423c087f0596ee7561ac991055bc63fe6120636ad6
data/reference/revision_v37/experiments/scaling/2020-10-17/20_0_extensive_final.json,611,9a924187a111ff57d89d7f99160fdb7a4501c33859e5c33f8c7917837f4435e8
data/reference/revision_v37/experiments/scaling/2020-10-17/20_0_original_final.json,611,28bc28fffda8acb5164e97d330ae47796eab340f097b2b7fd74c589fefa40188
data/reference/revision_v37/experiments/scaling/2020-10-17/20_0_original_trace.json,14049,bac178f17cd5133b08971d7c2113326e037de809df4b03b24956003cff04545e
data/reference/revision_v37/experiments/scaling/2020-10-17/20_0_reuse_final.json,608,4f00f5052bbe808f1b126e620789b960b3297ac20e3f64eed1a48048652ca18e
data/reference/revision_v37/experiments/scaling/2020-10-17/20_0_reuse_trace.json,12762,996ce700d1896dcacec4b1ccbf25b1e49c8527715b8479be258a586108cf53ed
data/reference/revision_v37/experiments/scaling/2020-10-17/20_1_extensive_final.json,613,9cc1c9205aff033fb81e98f5a528d279eae6d82faf156daab5683e74c2fe2baa
data/reference/revision_v37/experiments/scaling/2020-10-17/20_1_original_final.json,612,f5513fea146babd90248d39507c4e0a0e025c1c9827938d7a2ff84bcb321dddd
data/reference/revision_v37/experiments/scaling/2020-10-17/20_1_original_trace.json,14050,98d051418a112bc65b44ca2368482b986f0033b79a6563ff1a2c858241ae2fe4
data/reference/revision_v37/experiments/scaling/2020-10-17/20_1_reuse_final.json,609,0e678a5d8d2ab42340549c4905c7ba584587a55dd16203468dae4e0eae4d3393
data/reference/revision_v37/experiments/scaling/2020-10-17/20_1_reuse_trace.json,12760,63343f809ab51978a3515e7887ea3d405120a4ab070db12ca1146b8d450a355f
data/reference/revision_v37/experiments/scaling/2020-10-17/20_2_extensive_final.json,613,6eb214bb61ae4e864fbca8cb39e86cff2f90101844989ca20acfcc0ea9f530c7
data/reference/revision_v37/experiments/scaling/2020-10-17/20_2_original_final.json,612,b43a7f90d1d24064196f896fe656917fb832e39ea7f4c083e2c497cd8d23ccc4
data/reference/revision_v37/experiments/scaling/2020-10-17/20_2_original_trace.json,14055,f2922993a50e10caadc95e130196cccdd4cccd9ed6aa123bf0436ff6f0c9a4e0
data/reference/revision_v37/experiments/scaling/2020-10-17/20_2_reuse_final.json,608,fb655a2e48ef8e9b75fa878796873a4f6c26c5f196cddd8d2d86a2dec2c72e65
data/reference/revision_v37/experiments/scaling/2020-10-17/20_2_reuse_trace.json,12760,4228da4d41cc983537d10f516696b81c10d9134bd594549e0520ff24b0fa002f
data/reference/revision_v37/experiments/scaling/2020-10-17/40_0_extensive_final.json,609,012b00d00cf1c4b5072723401f69f3436f8e97fcfb332098e42df6b76e715812
data/reference/revision_v37/experiments/scaling/2020-10-17/40_0_original_final.json,612,3aee836a9a4eda9481b06e2951baebfd45bc6a437215b1a93bc8824e6f88715f
data/reference/revision_v37/experiments/scaling/2020-10-17/40_0_original_trace.json,20696,3922368b9cf00b1ddddddcf0e8fa2fad8a6e23546e2eac717e531b902a1a82cb
data/reference/revision_v37/experiments/scaling/2020-10-17/40_0_reuse_final.json,608,683c9f5b304a4263df79ab38df029dab161642870a8457f95fa363004ebb0ed0
data/reference/revision_v37/experiments/scaling/2020-10-17/40_0_reuse_trace.json,19811,d62ca6f93c7df621e852828182472e666eb406e3a74a9a666b6a147893f8e063
data/reference/revision_v37/experiments/scaling/2020-10-17/40_1_extensive_final.json,611,5b7b0a90c4600e9cc0192c84e5023b490b3a0423261c5d792e60c07b21a4f744
data/reference/revision_v37/experiments/scaling/2020-10-17/40_1_original_final.json,612,9e5bd22ffab63b9f81e3b3ec452b9b4675b3b628ab18fa21919b39652613b95d
data/reference/revision_v37/experiments/scaling/2020-10-17/40_1_original_trace.json,20691,a1c4d87b8106020e597d882bd2f9a9ddf48a11ead519a62100db8fd60249975a
data/reference/revision_v37/experiments/scaling/2020-10-17/40_1_reuse_final.json,610,214be0a091f776f6570728a78675ece82013580c3b30ca1671cc31ff0aa39b35
data/reference/revision_v37/experiments/scaling/2020-10-17/40_1_reuse_trace.json,19816,031256cc11c7a08cc99188c75d0cd2137fe0149cdb8e334cba2388b0293c3ecd
data/reference/revision_v37/experiments/scaling/2020-10-17/40_2_extensive_final.json,611,0d3d8968b2e95a501f2a4a89c036934c40c8b74208c3678b6a54e65de6c32dfd
data/reference/revision_v37/experiments/scaling/2020-10-17/40_2_original_final.json,612,70b9aa1dcf2a0c5173cee7c44cfb5e70486456b2afe464704791a758c4731ea9
data/reference/revision_v37/experiments/scaling/2020-10-17/40_2_original_trace.json,20687,d16593393a01efb9d3b6e74b9adabbd645d3c83be64d91e7a84b98675873419a
data/reference/revision_v37/experiments/scaling/2020-10-17/40_2_reuse_final.json,609,21d04ec176592de0313cbdc0475e74c91db58e7a3629105255a98583b8574530
data/reference/revision_v37/experiments/scaling/2020-10-17/40_2_reuse_trace.json,19815,747443e836f9e75777c4f57bead7c94e134873b29958e3b6ce9e439d08419df7
data/reference/revision_v37/experiments/scaling/2020-10-17/5_0_extensive_final.json,612,6990cd8b94fdd91918aed9536a37f1484e503e36f6f025cc7a75ae5769d3db2f
data/reference/revision_v37/experiments/scaling/2020-10-17/5_0_original_final.json,610,5f483b4fc9954d0ffa01f9630e9805c294748a4e0db700ea7d8257123cfc7efd
data/reference/revision_v37/experiments/scaling/2020-10-17/5_0_original_trace.json,6801,610d5a3989a76a93d601f798585a50fc0dc38128ce414046f6754849a4860b95
data/reference/revision_v37/experiments/scaling/2020-10-17/5_0_reuse_final.json,608,63dabf895f3badb8a625ccbfda4de538f9bec8f59b5b38664ba3e7aaa7f7f675
data/reference/revision_v37/experiments/scaling/2020-10-17/5_0_reuse_trace.json,6798,93b79658be84c59c1dbe45e7536e93eff42c7f36170f215fcd347cb104449bb3
data/reference/revision_v37/experiments/scaling/2020-10-17/5_1_extensive_final.json,608,d8a36d36e3cfba0bca2f139acb0afb5d71a33fc96819da405288da6a1f6a7806
data/reference/revision_v37/experiments/scaling/2020-10-17/5_1_original_final.json,611,71af2e540d0d6d0d0c472e4e78b3eb05f9f392d8575a68b7b41e4b1ed9bece1e
data/reference/revision_v37/experiments/scaling/2020-10-17/5_1_original_trace.json,6801,af2708d652416afbc7ce694976fe498df91b1c74ab892f0eb246f0f86e1c5b02
data/reference/revision_v37/experiments/scaling/2020-10-17/5_1_reuse_final.json,607,4556a81ef172cd4bb5fe2e1b10c8322fd550f54bcd7077bf3181c18953598e74
data/reference/revision_v37/experiments/scaling/2020-10-17/5_1_reuse_trace.json,6803,fc1e7331970cebee52f9ddc6546f8d43c1716c8f3d6c20ff2549dfd4ed4c04dc
data/reference/revision_v37/experiments/scaling/2020-10-17/5_2_extensive_final.json,612,ada69c1ea9fe42e7d87273ef057a8dfc191fd43f01383a2d70002160af30c1f3
data/reference/revision_v37/experiments/scaling/2020-10-17/5_2_original_final.json,611,606b4a8d57027c75ea02c47646eb3d07b2fe57e1706ae14570d6cae3588ce90b
data/reference/revision_v37/experiments/scaling/2020-10-17/5_2_original_trace.json,6799,e12d8a969fc7578eb570b32c8f39377d61e04bd1b9f44365f05c966c25600e66
data/reference/revision_v37/experiments/scaling/2020-10-17/5_2_reuse_final.json,607,8bf2af9ff4215e184f027de5431a985af69d61976913dfc2ebf7f048b04fb565
data/reference/revision_v37/experiments/scaling/2020-10-17/5_2_reuse_trace.json,6802,ff1774d3a4e4c10cff3df64371637a4b1cd5f5ce2288382fb72c00c8536f1b8c
data/reference/revision_v37/experiments/scaling/2020-10-17/preprocessing.json,427,21416d7e1f33dac7c3fe8e3e6dba15044396f33879dc5508d6ab6a8d6031badf
data/reference/revision_v37/experiments/scaling/2020-10-17/scenarios.json,1766334,55fef11cdd90e580a87727d4db53a0990c4b254c19076ddeb2137dc8776e314d
data/reference/revision_v37/experiments/scaling/2020-11-29/10_0_extensive.json,375,03d8e6de1f0211e7e1e9045364572de2adcf2b2c73518ea270fc9b6ade65421a
data/reference/revision_v37/experiments/scaling/2020-11-29/10_0_extensive_final.json,612,cc29afc3ba2abaaca88444cba5caeacc0f9157e3510aeac797d317a149969cd8
data/reference/revision_v37/experiments/scaling/2020-11-29/10_0_original.json,377,82f58cd8685d119d0d0856dac43a477b4d9e0e357e4d3090726e11bf8c514163
data/reference/revision_v37/experiments/scaling/2020-11-29/10_0_original_final.json,612,e80482773a1562846ddcaf3529291487204b4c0f72300b8f030a8f132c896f5f
data/reference/revision_v37/experiments/scaling/2020-11-29/10_0_original_trace.json,7053,1a7c39bc2d57646eb0eb73734363e5b30282827109891129b3ccd4d715f588bc
data/reference/revision_v37/experiments/scaling/2020-11-29/10_0_reuse.json,374,2eadb45a5aedc92552ea1db2843b6ee6dd93696cbf7ff2d7b9adf93802dc37ac
data/reference/revision_v37/experiments/scaling/2020-11-29/10_0_reuse_final.json,608,ade2672fc0d01c323101512add9a2f83ec8fc6de4bcff049368d27118ac74e35
data/reference/revision_v37/experiments/scaling/2020-11-29/10_0_reuse_trace.json,7057,9303fe17b2a54ee4055f0286cabe60160eca58fea1b561640c386c97d4798521
data/reference/revision_v37/experiments/scaling/2020-11-29/10_1_extensive.json,375,13af396ca44b3128e135b33dbc1bc6c013ad5cdf2f41efce6b9a76e67fdaa2d2
data/reference/revision_v37/experiments/scaling/2020-11-29/10_1_extensive_final.json,612,5d570f9bef207e9e3890f21e7be33732cb848883dbcf66bd0c046f8292e3280a
data/reference/revision_v37/experiments/scaling/2020-11-29/10_1_original.json,377,7958ecbfba90f2cc3933ba0bc515bc461b484a54905b048e286ba84c97dc3cc0
data/reference/revision_v37/experiments/scaling/2020-11-29/10_1_original_final.json,611,f1c2b919a8bb4857de024889044dab2d47a26bbd17ced410783220f4c9105746
data/reference/revision_v37/experiments/scaling/2020-11-29/10_1_original_trace.json,7057,65203467cc50ea1b77d20860a554570b33572281a2bdf4e62059f1ceff4ac2ea
data/reference/revision_v37/experiments/scaling/2020-11-29/10_1_reuse.json,373,a1a97e89384f9323b6a14bd393ff390677a86cbe25f861090421db6cb1f0aca7
data/reference/revision_v37/experiments/scaling/2020-11-29/10_1_reuse_final.json,608,6ca3ea5ed79c4be29ebbfac3ca76f8357d8dcab2a945b273b0b6f2eef432fdc6
data/reference/revision_v37/experiments/scaling/2020-11-29/10_1_reuse_trace.json,7055,7cab4cfcbbfec681c8b98da53cdfe7290adf33b225f9fe82ec81e4634f0f7e43
data/reference/revision_v37/experiments/scaling/2020-11-29/10_2_extensive.json,375,b9ae8b24642c6c5812ac8d7a014b231b443ae0fa24a5b07ef0fd8dc2750ee7fa
data/reference/revision_v37/experiments/scaling/2020-11-29/10_2_extensive_final.json,612,c03213c98a7a7c08d0f90eaae6a2437a7c8bedce359527a40934bfb5d0b4be65
data/reference/revision_v37/experiments/scaling/2020-11-29/10_2_original.json,377,25551d49f5892f669549d43897d620d7db4675c982b0324424e22553fd59dd2b
data/reference/revision_v37/experiments/scaling/2020-11-29/10_2_original_final.json,610,860bd4ad9cb40498fc0c182d40c86055375e1f6f70cb610b0dfb6510713c78a9
data/reference/revision_v37/experiments/scaling/2020-11-29/10_2_original_trace.json,7055,3451535dfb3a7a6d82d595c2b587da69ad4fb773c803960215536052c93dd417
data/reference/revision_v37/experiments/scaling/2020-11-29/10_2_reuse.json,373,34634177251a7a025ca8a0f7595314d67ee681bf506d8f2e5cc14560090b022e
data/reference/revision_v37/experiments/scaling/2020-11-29/10_2_reuse_final.json,608,3a6121f228ac16229c03fc35ba3de4dde85752fb64505e2ab19db554dac0a15d
data/reference/revision_v37/experiments/scaling/2020-11-29/10_2_reuse_trace.json,7055,1dfdb3523ca7c899ecf9c72ffef89877e4fe06a3afb3e618c56259b3ea820baf
data/reference/revision_v37/experiments/scaling/2020-11-29/20_0_extensive.json,374,caf34a7c6526d31bef6378024d78b98d6b08d5862415b4e991a9b6df3f07588a
data/reference/revision_v37/experiments/scaling/2020-11-29/20_0_extensive_final.json,610,42a4bad97683e634624772fa095618bc77afc0c0d1720d47c95c48c308105244
data/reference/revision_v37/experiments/scaling/2020-11-29/20_0_original.json,377,c896168e292d5ab8e3f6575065a760f32439e4a195c1872d40345a5d71ef3856
data/reference/revision_v37/experiments/scaling/2020-11-29/20_0_original_final.json,611,e754a795d2d3d6b9a417ed3842417e99a2ee5952789a19919b78f989c42fbe94
data/reference/revision_v37/experiments/scaling/2020-11-29/20_0_original_trace.json,10247,7f73671b7c8cff17be6bef71fcc192dcea9d0efaa1ddf4c10ed0e6786ebac6e1
data/reference/revision_v37/experiments/scaling/2020-11-29/20_0_reuse.json,373,de9f0298a0853bd9ece0fb5369b7abba0cdfa8d2aae42dfe43f4de7e92b36b6f
data/reference/revision_v37/experiments/scaling/2020-11-29/20_0_reuse_final.json,606,ee7d5dd79dd6d2662f2f478a402229a5d2863edc66c7288ac34317e880f3d5d4
data/reference/revision_v37/experiments/scaling/2020-11-29/20_0_reuse_trace.json,10246,24a4068357bf25132ff262ed958643325aba7e0035b52d49f5b9253566f11c0f
data/reference/revision_v37/experiments/scaling/2020-11-29/20_1_extensive.json,375,91e9d4c2dfaf6f7db75376ff4778e0d22e6c34cd45c588201bdd0f13a3c8b4cd
data/reference/revision_v37/experiments/scaling/2020-11-29/20_1_extensive_final.json,610,21df4430056ce0e8b0e5fa9ca3bee03a3d871c7ac13a8507d825c7872fbb9523
data/reference/revision_v37/experiments/scaling/2020-11-29/20_1_original.json,377,3374789bbe036e55a3edfcbee6f9a9c03f41aaf1380c7ca8b7361ceb22845592
data/reference/revision_v37/experiments/scaling/2020-11-29/20_1_original_final.json,612,9ab6063e16833890c588b5d6f0b7846231916a580db6256234b9d0d4ff1a8c25
data/reference/revision_v37/experiments/scaling/2020-11-29/20_1_original_trace.json,10247,ae73b4d06aae0c1af5e0c4d28ff388ea171b0c741e9323b04bc6e98499133aa8
data/reference/revision_v37/experiments/scaling/2020-11-29/20_1_reuse.json,373,736d435f302f7c0c19991d0603c70864545658c9dae776df4801b3448db12cbe
data/reference/revision_v37/experiments/scaling/2020-11-29/20_1_reuse_final.json,607,300db6edca7edf5eb3fb9a9348a487d89cc46c682ccdfa2ad064a288a7b152a2
data/reference/revision_v37/experiments/scaling/2020-11-29/20_1_reuse_trace.json,10247,01d603d6f9404a27e7c089479c189959ff3a26e9707f77fa58528f19c1cca051
data/reference/revision_v37/experiments/scaling/2020-11-29/20_2_extensive.json,375,a726553b92c34dc8e085fcd0036d680bbff55cdf4057573f378a09adaee8a3fa
data/reference/revision_v37/experiments/scaling/2020-11-29/20_2_extensive_final.json,612,6eed6d09a309a1da90608cc1463c09b6e1d9133e9f359c5cdfe0e7662f13f5f3
data/reference/revision_v37/experiments/scaling/2020-11-29/20_2_original.json,377,489f78bc3c9f68d593be467d57d99bf577a08d0bb09a50f0e8a4a45d9f8b2099
data/reference/revision_v37/experiments/scaling/2020-11-29/20_2_original_final.json,611,cf647883e742aae43ebcd691eb9345bc183328770747e61254be6d2537467123
data/reference/revision_v37/experiments/scaling/2020-11-29/20_2_original_trace.json,10247,fcadc99d6cbaca4e6b40d1e9fe58dedbdc40bd03cc9e03f9ca1b36aaeca4b1ba
data/reference/revision_v37/experiments/scaling/2020-11-29/20_2_reuse.json,374,818e9ea9381adc325d1298fc5bd3ed42d10c569989f71b6eda95a06ee1aee5de
data/reference/revision_v37/experiments/scaling/2020-11-29/20_2_reuse_final.json,608,1a6c054aeee4bd153f253c939a4bb5d87d155756e7088e47ebd57e27db128e31
data/reference/revision_v37/experiments/scaling/2020-11-29/20_2_reuse_trace.json,10248,6b893eee022e1cae187ddd195c4d47e673602458f0ce69058b6fc1b4edda7b53
data/reference/revision_v37/experiments/scaling/2020-11-29/40_0_extensive.json,375,d87bb9bb61044190a7e1fd8efe045077f57bfbba43fa3e91c48a4cb1a30d27af
data/reference/revision_v37/experiments/scaling/2020-11-29/40_0_extensive_final.json,610,ab1b8cca2e9a96e2de7252d77f191c77940c0e46bdaab5f2f5d396c5529ded8e
data/reference/revision_v37/experiments/scaling/2020-11-29/40_0_original.json,377,8846d31568c58d591f458d5d876ed5e20ae4ce16f97d86f9b62402ebbd80b086
data/reference/revision_v37/experiments/scaling/2020-11-29/40_0_original_final.json,613,3481f3778473faa2364bcd86c427df8cd399df38093a1851045a9000138d18b3
data/reference/revision_v37/experiments/scaling/2020-11-29/40_0_original_trace.json,16626,02e68ba2eefc736ccf00bf486cf23d6af8594547f6419d944bf116b60165aece
data/reference/revision_v37/experiments/scaling/2020-11-29/40_0_reuse.json,374,7268e6443ec74f89a7bbd51a9002258d687b2af49d8ffcda7ba23b9022a65b8d
data/reference/revision_v37/experiments/scaling/2020-11-29/40_0_reuse_final.json,609,5c9e833c5eed00f445b0e4d56b6b5a1d4daad5b11b6dd443641cfac72b2cb98f
data/reference/revision_v37/experiments/scaling/2020-11-29/40_0_reuse_trace.json,16627,bb5dc69b4943f0a729c0a07f017d9555938ddb995b0188bd548c30b7e2cc9fb5
data/reference/revision_v37/experiments/scaling/2020-11-29/40_1_extensive.json,376,12162b3a341833ac3c9978ef6d3408d8d141c1fa8fa5df64bb6ef9531c74582b
data/reference/revision_v37/experiments/scaling/2020-11-29/40_1_extensive_final.json,610,b1bf2e5b95f0e2c6965c0bf6e71d0b5349a65bf317a0097588836fd960dcbcf4
data/reference/revision_v37/experiments/scaling/2020-11-29/40_1_original.json,377,9aed149f63bb94c935218ba1c805d193a8fa723e74ca0dbcf18025b28031b80c
data/reference/revision_v37/experiments/scaling/2020-11-29/40_1_original_final.json,612,32166bddfcca9981fab45389f3f18ac9c1b59b68fe27f00698a0c9425ed8636a
data/reference/revision_v37/experiments/scaling/2020-11-29/40_1_original_trace.json,16626,057e030050176a0db44a38e6f12101998cb8c813a7a013c6541c9fea77f00c89
data/reference/revision_v37/experiments/scaling/2020-11-29/40_1_reuse.json,375,9121bf429be56ae97415170663eb504ab90f1a126e1536e1daac5dfb4653bca8
data/reference/revision_v37/experiments/scaling/2020-11-29/40_1_reuse_final.json,609,5a42b1739f6ebcc40d5685818204672f96c3e5ae3827e1c07c893b33114cba44
data/reference/revision_v37/experiments/scaling/2020-11-29/40_1_reuse_trace.json,16625,4e1ae5a8a9b1d00dba48a921c2ba50c772f6e1d8729772fd32c1aded0eadf543
data/reference/revision_v37/experiments/scaling/2020-11-29/40_2_extensive.json,376,814efb5869ec12de6ce7462647e3eaf60594a0d0744840ed2ac43e239419ec2c
data/reference/revision_v37/experiments/scaling/2020-11-29/40_2_extensive_final.json,610,7d916573441eccf05552c9274348641a4bbe3a2fbec74c7be7a7dc37189c6599
data/reference/revision_v37/experiments/scaling/2020-11-29/40_2_original.json,377,0e70faee5c06dbb54cb840565a4f4d2ef7aa59f916c7211877c8c3573112cadb
data/reference/revision_v37/experiments/scaling/2020-11-29/40_2_original_final.json,611,eb36d1cc8e7f9d307922766a8c86c8a30306da1aaa628aee10280177f376fe39
data/reference/revision_v37/experiments/scaling/2020-11-29/40_2_original_trace.json,16622,f41a1298bab92e8eccb6af950d90efea47311252f5f4550eeae521d74d98d6e9
data/reference/revision_v37/experiments/scaling/2020-11-29/40_2_reuse.json,375,b256569009c3c9da0b2bd2ddb87b48213ff523970075d2f67f7ae16cf36be59e
data/reference/revision_v37/experiments/scaling/2020-11-29/40_2_reuse_final.json,609,630aab57fcab6887c4fc5e5f3a7ddfbabfc124dcfa992dc6e2bc5d6793638454
data/reference/revision_v37/experiments/scaling/2020-11-29/40_2_reuse_trace.json,16626,8d5dd59b4c11bd4f072583f8ba7aec5e56dc5272348d96c60d2f88c9b8c56d60
data/reference/revision_v37/experiments/scaling/2020-11-29/5_0_extensive.json,374,0854540ba323733dfb0825de751f7b78881bb0af8f6071adeec7109556da232c
data/reference/revision_v37/experiments/scaling/2020-11-29/5_0_extensive_final.json,607,e83a398b8d2467bd455fa2d23e3613cebc2f692601ab9969ea48d3d3deabad99
data/reference/revision_v37/experiments/scaling/2020-11-29/5_0_original.json,376,257cc0927ca455909a5837e61db056a2559f7e39ebc83fcd664d0e967c278f31
data/reference/revision_v37/experiments/scaling/2020-11-29/5_0_original_final.json,609,94cc824627a1124d9f784c9f6e3e0bdb6c6a973269f7e8a73ba1538ebb7ba0bd
data/reference/revision_v37/experiments/scaling/2020-11-29/5_0_original_trace.json,4534,4cd79ba6ae1af2469c0c6b81c75fae032a19e578a2820345638bcf891f8fb1e3
data/reference/revision_v37/experiments/scaling/2020-11-29/5_0_reuse.json,373,5bc98b5e4dec0aaf33b2b42426943a2aeb6e13c613e8d7493916ab239cbdbff8
data/reference/revision_v37/experiments/scaling/2020-11-29/5_0_reuse_final.json,607,277d68c617d377b22a0223e2d5ef7288df338077eebc4b35fad3b79cfa9281f2
data/reference/revision_v37/experiments/scaling/2020-11-29/5_0_reuse_trace.json,4535,2ecc5099bbe6cd808e9423a25fa61ad3b9e32de87387f130b2dc230fb3f425b0
data/reference/revision_v37/experiments/scaling/2020-11-29/5_1_extensive.json,375,d6772df23a0b3ec950c5383b44f3efb36890d48d2af2b95a18bacd077a640de4
data/reference/revision_v37/experiments/scaling/2020-11-29/5_1_extensive_final.json,609,39f6ebee354b3a4901f0e579f0aad3790bb2ea0dbe4ee04fb1a46740bfcbf2e3
data/reference/revision_v37/experiments/scaling/2020-11-29/5_1_original.json,376,945056619292b1fe1cf3e6ec55f67851d3fb7053512f0b07aa13a292c93eaa67
data/reference/revision_v37/experiments/scaling/2020-11-29/5_1_original_final.json,608,fbdc93acd2c3dff887c3b0e5c32795cd2900d0d468184d756f65a6e0b26e33c3
data/reference/revision_v37/experiments/scaling/2020-11-29/5_1_original_trace.json,4533,0aa38d88bfcb61871ac0b1e6448a9e7edd1716b768cf2495b9aaa73ef5b4bf57
data/reference/revision_v37/experiments/scaling/2020-11-29/5_1_reuse.json,373,04de1b1a02cc4eced52a04d8ca6b2bda26eee78354010765ab7789fa0a7a76da
data/reference/revision_v37/experiments/scaling/2020-11-29/5_1_reuse_final.json,608,6a204d7f7a2bde1fdbfd4c22df23842c6df861d556c3697035c9cbb252290a50
data/reference/revision_v37/experiments/scaling/2020-11-29/5_1_reuse_trace.json,4535,caaa72721a57808a5d7a1b6c4b7aa7b33788ed25281ff54734575d1b755ed0d1
data/reference/revision_v37/experiments/scaling/2020-11-29/5_2_extensive.json,374,60420f238654e92d0d890f821ba59f361806af2f41d7eb712fe1e0e558251eb6
data/reference/revision_v37/experiments/scaling/2020-11-29/5_2_extensive_final.json,611,f6e7b928b05f9b79c5b1c6a8cccbb5243f2c46153e43397e4772671b9f24410f
data/reference/revision_v37/experiments/scaling/2020-11-29/5_2_original.json,376,79ca8aa28132d53bf9a624561b420939c411ee08cc6c89171a1b5951da615855
data/reference/revision_v37/experiments/scaling/2020-11-29/5_2_original_final.json,608,df5aa2d5f838662ea41d536f6587479fac6cfd0fc121abf9169401e555b3cd7e
data/reference/revision_v37/experiments/scaling/2020-11-29/5_2_original_trace.json,4531,9b339d1b13fda7f2afa4c233e76263c86f5d1a2c24fdaeb53df9f24dd7ac6ca8
data/reference/revision_v37/experiments/scaling/2020-11-29/5_2_reuse.json,373,96d9b8adeadc713cc6f67e4c18bfdd4cbd8ef4b0c10343c347f91a5a241a0b69
data/reference/revision_v37/experiments/scaling/2020-11-29/5_2_reuse_final.json,607,6bcbaabc322b62a1367cf148e3f939b73fc0812561792742ad5d37b1cffee126
data/reference/revision_v37/experiments/scaling/2020-11-29/5_2_reuse_trace.json,4531,45346ecc29422f814097aa9d3a603b06c0b8f4368bc149853fcc69330d779161
data/reference/revision_v37/experiments/scaling/2020-11-29/preprocessing.json,423,d7c8eaef771dc274365ce5631c8ce7651656bc14b694e585ab889228a0f9e2a8
data/reference/revision_v37/experiments/scaling/2020-11-29/scenarios.json,4696976,a30c1521d49958935a6814c9e9844ba4c571075c1ceb586251a95e9d954ada10
data/reference/revision_v37/experiments/scaling_comparison_protocol.json,725,733b60cffba17df2cb1138cfe79c80813b2dc4a721299b6afe2a5c746e22b919
data/reference/revision_v37/experiments/scaling_final_summary_2020-04-07.json,23262,1e0db219068b31459ba9405530c7e252820231c87b94ec2d30e67b4c51591ba0
data/reference/revision_v37/experiments/scaling_final_summary_2020-10-17.json,23299,d7fcecfe7d53811472460f9e0ef4d21d0e5ff6d93c506d204c397809d39e4921
data/reference/revision_v37/experiments/scaling_final_summary_2020-11-29.json,23282,8dddca016a588a653f87996b075be2a12ca11b719dbbcbf628433d421a26841c
data/reference/revision_v37/experiments/scaling_preflight_2020-04-07.json,507,5b1836a65e2a3371b004eb86c4582c4cac1f719bdbb76b58d8ccf98c2c13fe11
data/reference/revision_v37/experiments/scaling_preflight_2020-10-17.json,507,d6363d4824479524d7bab167363151ddc6e27a964f83c0ce4b1026a7f1c6935d
data/reference/revision_v37/experiments/scaling_preflight_2020-11-29.json,508,ddcefced8f7389ac40ddcc3d6887c69301d127e5674cbc02a624d8c69ef5d4c7
data/reference/revision_v37/experiments/scaling_summary_2020-11-29.json,14694,dfd9ed5a6ba979d8a95ba474379f5939a22a4d6cf3fa5821b1d20d34dd6455a1
data/reference/revision_v38/experiments/cluster_benchmark_protocol.json,1394,b0411e731f0e94af91c0ef5e4b80653e0226747c2bd623c258bcba5a006c672c
data/reference/revision_v38/experiments/clusters/2020-04-07_1_full_0.json,1017,6a301bdd6df7ea3530d07953c1dcc70e9ccdd4202e0566d3b0c7a78961788d0a
data/reference/revision_v38/experiments/clusters/2020-04-07_1_no_reuse_0.json,3825,aac95da52d138202c1dbef0e82a583cb122a83f0948ab38b0aacf803c5aff52a
data/reference/revision_v38/experiments/clusters/2020-04-07_1_reuse_0.json,3820,4492d5aefa398c535594ddfa578da0b0abc0548e6af373adeba15cb16ef63f28
data/reference/revision_v38/experiments/clusters/2020-04-07_4_full_0.json,1486,146dac4be090bc2992ebcf7275f983a70ecaacf87bd8161c166c345de2477224
data/reference/revision_v38/experiments/clusters/2020-04-07_4_no_reuse_0.json,6639,b04f3fbf54c08823af6bc17bdcd3430029689fb73b35e3a7d6d2fad30e51d171
data/reference/revision_v38/experiments/clusters/2020-04-07_4_reuse_0.json,6632,fea0c6aee49169d5fe8d92b8130bd879521bc433a2bdce534d43ce177f65d17e
data/reference/revision_v38/experiments/clusters_final/2020-04-07_1_full_0.json,978,7c950fbde176f0464e645c1b8033de4fa261a9696de6e68c5181203fb4b72c50
data/reference/revision_v38/experiments/clusters_final/2020-04-07_1_full_0.log,592,8d98f34e77f20bbb321810b23525f06aa7ad38dc66daf94a1e469315f0485907
data/reference/revision_v38/experiments/clusters_final/2020-04-07_1_no_reuse_0.json,3879,464d0f3ce7c6051c7dc394e31424531b44d14098a01c0bdacddd4e9751ba83f6
data/reference/revision_v38/experiments/clusters_final/2020-04-07_1_no_reuse_0.log,2263,8796ccbfd36abe062b9e4c1aa04015551af3597c23e011321bb5cc4587b35655
data/reference/revision_v38/experiments/clusters_final/2020-04-07_1_reuse_0.json,3359,0183d1db506aa3bcff718c292659acd6097fcc4a695e702dae31ce4443aa0b52
data/reference/revision_v38/experiments/clusters_final/2020-04-07_1_reuse_0.log,1990,d91b1fabee5fbd55849bce41c9706187fb56cc6838f98b8006cf47ac64a5d20d
data/reference/revision_v38/experiments/clusters_final/2020-04-07_2_full_0.json,1138,666bca6b816cbf6bd500b7ee5cbca155dd958919052ff895cb19bf2cd5b2f0d1
data/reference/revision_v38/experiments/clusters_final/2020-04-07_2_full_0.log,593,5d73be74ff2a3808b0b5a1f16209fd5c5597899c6dbeac538c2d8f5feed1b10c
data/reference/revision_v38/experiments/clusters_final/2020-04-07_2_no_reuse_0.json,4588,323341dc3ac666d3ff388e0a0a4e67eebfced5e1e6e377491e0e9d3f8395721c
data/reference/revision_v38/experiments/clusters_final/2020-04-07_2_no_reuse_0.log,2761,a936da5f4581c43a6b9d753f28edd1f3ae335c3c515cb8110fa42dd53bdd56ec
data/reference/revision_v38/experiments/clusters_final/2020-04-07_2_reuse_0.json,4086,1e7690d84019f0a203c888807954e309f59bf0234443c2e6d796259842140130
data/reference/revision_v38/experiments/clusters_final/2020-04-07_2_reuse_0.log,2509,bc064f0b51094009aa1d0da0e8d73f15bfc577f29f49bede9c1a504ec23759c2
data/reference/revision_v38/experiments/clusters_final/2020-04-07_4_full_0.json,1485,746b6c11a00cc1fde1d10747578efe9af1a06a0cf5fbd2901cb460c2561e09e0
data/reference/revision_v38/experiments/clusters_final/2020-04-07_4_full_0.log,615,18434d0815f92e0b8f5a0ed689501ab5b81bafa7ac37ba978e56cf3db8a76aa5
data/reference/revision_v38/experiments/clusters_final/2020-04-07_4_no_reuse_0.json,3482,fc902a41d8bcf2819dd1793d73f3b78706a37dc6363c569d4fb901b1a1ba840a
data/reference/revision_v38/experiments/clusters_final/2020-04-07_4_no_reuse_0.log,2008,06ff1dea28653837c918ffb7231d0ece7aec08afa5d02966580a099f1856f1c4
data/reference/revision_v38/experiments/clusters_final/2020-04-07_4_reuse_0.json,3479,3f252df917fe2c53d5a7f0537becd84242c155365f40b86ad203d80ac62525a3
data/reference/revision_v38/experiments/clusters_final/2020-04-07_4_reuse_0.log,2003,4b9b89dfe9823ada1e58546fa23a63a1fd4aab3881d6a5a80d9aa876228c6204
data/reference/revision_v38/experiments/clusters_final/2020-04-07_8_full_0.json,2129,bf834b71d4f2a400d59a31c6e742bd8f5596ed553664eaeb83c0078dbcfdeccd
data/reference/revision_v38/experiments/clusters_final/2020-04-07_8_full_0.log,617,a801dae80dcb30dea97e74f6c7481bdf8cd1bd14a8f89dd41bc89c8ed59918e8
data/reference/revision_v38/experiments/clusters_final/2020-04-07_8_no_reuse_0.json,3017,86d729c5e79e19fe84749fee39b939dddab4547083730747368ca11d3d6818fc
data/reference/revision_v38/experiments/clusters_final/2020-04-07_8_no_reuse_0.log,1483,ac96ad424a40a59b7ad755105c07c6eac70414fe4942be8fce92afcfb8b6be63
data/reference/revision_v38/experiments/clusters_final/2020-04-07_8_reuse_0.json,3014,60ce1973479c507761b9b002bb6a3b207a9aaabd0a621de71af498ef931dc5c1
data/reference/revision_v38/experiments/clusters_final/2020-04-07_8_reuse_0.log,1478,fc91732dd09919427b5e5a2632e0aff7c88717faff36ee102dc6785d3396cc1f
data/reference/revision_v38/experiments/clusters_final/2020-10-17_1_full_0.json,994,cbc0fb91b93f31887a0491514c1e4a8c7847b1ac605200c4bf9e84f913e69a33
data/reference/revision_v38/experiments/clusters_final/2020-10-17_1_full_0.log,611,2b30792b7dd4c1a008856a17ac4c5c47bf60da475972363dfeda4c89419d8567
data/reference/revision_v38/experiments/clusters_final/2020-10-17_1_no_reuse_0.json,3893,5cb5f8815f8e71ad7fbf63ed6749e70a793430ce1f7e076a43b5f1b01652ac4e
data/reference/revision_v38/experiments/clusters_final/2020-10-17_1_no_reuse_0.log,2279,ec549cde861224d4098b76f860589b5f0fa8baebdc2b986c1b6a38389d8d5cbf
data/reference/revision_v38/experiments/clusters_final/2020-10-17_1_reuse_0.json,3892,e05e0672f22723bbc160b875ee2feaedf337a4501c348295facd1d0e42e740b6
data/reference/revision_v38/experiments/clusters_final/2020-10-17_1_reuse_0.log,2274,08dbe6a87138b186e887fe85dc32aa5319c1fd9a34069837fca6688ff06f4f83
data/reference/revision_v38/experiments/clusters_final/2020-10-17_2_full_0.json,1131,1c9e416ccc1e3e20f456fb5194a8b3d8013dc0fdef50c3cc82f84346c0853889
data/reference/revision_v38/experiments/clusters_final/2020-10-17_2_full_0.log,591,e6f3df0e38ce5c8ca89da484df4a4fdc723c43f64f472c9e32b0caeca7de7c52
data/reference/revision_v38/experiments/clusters_final/2020-10-17_2_no_reuse_0.json,3144,91ac7b5f9358076cbb3881ccb0e49499e1683c409b5a42bbca2553a78dd40433
data/reference/revision_v38/experiments/clusters_final/2020-10-17_2_no_reuse_0.log,2002,0d1c03f7d8dc31be62591037c849636271e720c2bca8739de0839055b537d129
data/reference/revision_v38/experiments/clusters_final/2020-10-17_2_reuse_0.json,3142,1825fb27a8622ff3940d7fd8a2c4936c1bf9ee8c09dbf8b3d6bc4fad2b7c0f5f
data/reference/revision_v38/experiments/clusters_final/2020-10-17_2_reuse_0.log,1996,4583253ffcf6a8f8008617d609c580943e72ada9d524a0063c1796f83b6f41c1
data/reference/revision_v38/experiments/clusters_final/2020-10-17_4_full_0.json,1461,9feb3a5ab2431eaa31bca97e745d312f790dda4309d6eb92640ce1ff12ce98da
data/reference/revision_v38/experiments/clusters_final/2020-10-17_4_full_0.log,606,ab42df92f483cede418089303df687152a37bb8925fcb9dc2ea937b0895d7035
data/reference/revision_v38/experiments/clusters_final/2020-10-17_4_no_reuse_0.json,2350,0be822321af096b7de654f4c84beab9103aeda9cdfce9892538fef5a04505d91
data/reference/revision_v38/experiments/clusters_final/2020-10-17_4_no_reuse_0.log,1233,042a86c2710f189ac70e9f819512bcf0d01344217c47fb891229a27e3f53584a
data/reference/revision_v38/experiments/clusters_final/2020-10-17_4_reuse_0.json,2350,81b1b92c75a5612e51585315392e99e2d8a7f3f27aeff688b1f61a60605b1aba
data/reference/revision_v38/experiments/clusters_final/2020-10-17_4_reuse_0.log,1229,6dd549f88484ac91740c5c80375d3be24a1658b274ba86042637833089f284a3
data/reference/revision_v38/experiments/clusters_final/2020-10-17_8_full_0.json,2096,0477f242466779d8af3a3502870f8ae462fe3db9ef7f6faef7d8949227933801
data/reference/revision_v38/experiments/clusters_final/2020-10-17_8_full_0.log,609,9013f992ca7b5634f82c2c0116860733e24fe5787355e4568f52b747e7895f5c
data/reference/revision_v38/experiments/clusters_final/2020-10-17_8_no_reuse_0.json,2980,6eae2341a2e5088f7e2e5be81f36fa18d5bdc1c4e4c43d460a98cb2c540789ca
data/reference/revision_v38/experiments/clusters_final/2020-10-17_8_no_reuse_0.log,1233,0038e9b1c78e2098e104585e490829a569ed1c612ec6abb2acdec3f21f58eccb
data/reference/revision_v38/experiments/clusters_final/2020-10-17_8_reuse_0.json,2980,f3fd2715557f98b036a9a783d4b646f9641a367896d9e2aaa37ef442658da0aa
data/reference/revision_v38/experiments/clusters_final/2020-10-17_8_reuse_0.log,1229,84f6ca96e3a02f7af27fec82210bae4d2444c8a8613e3563335fd331cd022df2
data/reference/revision_v38/experiments/clusters_final/2020-11-29_1_full_0.json,975,7c6b61a91883b2a1f869caa69b8d509426f69921b1d790f3af358c4358fadffc
data/reference/revision_v38/experiments/clusters_final/2020-11-29_1_full_0.log,611,e6a488d7a5f6fc3d758d5a16975dd6b8e809ab962df25473772f94dcbd1143c9
data/reference/revision_v38/experiments/clusters_final/2020-11-29_1_no_reuse_0.json,3318,e91fd042dedf33d44b2711e93ecec8963000c7d0a0e59e7a990574e11b7f3342
data/reference/revision_v38/experiments/clusters_final/2020-11-29_1_no_reuse_0.log,2277,c4e4f1acfee66882a1c1216e1b559e21071f1486c423c44d19a1ec54739f6b18
data/reference/revision_v38/experiments/clusters_final/2020-11-29_1_reuse_0.json,3315,c834810bc9a836b637e616499d66e3591bb4ad72e50f54dcde8d3164670a0e8a
data/reference/revision_v38/experiments/clusters_final/2020-11-29_1_reuse_0.log,2030,e4fecf73a7ca83343f3e197c7d1596d1dc6fff64f5b49bd00e6ddb8c07f6fd9c
data/reference/revision_v38/experiments/clusters_final/2020-11-29_2_full_0.json,1166,94701b3fb51101d8b8125e885637c437b1d088e0f5d81cf8e294c5192d4b8bc4
data/reference/revision_v38/experiments/clusters_final/2020-11-29_2_full_0.log,629,1ea5bf79a0a1ab72fc08df124ef1ed7637de5a1d192a2bd232862b2858828f4d
data/reference/revision_v38/experiments/clusters_final/2020-11-29_2_no_reuse_0.json,2511,20a925b6b0f60ac872024fb8c23ac3e8b2303102011268dae6e6206ba0c8dc78
data/reference/revision_v38/experiments/clusters_final/2020-11-29_2_no_reuse_0.log,1498,8faf62f545f6123d1c9d4fd8abbea3de58e2602a016f54b206ab01be64765251
data/reference/revision_v38/experiments/clusters_final/2020-11-29_2_reuse_0.json,2510,5a7b5053347b90b9bf1d51b88f8b072f787afaf8ad3a9ea391f61290c65015f8
data/reference/revision_v38/experiments/clusters_final/2020-11-29_2_reuse_0.log,1495,0647e77cdcf53deec52db718ef5d20554ffc4b0d06d790842a88cb1495358625
data/reference/revision_v38/experiments/clusters_final/2020-11-29_4_full_0.json,1468,af5492cba4afa872ec0e4fa5cee56f900a192424a3aaad2125b7a9fb59940e6c
data/reference/revision_v38/experiments/clusters_final/2020-11-29_4_full_0.log,613,a3109f83ae6e58a0510d57b7ae2e2e6c715aa674561402c1ee6835f05ac0be94
data/reference/revision_v38/experiments/clusters_final/2020-11-29_4_no_reuse_0.json,3350,b8d1647bfb051e141069e873adbfc0f960e864fa9ad2f3599da6bd44b6215244
data/reference/revision_v38/experiments/clusters_final/2020-11-29_4_no_reuse_0.log,1771,4c32827adddebe648b0a7a9f48ed6461d4cf7461ce9986e8a1f8c868242a71b1
data/reference/revision_v38/experiments/clusters_final/2020-11-29_4_reuse_0.json,3348,017795b3cfa241e66fc7e0bcc52705217b5ea50b6b42d66d2cb1fffc60b90404
data/reference/revision_v38/experiments/clusters_final/2020-11-29_4_reuse_0.log,1765,1b6bde23a1fbbd6bdda4c230e7a097a337e0d09c58fb02db398a94897456a27b
data/reference/revision_v38/experiments/clusters_final/2020-11-29_8_full_0.json,2095,86b0c9b7832d9c0c2c3dfab2eb54bd3e7781ea8ff2c48e304838df4607669cde
data/reference/revision_v38/experiments/clusters_final/2020-11-29_8_full_0.log,856,40f96f21270bb8b788def165f8ec45999b46d6a088dfd627e12d6479470d816f
data/reference/revision_v38/experiments/clusters_final/2020-11-29_8_no_reuse_0.json,2986,73e390c3548ae5a802b2276e6a318d1eec420689a5ba6ef75247a07498fdc254
data/reference/revision_v38/experiments/clusters_final/2020-11-29_8_no_reuse_0.log,1482,17fa94dcfe69be278eb403973c879c784954831396416b77a8a5fb77aabefa9e
data/reference/revision_v38/experiments/clusters_final/2020-11-29_8_reuse_0.json,2983,266a5837681d238d3dad985ce0972f4f17a1a318bd18a547af85a9fb4afbc53e
data/reference/revision_v38/experiments/clusters_final/2020-11-29_8_reuse_0.log,1237,889055fab6000a7a7191358e1bffa54590c1b5a53d6330b84dbfe22879c2ec04
data/reference/revision_v38/experiments/clusters_initialized/2020-04-07_4_reuse_0.json,12539,bd3227f2bfa55daf575d757b2b883d6dfcae827b1338ac44e112fbc664dcf2e3
data/reference/revision_v38/experiments/clusters_presolved/2020-04-07_4_full_0.json,1485,e54006be650ee369c0b92f132d29af6f75fb9be780ad9d6a64c9966393a447d5
data/reference/revision_v38/experiments/clusters_presolved/2020-04-07_4_no_reuse_0.json,9192,5c8d0760ca4fea85d118fa8627ef6609ad519a685ffbea2686cfc1f325a96311
data/reference/revision_v38/experiments/clusters_presolved/2020-04-07_4_reuse_0.json,8684,14b504537892a75ecd52f40bb02fd315b5caef4e6094a84755c4841fb9165368
data/reference/revision_v38/experiments/continuous/2020-04-07/scenario_000.json,486684,ef3ac18f55980cbb30e26bc24f522ce925ab7f6d9e8415a477c5f0d5dbb8ea27
data/reference/revision_v38/experiments/continuous/2020-04-07/scenario_001.json,244549,d4771d1c8c54ffe0d70b3551fc1b971e29271110c2c2ce6ca6971979a96fc271
data/reference/revision_v38/experiments/continuous/2020-04-07/scenario_002.json,528977,f96829c1598eefa4ccf2acc120224e9297af4206d2a246a19593f582f1869f99
data/reference/revision_v38/experiments/continuous/2020-04-07/scenario_003.json,585614,c18a1d34a228c8f010551690fb9cba13ef586923766c8f6727d0e3888c632148
data/reference/revision_v38/experiments/continuous/2020-04-07/scenario_004.json,1400892,29111fd947bc4c8a3fc6cff18350e337198904dc2509896cffc5141bee17b95f
data/reference/revision_v38/experiments/continuous/2020-04-07/scenario_005.json,191672,6a4bc0308769973a5d743be5325b7417ca2257aaedd2a8dcebcf5e4e81c02a44
data/reference/revision_v38/experiments/continuous/2020-04-07/scenario_006.json,70171,446094930e5768a72bce59cdb2bb947ddc4d811234779cd1239a5d767f96ed2f
data/reference/revision_v38/experiments/continuous/2020-04-07/scenario_007.json,429075,cec571f580af0bfd105dc7bafc5f840242e01f4add49720fcecb112cee24fa73
data/reference/revision_v38/experiments/continuous/2020-04-07/scenario_008.json,346342,0f2fa7cbe03ff19486911dac1193c5ace287b54e8aaf3d96a14141fb718d32d9
data/reference/revision_v38/experiments/continuous/2020-04-07/scenario_009.json,199269,f1298efde41499f17bcf57eb41d9412bdc88204586dd8495065d7bbb1176c89f
data/reference/revision_v38/experiments/final_benchmark_protocol.json,2163,64c122f2e67a1e630e8dc64eeb3bddcfbfdfc6e377ad7df62615f6d1e477d4b2
data/reference/revision_v38/experiments/final_evidence_summary.json,1478254,4363d1e40248adab036601a8c80d132396c72bf81dfee8d186c7999b5b6f75e8
data/reference/revision_v38/experiments/protocol.json,1193,ee228b6361dc268754a3e4d58f3645fcd51fb8442937667666b520b8b0c210b4
data/reference/revision_v38/experiments/scalar_lp_validation.json,1622,8b924bfb74df8799f5d5b19d31d30f2489a5ab3e9c20b8c8a269678c778d1ec1
data/reference/revision_v39/experiments/ac_complete_progress.json,508176,8753387806423b6440a9008a356c6a87653a4be1bb60779a2a8d5789202b834e
data/reference/revision_v39/experiments/ac_complete_summary.json,508490,7ebde61a3d620e5f2d6154be2f99af1544136f469b2f4b6ab2f5d7de295056c8
data/reference/revision_v39/experiments/ac_day/day_2020-11-29_1.json,32162,f425ae568e74a201129314661998a69daf1f2c29897ae76bb1ee826b0d6e9182
data/reference/revision_v39/experiments/ac_day/day_2020-11-29_1.npz,412676,b06712ac7574793ca8be04fe5d64fbd6f799b30a7bdd758833b285a00db5570f
data/reference/revision_v39/experiments/ac_independent_audit.json,237784,cd5c63ee67679519f5641c780e4df396a8e4ce1c11597bb9516f9b402522c4c9
data/reference/revision_v39/experiments/ac_piece/day_2020-04-07_1.json,31914,2a18baec66a318a93a069410355b248d52dce138b83b450cb67f3c3a0fbcc84e
data/reference/revision_v39/experiments/ac_piece/day_2020-04-07_1.npz,398104,ebdaccb129703314908c966f92998b2c798410e9416e29f737cd866d55a22465
data/reference/revision_v39/experiments/ac_piece/day_2020-04-07_3.json,31869,035ad958a5bf31bad02c9287d3c8850f184e3a364ee83a68356f4b745c573fb3
data/reference/revision_v39/experiments/ac_piece/day_2020-04-07_3.npz,399714,25a9f1041ab9ed6767e747d58e647c3ebeb06ad5b0b333fe47162d384201c06f
data/reference/revision_v39/experiments/ac_piece/day_2020-10-17_0.json,31879,b482227c11f4f1559a69a901600ca1ed7d1f3eb178ee3ba4f7acd1af704b2aa2
data/reference/revision_v39/experiments/ac_piece/day_2020-10-17_0.npz,374118,ada39fd8331639755649b52c064abab011331e428b757b2986d6016939809630
data/reference/revision_v39/experiments/ac_piece/day_2020-10-17_4.json,31890,b0916bcdece6b1125ebb6447b6243679c358fa3439ca996d304d0aa215cbe0bc
data/reference/revision_v39/experiments/ac_piece/day_2020-10-17_4.npz,401010,a0266787c7fc55b38b3746d5f8f9b9c9b7d491ceadd542ae70512fce997e446e
data/reference/revision_v39/experiments/ac_piece/day_2020-11-29_0.json,31968,ea5b6e415ba6a40f53fc2aa14404f41b915ae7fbc931a82098aa4f3dc0f6d8b2
data/reference/revision_v39/experiments/ac_piece/day_2020-11-29_0.npz,371244,5f666fd59f3454e417160b21a4579be9dadae73c046f5fb0ec1f0b1eb336b8fc
data/reference/revision_v39/experiments/ac_piece/day_2020-11-29_1.json,31943,13588134401316565d3cc272f29c9457f775f0a36c73c951a3ed919267262f06
data/reference/revision_v39/experiments/ac_piece/day_2020-11-29_1.npz,411761,6eef887fc8305137323d915f06ec122b45cbb8c6c23ee7561dfc10366e08154e
data/reference/revision_v39/experiments/ac_piece/day_2020-11-29_2.json,31918,c1dbdd2f744e9d407615055b04c1dc7ed477a70e7de502610aa759697a4f2f6f
data/reference/revision_v39/experiments/ac_piece/day_2020-11-29_2.npz,390874,aca203ffe825a27984886b9d69c15e00d4e99e41605310a74f442901d7a80d50
data/reference/revision_v39/experiments/ac_piece/day_2020-11-29_3.json,31902,e568b53a487b72fc2f54a9fa4a11673429a3d04733e50bb142baa05666ac4662
data/reference/revision_v39/experiments/ac_piece/day_2020-11-29_3.npz,392722,8a871c90bc753f89f4473b570179c605afcec8859767423e9e06dee632585c2b
data/reference/revision_v39/experiments/ac_piece/day_2020-11-29_4.json,31856,014ec0fd53ddc8342df10ee673d1837ea620ca9927b54e3fe9c9e983966614b5
data/reference/revision_v39/experiments/ac_piece/day_2020-11-29_4.npz,392440,f29d113319c10140ab6803ad333acf59296eefa9c4aeb6cd8da75db023fb55d5
data/reference/revision_v39/experiments/ac_restore/day_2020-04-07_0.json,37426,8c7ec52dcc019324eed9fde7e86dc336a0a7f793b22ef34f1f5a6544dca17f33
data/reference/revision_v39/experiments/ac_restore/day_2020-04-07_0.npz,380705,b104fd5be9047b98fc6f8e791fe4a925107edbde79e8ef4ea4415977cd7a25ec
data/reference/revision_v39/experiments/ac_restore/day_2020-04-07_1.json,37454,c0e380f799a81c04980455211a1e816a099e5a69e670fde1b8020fb0d9036a07
data/reference/revision_v39/experiments/ac_restore/day_2020-04-07_1.npz,404044,fe64180a57fb8c65306ef54afd4a53d9209e4d171dd922d9befb7cc3fb395ad0
data/reference/revision_v39/experiments/ac_restore/day_2020-04-07_2.json,37485,7e62d6b0a3b7e6911ada8a54b3686386c78785456101758e9e7bacdf6051389f
data/reference/revision_v39/experiments/ac_restore/day_2020-04-07_2.npz,405750,c46b3223a5d66ca4d2c77f4467e926b7f8cf55a81a15e8d49527f20c1ba32a3f
data/reference/revision_v39/experiments/ac_restore/day_2020-04-07_3.json,37454,2b140b1fddb340dc4ebe81733e2c441cd88a9c1843a49b321f6601d833824d91
data/reference/revision_v39/experiments/ac_restore/day_2020-04-07_3.npz,405632,e97601483c4e1f456eab2448f2de38e452689ebfd7ff27a58049b1abde858063
data/reference/revision_v39/experiments/ac_restore/day_2020-04-07_4.json,37443,c7d28f181d0b35f45acca68e0c628f55aefe1ce8e23032c72fd60d518bcfb8b6
data/reference/revision_v39/experiments/ac_restore/day_2020-04-07_4.npz,406975,06caf50233f9819308fa326e8a85059d8aa9af65bdbca2b33258ee69bf07f7d1
data/reference/revision_v39/experiments/ac_restore/day_2020-10-17_0.json,37419,8d671a56f0a9ccea62f843b78079fde90a1f4b13422396a8524a86e2f3e65cf6
data/reference/revision_v39/experiments/ac_restore/day_2020-10-17_0.npz,381423,a8ecba5c103153091820f595bf11701c4e3d1541681d7c386d6a683ca6dcfcf8
data/reference/revision_v39/experiments/ac_restore/day_2020-10-17_1.json,37415,b25993bc03d8f622ddb24c4f23db000ebc5b8b1fd6bc6233eac584b66d546ba8
data/reference/revision_v39/experiments/ac_restore/day_2020-10-17_1.npz,408681,0f762b6aee5dd31e58b7e33f94613719d7061af42148260180aba730b6b9db9b
data/reference/revision_v39/experiments/ac_restore/day_2020-10-17_2.json,37445,3552cf1455d36b667af8965fa1c7d5e18f2a26bb5f6002ce36cb3a93c35a51c7
data/reference/revision_v39/experiments/ac_restore/day_2020-10-17_2.npz,410389,7f2a26e69cfba9c83c03419d50938323da4eca369bb20f104d7c69340a385501
data/reference/revision_v39/experiments/ac_restore/day_2020-10-17_3.json,37436,a40a7c2fcfc90b2e1f6404c00cfd283fbfec0f6dba17b878b7859a82dc02042f
data/reference/revision_v39/experiments/ac_restore/day_2020-10-17_3.npz,406239,4d7ce84217edf07976c083dc26baf2c7bd5b7ba365c784ef37c68dee4b0ef1b8
data/reference/revision_v39/experiments/ac_restore/day_2020-10-17_4.json,37429,54dcf22bd3f964e8da9698338b42b5d93669cecf4d65e4b4a60a57cb6b877afb
data/reference/revision_v39/experiments/ac_restore/day_2020-10-17_4.npz,410266,af87c6e47bd84eac6d50f450ad4989a7f8ca3451b155b8d0c5a81675325d54a4
data/reference/revision_v39/experiments/ac_restore/day_2020-11-29_0.json,37490,856640373ac39f898e43408d426f674419e4b70c3498516f26dd79cd2805db86
data/reference/revision_v39/experiments/ac_restore/day_2020-11-29_0.npz,377083,2b6d553beb8bb5c61f62fc058f584538d12550e9bc5727230be6b0c440c65c38
data/reference/revision_v39/experiments/ac_restore/day_2020-11-29_1.json,37486,b41ede69bfdfac661bd6ebd1eb77022ee283fae6cb0d29a804c9342dec68d11b
data/reference/revision_v39/experiments/ac_restore/day_2020-11-29_1.npz,418622,6d25054b001eafc80623f96402be4bb4cbea427c6cc14ed6c68f0415cfe1a67d
data/reference/revision_v39/experiments/ac_restore/day_2020-11-29_2.json,37513,832732971431d652fb3249f982bdc123de244e689db409b27604052231f1d8ff
data/reference/revision_v39/experiments/ac_restore/day_2020-11-29_2.npz,397143,997bc8f2310eb91d5fdeb61f1448e8f7efbd478759f79d4e7458421d1cf2d697
data/reference/revision_v39/experiments/ac_restore/day_2020-11-29_3.json,37502,33bd15738edfefbec46d763f960239696ab3343ae3ff93aaa00e66e4e76d148e
data/reference/revision_v39/experiments/ac_restore/day_2020-11-29_3.npz,398388,4a4ad776b2ae944abbc2321162030cbdc94be238340cb8bbd4b554f5de70fc02
data/reference/revision_v39/experiments/ac_restore/day_2020-11-29_4.json,37491,6a269698e9751f92e291eb1ec048bd7e7ddfb7c2bfa9baa2d1f437f755d7bb4c
data/reference/revision_v39/experiments/ac_restore/day_2020-11-29_4.npz,399169,98191bcf51d3e0c3344c02757bb6b38bd0911f2b485206150e0ca0b1108b28ce
data/reference/revision_v39/experiments/ac_restore/existing_1_2020-04-07_0_0.json,102711,334206156ecd2b0732669ec8d0dbce52db500a573d9b9da21f746c9904ad1cb0
data/reference/revision_v39/experiments/ac_restore/existing_1_2020-04-07_0_24.json,103936,9635c486282a3ab16c06973c9122d67cc2cbeb1caafab380bb66f58c8a8fa516
data/reference/revision_v39/experiments/ac_restore/existing_1_2020-04-07_0_36.json,102374,93c3a4eecd80f0ef9d63b04b70996e8a2cb824b9a0daa0d3e8c232f7da36a881
data/reference/revision_v39/experiments/ac_restore/existing_1_2020-04-07_4_24.json,104919,4c87be2558552d712dce336f9fcc1aed35a3d522a45a623ce1934f98033075b8
data/reference/revision_v39/experiments/ac_restore/existing_1_2020-10-17_0_0.json,102774,ad217cd510eb483a4a328c585833ff0c7b67a8f5867de94c09afae0b9069af20
data/reference/revision_v39/experiments/ac_restore/existing_1_2020-10-17_0_24.json,103344,a37a1572efa4953354ce3dd78352d7a2a3cc4d8eb84929a39047eec424913c9e
data/reference/revision_v39/experiments/ac_restore/existing_1_2020-10-17_0_36.json,102730,70c16f46d6965e608719e3bf754fb4a9250d31a434d408f276d2aa7ac1f927e3
data/reference/revision_v39/experiments/ac_restore/existing_1_2020-10-17_4_24.json,104237,c4da591678cd4db9cba86167bc1182258fc9a8c24bbbc1a467b8f03d8dea687c
data/reference/revision_v39/experiments/ac_restore/existing_1_2020-11-29_0_0.json,102238,18ca560849a9ab503973d723170d822b8ee0fd4e6bd7c8600653ad11e15fed4f
data/reference/revision_v39/experiments/ac_restore/existing_1_2020-11-29_0_24.json,103891,3f7f028a54c62ac0762f722231fa56b0d68cc47458c256fa9a3555f64b2a50d8
data/reference/revision_v39/experiments/ac_restore/existing_1_2020-11-29_0_36.json,102699,face8f92cbc83bcae047547be97438e3cd1e320bcda59ec16285dc0120c5cb6f
data/reference/revision_v39/experiments/ac_restore/existing_1_2020-11-29_4_24.json,104576,1de85052522b5a03a39a314fb19974e20c04e4c2c807088a0c6f2659a5bacc8e
data/reference/revision_v39/experiments/ac_restore/existing_1_probe_summary.json,8387,6e1c111a37e298b90eda5016e77f717a782fdeb1c8c67653daee08c6ffa57aac
data/reference/revision_v39/experiments/ac_restore/full_summary.json,564392,f53abf90d0de53f74802f6937385e165e948a0c8896179dd22f8c57863fb5eb9
data/reference/revision_v39/experiments/ac_restore/ipopt_probe_2020-04-07_0_0.json,102586,bd9033fbbc6e1a2e5e0ea19a86679b4c64ba9f023f9966eaeaf4e22dff94e6aa
data/reference/revision_v39/experiments/ac_restore/ipopt_probe_2020-04-07_0_24.json,103814,63d7d1aed0d19817815a8779fff943c8d180074a0073d82fdf2a0658cee426fe
data/reference/revision_v39/experiments/ac_restore/ipopt_probe_2020-04-07_0_36.json,102270,debf1aefb2c1dfb685a07d8b2009dfd463924c3a7232b47abf1fc8c16e2310b2
data/reference/revision_v39/experiments/ac_restore/ipopt_probe_2020-04-07_4_24.json,104838,c31b69677c4ac73815a182dc30f32c9c89b33a9bd9a0a19992555765f5512c72
data/reference/revision_v39/experiments/ac_restore/ipopt_probe_2020-10-17_0_0.json,102668,a2d7e49dc11d343a72920cabab1070cde4e8b5991ec966f2b7c23bc1e6820eea
data/reference/revision_v39/experiments/ac_restore/ipopt_probe_2020-10-17_0_24.json,103263,b47b0c99d979343d59ceb5fe0b629db5ecb2d39a0dc81c576a20e6c47d0a64a4
data/reference/revision_v39/experiments/ac_restore/ipopt_probe_2020-10-17_0_36.json,102584,4728926937f1c90a2afeeceaeb2a3fb748e56d133dd5ffd6da3f850babcab93b
data/reference/revision_v39/experiments/ac_restore/ipopt_probe_2020-10-17_4_24.json,104174,197a8d32ded6fabbf244826425324661dbe5d16045c4889e07c659f3e6991473
data/reference/revision_v39/experiments/ac_restore/ipopt_probe_2020-11-29_0_0.json,102181,f2c2c63dbc62b58364796ea38529e5b390adc0768bb9274b02291e36c8b177c4
data/reference/revision_v39/experiments/ac_restore/ipopt_probe_2020-11-29_0_24.json,103834,5723b988a58971dd0328af7ec534bd3a97475acc6462b350aa528e7fc41ba958
data/reference/revision_v39/experiments/ac_restore/ipopt_probe_2020-11-29_0_36.json,102642,a9430e672779fbebe409321aae95e1e88e576ad37f12f40c90f544793e10a887
data/reference/revision_v39/experiments/ac_restore/ipopt_probe_2020-11-29_4_24.json,104519,79449d1b635e1527fddd1f154c32c3b0e4c53165faa122cab18077387af08474
data/reference/revision_v39/experiments/ac_restore/ipopt_probe_summary.json,7566,b7e813bf3bb52503ee34ea237f859fbafbc6aa801c8d14cf46cfc8fe7aaedd74
data/reference/revision_v39/experiments/ac_restore/probe_2020-04-07_0_0.json,122063,2309aafd187bd388544a9a4dfeef67a3befb803b1caf33f5e831a7a83fe26928
data/reference/revision_v39/experiments/ac_restore/probe_2020-04-07_0_24.json,132929,9bcacd9a0bfb5cfe9b16c72da22f8e8269492abeff96aa3b9dddce2f37c27c6e
data/reference/revision_v39/experiments/ac_restore/probe_2020-04-07_0_36.json,128630,715a110aaf7e8522193c837441cab4ed8e04f1ea51116ab3c682ac95bea406a3
data/reference/revision_v39/experiments/ac_restore/probe_2020-04-07_4_24.json,133902,5f0f5aee622ce1cda29bc04c6da5d52edf629d646653d7233532f3bb193ee119
data/reference/revision_v39/experiments/ac_restore/probe_2020-10-17_0_0.json,121946,93bbbb2293d06f3114ac6711af90cbbb694343b95c74773c3d6bf04c27e26446
data/reference/revision_v39/experiments/ac_restore/probe_2020-10-17_0_24.json,125480,1965dba2257f00c833efb84074c760738e1bd444affdea58c4422e16ed1a3d83
data/reference/revision_v39/experiments/ac_restore/probe_2020-10-17_0_36.json,129516,0a262275910cc027d4ef5ad7716a9bab4091bbb4a41412157d28fc74284406c5
data/reference/revision_v39/experiments/ac_restore/probe_2020-10-17_4_24.json,126358,3c4e3416f0da5a2cc09a762d9138525ce7ed3b8ca07127ae212ab69e556cc14d
data/reference/revision_v39/experiments/ac_restore/probe_2020-11-29_0_0.json,121528,716849704122284cc629d2b474dc4c0cd5874bd51198bed2f01b6b6685de974f
data/reference/revision_v39/experiments/ac_restore/probe_2020-11-29_0_24.json,125543,9c0e9c9e193916cf22a4bab94a43378eb9ab083d0ff2914dc3412cd8284524f6
data/reference/revision_v39/experiments/ac_restore/probe_2020-11-29_0_36.json,122066,8ba787761846f2139181b4fae9b611e5806dda02629272dea191c6adbd97a343
data/reference/revision_v39/experiments/ac_restore/probe_2020-11-29_4_24.json,126402,da02b477a4031ebb583e1ff3bc0f58247bc05c07440cac5dbd1a9d2fb01cb056
data/reference/revision_v39/experiments/ac_restore/probe_summary.json,6952,41296256959767cc04af91d61271a97b0f5e5c6e18e7339574993098e5a36a3b
data/reference/revision_v39/experiments/algorithm_calibration_archive/2020-04-07_10_reuse_5b0e87a28ea5.json,14817,5b0e87a28ea54ae429d44026d159cea6af0d420f2516a0ea37b2c406c4178336
data/reference/revision_v39/experiments/algorithm_calibration_archive/2020-04-07_10_reuse_60d29c445dc2.log,3524,60d29c445dc22a8a95409ba403a52e353ab3716efb3ca0352607d8249318761a
data/reference/revision_v39/experiments/algorithm_calibration_archive/2020-04-07_10_reuse_7fecf19f17ed.json,13525,7fecf19f17edf44c3f5318524132eddb86491d716c0f379bc9b21444b65dd546
data/reference/revision_v39/experiments/algorithm_calibration_archive/2020-04-07_10_reuse_e4991d4b6f07.log,4830,e4991d4b6f0784ba0bc44371302b7640e58fa432e0c31b4178927dc6875d1a02
data/reference/revision_v39/experiments/algorithm_calibration_archive/2020-04-07_20_reuse_60c0ac81c95c.json,15851,60c0ac81c95ce2c67e5372d276fa8c43e9e73d49e9785e61bb07c8d965c65412
data/reference/revision_v39/experiments/algorithm_calibration_archive/2020-04-07_20_reuse_698b798195e5.json,15413,698b798195e55b3a41c956dc223a70d4c4a32aed5dd0a2ece4877422e745a75c
data/reference/revision_v39/experiments/algorithm_calibration_archive/2020-04-07_20_reuse_8673a8a27e6a.log,2216,8673a8a27e6a69f3b7f7131f4d70461515be6c1687fc1f8c3fe83ba3d9fb7caf
data/reference/revision_v39/experiments/algorithm_calibration_archive/2020-04-07_20_reuse_c4b4d2bc31df.log,1518,c4b4d2bc31dfd791681ebb496fde3cb3103e36430e288a896894a8597f190470
data/reference/revision_v39/experiments/algorithm_calibration_archive/2020-04-07_40_reuse_0612387bd43b.json,35840,0612387bd43b1e0a0170eb313346f33dd0603c4f0c7122a6861eb4ea96cc50ed
data/reference/revision_v39/experiments/algorithm_calibration_archive/2020-04-07_40_reuse_94cee2eac22f.log,5173,94cee2eac22f8a8483be6ec5cdeddeefc353c935f07076dbab92966f8cfd0d73
data/reference/revision_v39/experiments/algorithm_calibration_archive/2020-04-07_5_reuse_857d01e0bbbc.json,3846,857d01e0bbbc62f20b0519926c2cee0b9b1f511a33904ce9abd07fcddf3b573c
data/reference/revision_v39/experiments/algorithm_calibration_archive/2020-04-07_5_reuse_8d8562062971.json,7988,8d85620629719e47b6d787550fdd93cf66f020c3c9e279594a1097748d9e0274
data/reference/revision_v39/experiments/algorithm_calibration_archive/2020-04-07_5_reuse_aafd8eff9213.log,3348,aafd8eff9213bf41ec676e05f61d334d8ea68a89f8eefe0a09750e09c9ab30c9
data/reference/revision_v39/experiments/algorithm_calibration_archive/2020-04-07_5_reuse_c9148babaa40.log,2346,c9148babaa4082b2f5bac63d40a85e89490dfc74591534a36c43c9ae9f3093db
data/reference/revision_v39/experiments/algorithm_calibration_archive/2020-10-17_10_reuse_69a7eacb7353.json,9200,69a7eacb7353756a244da940a28b2c9390218d8ecc5bd1cf2b9b4d8cdb1ce672
data/reference/revision_v39/experiments/algorithm_calibration_archive/2020-10-17_10_reuse_f196c2ef598c.log,2069,f196c2ef598c5442daf44730842177e77038bc3ed51c9ea572d9d7c24afe7767
data/reference/revision_v39/experiments/algorithm_calibration_archive/2020-10-17_20_reuse_73a76dcbf645.log,2222,73a76dcbf6455a072e17cc27f025e3daec38b17805cd1231bd33506b869f81cb
data/reference/revision_v39/experiments/algorithm_calibration_archive/2020-10-17_20_reuse_b3b3d4ed7af1.json,16644,b3b3d4ed7af1d9d8ed37978a27bad9786ad7f04b8c0e478c6eea15e64111ef9f
data/reference/revision_v39/experiments/algorithm_calibration_archive/2020-10-17_40_reuse_af9ee1ca9c40.log,2581,af9ee1ca9c404c415f0665e702597d60ff8e030425f04a4a942b8bfe226376aa
data/reference/revision_v39/experiments/algorithm_calibration_archive/2020-10-17_40_reuse_d40c8c61486c.json,29107,d40c8c61486c3986ce4230cef3b76494181527fdbb544defbb8ac5358e225cd4
data/reference/revision_v39/experiments/algorithm_calibration_archive/2020-10-17_5_reuse_9d87f2ac42e0.json,5933,9d87f2ac42e0579ff5baff3fcbbbcf6f5a354d50fb9b2962fd34ad294d7391ff
data/reference/revision_v39/experiments/algorithm_calibration_archive/2020-10-17_5_reuse_fce8491a2d9d.log,2009,fce8491a2d9dedc26784706d44c14e6e839c0965fc9e6d452e460f1108d5270c
data/reference/revision_v39/experiments/algorithm_calibration_archive/2020-11-29_10_reuse_5bacaeade396.json,9388,5bacaeade396e41050cbf3c7e7a86ab2b82ab085a3f28d55c60f6b09f5f87638
data/reference/revision_v39/experiments/algorithm_calibration_archive/2020-11-29_10_reuse_c8296a80c7c7.log,2312,c8296a80c7c7be13c849659d2877a2922e8c9538b04d545229adc55afa0ac688
data/reference/revision_v39/experiments/algorithm_calibration_archive/2020-11-29_20_reuse_0b3e15802e2c.log,2457,0b3e15802e2c9d6a523b49aad6540dcae4f6ffc81d1fe5bcac23d835b81aac7d
data/reference/revision_v39/experiments/algorithm_calibration_archive/2020-11-29_20_reuse_b8c8c98abfaf.json,16202,b8c8c98abfafb924e01ad143e909f883374dc136eaeadc258a515414922a69b4
data/reference/revision_v39/experiments/algorithm_calibration_archive/2020-11-29_40_reuse_38c5c1040e4d.json,30144,38c5c1040e4d6e42f5bc5e24f4002e24e63c352321d5617bce86a9b27594ff0a
data/reference/revision_v39/experiments/algorithm_calibration_archive/2020-11-29_40_reuse_701c23d30db5.log,2488,701c23d30db559c41756eabbbaa038bf44d30907e251f431c4c9f9b827c5a9bb
data/reference/revision_v39/experiments/algorithm_calibration_archive/2020-11-29_5_reuse_17d5e6ad0ec4.json,5909,17d5e6ad0ec45a7c991d0564d34f54e56bbdf146586734d359a82b1b6af0a079
data/reference/revision_v39/experiments/algorithm_calibration_archive/2020-11-29_5_reuse_ce712030fb6d.log,2010,ce712030fb6df4a72433d34581e0e3cdf37eefd1e13f685f78f30b908967f76a
data/reference/revision_v39/experiments/calibration_archive_inventory.json,7810,5167be9e8bd0091b32aa4d257ed0fd843d984f1cc1e6eced32721b97811480ba
data/reference/revision_v39/experiments/dominance/2020-04-07_0.json,15512,cd2ca9f424882a2d010e644842329f88135381c1400362d15c0db4e39c7cd627
data/reference/revision_v39/experiments/dominance/2020-04-07_1.json,2626,92bf3247b95c4982b41313c5e464aea720217f1dbfd895436abfb7cbfb7d9201
data/reference/revision_v39/experiments/dominance/2020-04-07_2.json,6989,544086c617fabe1c716f3f006d4926793529d46a5c3dcdb89d07189822f0ff4a
data/reference/revision_v39/experiments/dominance/2020-04-07_3.json,5302,712b66ebca46fe24996fa1cc603493bddecf03e7d5e32381db4f7a6042a779f7
data/reference/revision_v39/experiments/dominance/2020-04-07_4.json,35433,54f681eed9d8cae5791209a9301fe257ebd166dd670257a73b446bc1b06d3c64
data/reference/revision_v39/experiments/dominance/2020-10-17_0.json,1955,ac340dbf6316fa77a09897e96927a3b3547c1105766ba023190ed8f41b2d3196
data/reference/revision_v39/experiments/dominance/2020-10-17_1.json,12643,1274c0dfdfac3058f8b57d76089ec44ad0f3268fc4565c8e29e503b3a0fd7052
data/reference/revision_v39/experiments/dominance/2020-10-17_2.json,3796,5f272dac9eb42421a231872a5a780dafe4a0741bcf8248624a23df3a1a71249b
data/reference/revision_v39/experiments/dominance/2020-10-17_3.json,4971,dc9da34326a0079b49c7ee68bbf0e4351ff8a9adb897a87c15c2a6e86fa2111b
data/reference/revision_v39/experiments/dominance/2020-10-17_4.json,943,fd5afa29ac19c9e28dcec8c775ed57f887992b3f6c44d082e4d111256736a36d
data/reference/revision_v39/experiments/dominance/2020-11-29_0.json,12029,3e3f4be1fbcbd41329136adf01e720612bf509e5a5c890b3ea20cb305cfa67b0
data/reference/revision_v39/experiments/dominance/2020-11-29_1.json,259,0d482ce4e7f0f63af16c7f939339efe62d3b9813bd485cb807da8fbf28f0d915
data/reference/revision_v39/experiments/dominance/2020-11-29_2.json,39410,0e38e3af97a18d98817323fa0a1f4b2809604a461dd29ce844c72349b5809b8d
data/reference/revision_v39/experiments/dominance/2020-11-29_3.json,46400,995b8f76f2b0da392dcee24cf6e050d12ea13a8a8ca16d13f8c27ca322cd915a
data/reference/revision_v39/experiments/dominance/2020-11-29_4.json,44491,b8381527a6a291719ed8c1f2b2a12da7f0a31b3459098248297c71cfe5992394
data/reference/revision_v39/experiments/dominance_summary.json,3457,2003b691c08d15638151875ef24c07f196a5dcbeb81016ccb1cf74e18361e977
data/reference/revision_v39/experiments/final_benchmark/2020-04-07_10_full.json,2149,917c5c9d5eaf3b963a194be3d25a8b963b9de17b811be8847cb8b59eef51cfa7
data/reference/revision_v39/experiments/final_benchmark/2020-04-07_10_full.log,649,2ed40bd8ee393c7c80222893d12b2f5f3fe281c8469da363dc281f7bb0599da6
data/reference/revision_v39/experiments/final_benchmark/2020-04-07_10_no_reuse.json,6809,355c63f013a45671d46525f40ceeb8df5f28017ae738d1b9b744fb5ecb4afe4d
data/reference/revision_v39/experiments/final_benchmark/2020-04-07_10_no_reuse.log,3375,9daaff2124d823cfcb4fa0b94bc7aa7f98a47bb98d6ab69093bcb58f2404a359
data/reference/revision_v39/experiments/final_benchmark/2020-04-07_10_reuse.json,16026,d8ebf3bd1eeba75905c6dd9dccab4f8b4c097f868917d847f378386bd99952d9
data/reference/revision_v39/experiments/final_benchmark/2020-04-07_10_reuse.log,5662,1aa097261130548f440b17732bf0b0d804f336c675d9defbb5c9e5b36ae7254b
data/reference/revision_v39/experiments/final_benchmark/2020-04-07_20_full.json,2811,97712091cbab1fed1d4df69225c326e9eaa7071434f5e95cf87cf32a251345a9
data/reference/revision_v39/experiments/final_benchmark/2020-04-07_20_full.log,928,0e36d1ac5883c8cfbba72305a2ab1aebc1cd202067708ef9127df898cac68cc8
data/reference/revision_v39/experiments/final_benchmark/2020-04-07_20_no_reuse.json,10815,055d98c48b81145070e676f06ec0cc88fa35c782502bdc673fbd86915e2efdb8
data/reference/revision_v39/experiments/final_benchmark/2020-04-07_20_no_reuse.log,5172,fdf8ddc9fa5e82e4229fbe07086be9c523956a150f46fd76b22b3cb1bdcfb8ec
data/reference/revision_v39/experiments/final_benchmark/2020-04-07_20_reuse.json,17606,a8dac17cb9d6607683c10529fb2a8d3a3e6a50e1df9e51ceebbaf19c8f2a7321
data/reference/revision_v39/experiments/final_benchmark/2020-04-07_20_reuse.log,3524,ea85e090da8d369afd164a1742f1da2078faeeb315404cdff73cde45b5ad6175
data/reference/revision_v39/experiments/final_benchmark/2020-04-07_40_full.json,4585,60649cd13386506a67ad54587113d990ed6502364b7b1e123df391c1ef9ad378
data/reference/revision_v39/experiments/final_benchmark/2020-04-07_40_full.log,1561,41d1fbd7c82ec5fbde57f3e6891db6856b57b49a10340e0ab9937886e55c5bb3
data/reference/revision_v39/experiments/final_benchmark/2020-04-07_40_no_reuse.json,18394,1a6aac7b628fc9175dd9871ed45cb667c5dfd1510e3d4a5b156c5d32e184e92a
data/reference/revision_v39/experiments/final_benchmark/2020-04-07_40_no_reuse.log,8702,9e755b79dbe7fc317b13651494d1b902482de8efa87e23fdc90be6351bfd253b
data/reference/revision_v39/experiments/final_benchmark/2020-04-07_40_reuse.json,32783,769683661068832412bc2eeb1812a23c97f40c5b6bbe40eeae5dbc7787dc7a2b
data/reference/revision_v39/experiments/final_benchmark/2020-04-07_40_reuse.log,4229,75fe0e7384c544368da46ce116fe43098caca8388e055ce57fab7e249a2861ef
data/reference/revision_v39/experiments/final_benchmark/2020-04-07_5_full.json,1767,7338cbe7e56d0e10a855e215e78d0552bf037ce145b24798d22229cf72c1eb9a
data/reference/revision_v39/experiments/final_benchmark/2020-04-07_5_full.log,53,c811524ef2cceac9996a32fae61c6f7e977033e4813e96e13fca12886fd2657c
data/reference/revision_v39/experiments/final_benchmark/2020-04-07_5_no_reuse.json,3768,5aea40105d29f07ff63f44caf708564eb5a9ba745f8756af5ada260089e72f56
data/reference/revision_v39/experiments/final_benchmark/2020-04-07_5_no_reuse.log,57,1bbfa557d2d2f91079cc6ca8c42ef53bafc70353132c7517ccfafbd9efe7d530
data/reference/revision_v39/experiments/final_benchmark/2020-04-07_5_reuse.json,9013,b18cb2295f235ae5ad30e3d43dfd8d3ab9ce81b489f24da5d1fd7b952ca6676d
data/reference/revision_v39/experiments/final_benchmark/2020-04-07_5_reuse.log,4341,abf03104895180c4cc54beab6f32c9caff031c6db3c62d27c56058e79a44a64c
data/reference/revision_v39/experiments/final_benchmark/2020-10-17_10_full.json,2564,33111cac6b4b38afc27f86aede753b9ee5f238f903154ac7460514e327ab3700
data/reference/revision_v39/experiments/final_benchmark/2020-10-17_10_full.log,1047,21ab7d065a84b66ca12560918249c9212609dff0360247e22d10678baa0249cf
data/reference/revision_v39/experiments/final_benchmark/2020-10-17_10_no_reuse.json,3572,da30ded7d48cee86f957093cd77667c9514b94581a87b6ca98c4aa13209521a1
data/reference/revision_v39/experiments/final_benchmark/2020-10-17_10_no_reuse.log,1672,ec2e06d3af4caa3c48dbce000e0366249594d02d875c3ac32dca53f401698d60
data/reference/revision_v39/experiments/final_benchmark/2020-10-17_10_reuse.json,9173,33507a837b549d97cc43c9436c3af2b3a6187c7e11566111986e1294c616e06a
data/reference/revision_v39/experiments/final_benchmark/2020-10-17_10_reuse.log,1700,5c35b9402e9fa293be3e1dd8e1e1bed405e2665ab6cc06bc8cec534f4d8fea8c
data/reference/revision_v39/experiments/final_benchmark/2020-10-17_20_full.json,3237,60edb6430652d2d43ce897019b8601f941ad9cbe1ed6de5a5fc58c6803dcc1f4
data/reference/revision_v39/experiments/final_benchmark/2020-10-17_20_full.log,1092,580cdedd950bdede96a78580ae043c32e4252f66610bbf7fd215b949728691cb
data/reference/revision_v39/experiments/final_benchmark/2020-10-17_20_no_reuse.json,6005,355fae4865cde66a0ce41234d4eaf5f720da08c4641f99cc5291f6e733bdb1b6
data/reference/revision_v39/experiments/final_benchmark/2020-10-17_20_no_reuse.log,2311,2858d513abc1555b13437a358c9c750cddaf0b70e41ed2660bda58394d4eb2ce
data/reference/revision_v39/experiments/final_benchmark/2020-10-17_20_reuse.json,16881,dd8e8f0e757b1cce168ce6bba35e3c69126dbc6bbf0dcb4b267f62d7ada989e3
data/reference/revision_v39/experiments/final_benchmark/2020-10-17_20_reuse.log,2000,dbe82c05144a55e51e1e59c9695a2f0a23865cfb8719ccc429249f21422d9dc4
data/reference/revision_v39/experiments/final_benchmark/2020-10-17_40_full.json,4583,0869c5d6991e97103bbe25c7e0b965cdd33146baa275913bb35669889db46305
data/reference/revision_v39/experiments/final_benchmark/2020-10-17_40_full.log,1175,c8aaed90720e24a2878c9e5329ef044a6a34373c510df74219aa3730c3819d45
data/reference/revision_v39/experiments/final_benchmark/2020-10-17_40_no_reuse.json,9162,23440416f4faa5e1ea6c8c95d31d547f32f42f1603177d4405085a7dd2ac561e
data/reference/revision_v39/experiments/final_benchmark/2020-10-17_40_no_reuse.log,2966,9be30de39bbae1d9754dccf9a80d690b11f5dc3d73db1ca0985cab2a3b867d5c
data/reference/revision_v39/experiments/final_benchmark/2020-10-17_40_reuse.json,29873,79e71f1cdba6c59fedb748c719bd6ce8493d4ba533d395d0bb799a440f1e5bbe
data/reference/revision_v39/experiments/final_benchmark/2020-10-17_40_reuse.log,2699,c5bf1e0f81c8c5844ef9a3895a2d1c99b07b2f8b11feac3cf4763c198ae61322
data/reference/revision_v39/experiments/final_benchmark/2020-10-17_5_full.json,1743,c6a6c1d47299575c070079be347baa53df0aa036e206d9e9f779a30011c99587
data/reference/revision_v39/experiments/final_benchmark/2020-10-17_5_full.log,52,6d726be2461eef1a6397abea5893b4f30927cc0a878fdf2114680f38bf0a1919
data/reference/revision_v39/experiments/final_benchmark/2020-10-17_5_no_reuse.json,2636,12ed244085bb800a8fe04f9a7654b28801f1394f58fcab8084c7152cc96b5f16
data/reference/revision_v39/experiments/final_benchmark/2020-10-17_5_no_reuse.log,57,5917c91e06dbebb5827aee75a7b1faf89e30a89db4d3e79dec10bebed50595be
data/reference/revision_v39/experiments/final_benchmark/2020-10-17_5_reuse.json,5767,1d44a8c3e53c624fcf8d3eb145e30a39aec46f80c6e8efd0c669603db759c35a
data/reference/revision_v39/experiments/final_benchmark/2020-10-17_5_reuse.log,1565,286eea3088d1b86aaedebb99f75e4951e6f521194aa6b9257ab9e8953c16d576
data/reference/revision_v39/experiments/final_benchmark/2020-11-29_10_full.json,2569,bf18923e86123ef16f0e9a2dc44937b5a80cc687e78a93bdcdf4d3acd489e096
data/reference/revision_v39/experiments/final_benchmark/2020-11-29_10_full.log,1056,dd2197f96e8931ebb0dcb6954e5ff90564c2f3743bc831bacb27a440ba0980bb
data/reference/revision_v39/experiments/final_benchmark/2020-11-29_10_no_reuse.json,5045,39e9a90ef33c1499fb339c433306f9ad099fc3b2b349d550f42369610bdc07d6
data/reference/revision_v39/experiments/final_benchmark/2020-11-29_10_no_reuse.log,2713,15f600464bde02b5f3708166a274c49266a3d61c8dfc75e1560920f41e1a0429
data/reference/revision_v39/experiments/final_benchmark/2020-11-29_10_reuse.json,9357,a419cd577ef2a937c2470ee5ea6ab88f5afb81eae4710b2e6893d51d10ad523e
data/reference/revision_v39/experiments/final_benchmark/2020-11-29_10_reuse.log,1691,72e4c61418cd0bce1ae21650a3ff19e3062b703aba8d35e817e82373ae4b3b69
data/reference/revision_v39/experiments/final_benchmark/2020-11-29_20_full.json,3240,5b4c1c49004ccdb437f8ab6202f8e8a9d41880b71b1db858644baefdb49910b6
data/reference/revision_v39/experiments/final_benchmark/2020-11-29_20_full.log,1094,7aa5dc7d396431e2f5392f055247e1b40bacdace5a894f04ac1529fa340e0aaf
data/reference/revision_v39/experiments/final_benchmark/2020-11-29_20_no_reuse.json,5982,8190ee56fea01b49c41b8e800545c2a155506d749f7fe6674cd2a916f388f11f
data/reference/revision_v39/experiments/final_benchmark/2020-11-29_20_no_reuse.log,2514,c15ba04983b2facae29f676e8c7dfcf4cdb7ba4fb5eb66250dd2bafacf73aef4
data/reference/revision_v39/experiments/final_benchmark/2020-11-29_20_reuse.json,16428,0e0a8ea276e4f0ddea952e3804c925104519762e722966b5908c94f94c8b3dd8
data/reference/revision_v39/experiments/final_benchmark/2020-11-29_20_reuse.log,1966,4603013fc1d652cda5268e2c1e1220ef60f71747605b643ae0da634467e46a86
data/reference/revision_v39/experiments/final_benchmark/2020-11-29_40_full.json,4584,cb0bf1d363546cd1b6f96e15a53aee65656db93939e20b0e3ab3954d68e7d79e
data/reference/revision_v39/experiments/final_benchmark/2020-11-29_40_full.log,1178,942bf175beb9a2ed8fe27c5eb0c830ea35aae6e92c066835c0a7d12562fc795c
data/reference/revision_v39/experiments/final_benchmark/2020-11-29_40_no_reuse.json,8032,74b257040c352aa72c9dee4093ec30fdba2d5b88ac5bb68b6d3b5c9cfa2c1a4b
data/reference/revision_v39/experiments/final_benchmark/2020-11-29_40_no_reuse.log,2830,b4b5f753e1a6440d43e868ac33c05d55f3dab2b6e4e88c9fd07c4b202a734fab
data/reference/revision_v39/experiments/final_benchmark/2020-11-29_40_reuse.json,30912,60524f3a07249f55a96f314a2feea81e752d3cc72c74b81386d508bc5cc7817c
data/reference/revision_v39/experiments/final_benchmark/2020-11-29_40_reuse.log,2510,9387b1ce25988777228aeb1998927d6d627c7e25b1fdc4a077473e6043691af4
data/reference/revision_v39/experiments/final_benchmark/2020-11-29_5_full.json,1750,68c95c075e6ec705184b4979438f303a3b898c3ffe41de29f3e3ed70639b9581
data/reference/revision_v39/experiments/final_benchmark/2020-11-29_5_full.log,53,f2760a60078e87dd6586fcb8dccc532332560eba5413b415df7679b26ce788ed
data/reference/revision_v39/experiments/final_benchmark/2020-11-29_5_no_reuse.json,3636,333ef97a1e327c6c0eebd93445873f78fa9b7c95c8c01ca956ba23851cce89e4
data/reference/revision_v39/experiments/final_benchmark/2020-11-29_5_no_reuse.log,58,ff65fd4349b8619f6d8f0c1dce73fe007a45bf536a53a66bd30ba458d6ffafbc
data/reference/revision_v39/experiments/final_benchmark/2020-11-29_5_reuse.json,5737,343e0c3852f6efcb9814bc85f2a16190e9b3c4e9ec406989d0ee38f1a97a6fdd
data/reference/revision_v39/experiments/final_benchmark/2020-11-29_5_reuse.log,1557,36e34e3e0efffbfc3ea5a4462fe78b9f98c26620777030415af821d42e71ef0a
data/reference/revision_v39/experiments/final_benchmark_amendment.json,491,7e400e7ab35f18abf624ef8ab88715941b51ef654b216c669ee3c95225c2fe46
data/reference/revision_v39/experiments/final_benchmark_amendment_v39c.json,422,839f83fb189ef0913d92dab9a9f573e94fed6f87dba754343da7a15aa2fcd7ff
data/reference/revision_v39/experiments/final_benchmark_protocol.json,1642,20a4328b279304818b7ad32c25c2bf94d136058d0cd00821ac91d9c4189b774b
data/reference/revision_v39/experiments/final_report.json,1112003,e0e54665ecd0a0084d2eb5f89707936416b07c39cfa7ef8a8feb91636dd55e20
data/reference/revision_v39/experiments/joint_calibration/2020-04-07_20_reuse.json,22306,ed29642a5abf627941a0b8a5843d2a229c1677a3f34cbbec5c9a0bc261c0dc5d
data/reference/revision_v39/experiments/joint_protocol.json,1027,dfae364d144a9e0e20b4682baae411cf801fadf8c24fea6b92fb43f57446e122
data/reference/revision_v39/experiments/log/2020-04-07_4_reuse.json,2279,ff0991dbc0a2e2c7f01d71757c35ed2cc084a28851ad92b6a211a989bde5c955
data/reference/revision_v39/experiments/optimized_calibration/2020-04-07_20_reuse.json,3443,862d541c46c67d8c098ef6404670b67b72c1ff8f522369600ea565edf71389dd
data/reference/revision_v39/experiments/primal_calibration/2020-04-07_20_reuse.json,6427,c105cfaabbaf6a7ea88ccc4135871d008a832294d978bc8b81e5b6ae7cfbf767
data/reference/revision_v39/experiments/screened/2020-04-07_4_reuse.json,181534,57c0eb486ceab9710440743f52832236bfee93d6822b99e414b2da02fe269306
data/reference/revision_v40/figures/fig_ac_carbon_v39_axes_audit.json,648,e10b1a61471a7d618d7bfaee831970b4cd05cc3a85390d41509a2356e5ecdd60
data/reference/revision_v40/figures/fig_ac_carbon_v39_data.json,7006,48034b69d4dcdfca646a3ac52e261f090f727e15d8bfaf29d8bc5bcee53e71f8
data/reference/revision_v40/figures/fig_ac_network_v39_axes_audit.json,2,4f53cda18c2baa0c0354bb5f9a3ecbe5ed12ab4d8e11ba873c2f11161202b945
data/reference/revision_v40/figures/fig_ac_network_v39_data.json,180205,9e79a27e05d2543ab2b35a5d23714bb85d1effc64985a137f754f6f7be525d11
data/reference/revision_v40/figures/fig_certification_v38_axes_audit.json,591,44cf9594b0711671aeb475ec7f9b9f67d8d8cb199d3b5b5637637bbf9f69d5bc
data/reference/revision_v40/figures/fig_certification_v38_data.json,1845218,e74b417cab3df8b86b0bebe18546a057fe78cd04c1d64239b36cec8ac47c9dba
data/reference/revision_v40/figures/fig_oos_v38_axes_audit.json,594,7388a451043d9eb554be60f3e97cfe6e958128d694f48d075fc3143fb3e857ad
data/reference/revision_v40/figures/fig_oos_v38_data.json,105905,9c26adc044d098b51f6630745670e74a37588743e585aa541798eff42dce4119
data/reference/revision_v40/figures/fig_scaling_v39_axes_audit.json,555,1c7d8078d2f98108f27fc98e39c2432d967ca45423955f365eaca8c03df44c75
data/reference/revision_v40/figures/fig_scaling_v39_data.json,388166,4e9877a3ccc8b21ce2923f69b94b2b8c89141c0455dfb7b2179ac8548efaa295
